order_id,order_item_id,product_id,seller_id,shipping_limit_date,price,freight_value
5804550b6c0c32f90dfabe46dbd3e865,1,7317591a3283daa4e212ab7c9d361cb6,dc8a49225005680f24c778a59b4e164b,2017-03-02 13:00:00,120.83,33.62
348f9ce0603bc183bd75f95ccea95510,1,b3eda8f1026b5383a301ec030e5d8c6a,10d4de39161237c9e25df9a89ca8a5c4,2018-05-11 23:00:00,30.66,31.36
efa52c8a56a049431c687714e2901d96,1,c2e79a985c238d8d71da35b94eea9db8,3de2885951b1943c1b2ededb8fc85fc0,2017-01-25 11:00:00,37.32,21.85
efa52c8a56a049431c687714e2901d96,2,fc737d9211ab3d11e4eb8000ef40d162,a417c09380a8a23d17eaec838892042f,2017-01-25 11:00:00,89.69,27.81
868592d25fb68406b6658a3452630028,1,fe54ee4b80ff517323dfecd70e731dd7,9e3c5a886aa56e6d92779574c4576cc3,2018-06-11 09:00:00,230.15,15.67
6d150b06561c9af39f021a1983239ba9,1,79db78628d7dd772608e2f5c61177270,5da39a73ba3df7ff43b47ee5e1e89e7e,2018-06-21 00:00:00,41.51,31.88
30cdf14946434f21d86f4bb4aefc6ef1,1,24f43c62b523c0dedb87d29c4cfd0fc1,b048faa112ae5c22741b77f54c24a053,2017-12-09 12:00:00,19.08,15.77
7ff2e80a027a76dcbce0caeff17fa5c0,1,f6eab3a00153922123310a28c550eca8,dc8a49225005680f24c778a59b4e164b,2018-01-22 15:00:00,236.42,19.09
1ab444a72be26bd117deace84dfd3ecd,1,3ae2802354720d2d32399ffb27046f25,0cf477ef18c8a61624108e9a3f779cae,2017-12-04 23:00:00,184.8,15.62
798b2f02aa2fd9d1b5ad09f5d161a381,1,54bbbcf828fea7618d49fe3f2ca8f783,22498f666e51484d1b84edc3d8e049de,2017-08-03 22:00:00,35.92,27.46
a8b97820e92c5b92627967a3753439c0,1,564cfbd2bc92fd81039b058c2faabe0b,f67294643f8ea40a6b0ae0e39d896047,2017-09-14 23:00:00,31.98,18.8
bfeeb533acf59149b1c9d0dca38cc35f,1,01bb819c4dfe111722af711f1b628a9d,3eb051817ba245884d560a3df4e7069a,2017-08-06 02:00:00,102.75,32.8
ad68fb4502deb2e6c37a927babe05b22,1,3f8c1097c4da2c2e1bffa27915c1604f,7318b96d447906121f5d988f776abf09,2017-05-12 07:00:00,79.79,9.77
ad68fb4502deb2e6c37a927babe05b22,2,e3ad64d4eab9eb022f1dc1217d024c6d,9e3c5a886aa56e6d92779574c4576cc3,2017-05-12 07:00:00,142.05,11.8
0b44676d2ac39be9b958d1532afa5f6a,1,39b02e2ad96e684f3db0174e7938878a,4ddb1b36272c058884a2576c1fc905f8,2017-08-17 06:00:00,197.43,23.83
693da46c37f39aace2ad828b113c9f25,1,e9aa144b9dd43675ef145064aab07015,3de2885951b1943c1b2ededb8fc85fc0,2017-11-27 22:00:00,83.68,11.51
693da46c37f39aace2ad828b113c9f25,2,21c71aa3741423b50e3e25f2cf0671c7,94a53fdef10d27c89780c2152b2bb8e9,2017-11-27 22:00:00,170.11,43.98
b462931f966456be80e022c83b803c61,1,ec95b3ac0beb7c3445667c4879ba630a,3eb051817ba245884d560a3df4e7069a,2018-04-16 10:00:00,186.51,10.22
8a1055c534b0738e3e04078257bd0ca8,1,2e0fb5b38bae591eff4cc10f979c30cf,6929de738693fd9d7a89cbebb807d78a,2017-10-25 21:00:00,47.51,8.22
4d9802023fbc75e09b1911122d2ae08e,1,40afbf3f3df519674d8670bda2224f96,83d5bceb5edbb8eec2baf0e02179e3f0,2017-11-17 19:00:00,62.31,24.33
4d9802023fbc75e09b1911122d2ae08e,2,a205e54fb1e8c09dbc20b9f24a9c589e,2138afe08d38bbd8fba6abf7cdbcc653,2017-11-17 19:00:00,282.94,38.33
4d9802023fbc75e09b1911122d2ae08e,3,b93b17fbf76d15fd7d1645a0d253d966,66124ab4f9b21e6e586a346adc5be7d1,2017-11-17 19:00:00,138.07,11.08
7dcfe9245fcf5c22b9b03c1abaf9706d,1,89628f6e929c93b333c08bf18167999f,0a8bb5b490494583ec86a890d7b00bdc,2017-06-12 19:00:00,90.47,9.44
073bca43ad2a3a7cb4e10c33a1861de1,1,60a399d4e821e716eac80da1de9f6f5b,77a7e8b75e70f65f9280c5aa8dd4595b,2017-09-09 11:00:00,32.39,32.52
16c068e8de922cf1ba47680feca04629,1,2e0fb5b38bae591eff4cc10f979c30cf,77a7e8b75e70f65f9280c5aa8dd4595b,2018-08-28 03:00:00,60.2,44.52
16c068e8de922cf1ba47680feca04629,2,16591c8921ebfaa91a2bd69c450f69ee,c48d56502e9522d696792482a3c988e4,2018-08-28 03:00:00,60.74,18.67
2a873e02a2ed50b9de4cf8bc1bf43b9f,1,8fe069b6eedaa8024568f42689e03e22,b788f5d1ffe575f665edcfe34f2dad3f,2017-09-27 15:00:00,36.34,36.14
50b281c0ffdba2ee57d3ec63e3e103bb,1,0592bfa5b928e23f4ee4334ece920136,2138afe08d38bbd8fba6abf7cdbcc653,2017-12-17 06:00:00,172.45,38.91
f521cf35a358c4d3fc76627b00cd11a8,1,47c1c01760452909536d47d73e0f84ce,14cb056407437c3bdd20c3bfd342af08,2018-05-14 05:00:00,201.31,16.64
f521cf35a358c4d3fc76627b00cd11a8,2,b1fead13f280df1d9a6c0db952171c88,0cf477ef18c8a61624108e9a3f779cae,2018-05-14 05:00:00,362.61,20.89
ac4dcd33d51528af4d25298f164b85f0,1,5c0b9b10a757cb1042f525b902ed73ce,5128b9b1f8ede0ca20156a7212e153a6,2018-10-19 09:00:00,48.2,42.94
394b5d35df377ff855327432b118cad6,1,05c8234b1d763a66b5f59cb0cf685878,ac2a4f71a77d95f1d7c4fe9ce1e0fffc,2018-07-08 20:00:00,124.44,31.76
93b0d27e61547769f43dd74050392a8c,1,dabf984e53ff84612a1f1b61265cb9d9,b048faa112ae5c22741b77f54c24a053,2018-09-01 05:00:00,46.63,37.51
bf3f51d52557c82c488c6ea499f9a338,1,f166cdcf762cdfbcba2aa7baf3f81c31,46426c458d03f17af4d375c1a29319fa,2018-11-26 18:00:00,126.88,38.66
bf3f51d52557c82c488c6ea499f9a338,2,49646b96fa3c1628892621df465568b7,8d2238e6c7bf4fbcd43cdd6de0c1ff1e,2018-11-26 18:00:00,115.53,44.3
bf3f51d52557c82c488c6ea499f9a338,3,b2414482519894d886433603c92a7d7c,f67294643f8ea40a6b0ae0e39d896047,2018-11-26 18:00:00,130.33,35.11
592aa87bfd853cf8793228b9ad8ac4bc,1,a3422e509e2a73240f79a8a75f8a14bd,7781321e83c501cbfef7d9ea7f8e5483,2018-12-31 08:00:00,135.73,11.6
592aa87bfd853cf8793228b9ad8ac4bc,2,c777a07f6346d4ef69ef74e34ab6821c,f67294643f8ea40a6b0ae0e39d896047,2018-12-31 08:00:00,33.83,29.35
faf36aec1e0a71570d6ed01ef1efa963,1,47c68688ecf32053af36b8cc13087974,7f53a88e4efc8248e10b1a477faeb748,2017-03-04 13:00:00,70.1,43.32
b198047f4612d4247ac067a69297eaac,1,389589399342a09fb00ac64c949cd8d4,80bbae526ec0126921084dd9f75d1e3c,2018-06-09 01:00:00,53.71,20.03
ccee6b1c727dda848e023ef0015ce9f4,1,89628f6e929c93b333c08bf18167999f,67f5ae02af5b8f47ceae71cfce000af0,2017-05-03 06:00:00,19.07,11.13
9b2e18c05a24591dff2e1955fc6bc66b,1,57d337d34fd80bbb592c11072444d301,4ddb1b36272c058884a2576c1fc905f8,2018-08-15 21:00:00,14.26,43.42
b261ad5ca214245cfecfdd7244f760a8,1,186b2880ab545a15669d01ff1634725b,3240d7a14027ab7d143029a9d88f1c94,2017-05-31 15:00:00,67.12,30.33
ba73aa4e86c71c162cfcbb3f1f9deccd,1,df4e713ef64e3dfcbfbeac7aefc59738,c48d56502e9522d696792482a3c988e4,2017-08-21 06:00:00,48.89,11.67
f978d269a3a22f35b9b513c7eb1efddc,1,89b5aab0c12169db2f12b150605fb1eb,9d4b2bf94d85e9c7a0017720200b2903,2017-05-30 12:00:00,74.01,23.83
6c8a30c1f2ca2002f650885202bce2e0,1,d3f4a49b33baba8836c7d6fa7aa4f052,d040158728e213bce6fdd7afdd84cacc,2017-10-23 16:00:00,52.56,41.7
6c8a30c1f2ca2002f650885202bce2e0,2,a590fd3cad6ecc57a520c3d0fbcdbf5e,dd39d7936257a4a2f204be894a4b5563,2017-10-23 16:00:00,59.08,20.77
6c8a30c1f2ca2002f650885202bce2e0,3,2a9528c35ae1dbadaa2960fda85894df,5da39a73ba3df7ff43b47ee5e1e89e7e,2017-10-23 16:00:00,107.95,43.69
919fa02ea194c7b1bcef40f800926d61,1,4ccb235539d1c7ffb27e1442fd7fe973,22498f666e51484d1b84edc3d8e049de,2017-10-30 18:00:00,68.2,11.97
89534e152ea37b78e466c9376da7c95b,1,8a2db2e63bfda8a6705fddf566fadca0,7740d8317331874912fc7a87a4704d48,2017-08-24 18:00:00,63.98,40.21
c7c432a0c3af3d93c0476d80532bd70a,1,6aa0426df7c0d5f769a53b4f8ff8869d,b788f5d1ffe575f665edcfe34f2dad3f,2018-07-23 07:00:00,33.71,8.51
1d71f339c44842af47f8b6f13fdd0e2b,1,27b608dc589decb075eb89c23f5cf2f3,d4d607350e2f8958de431e06e9247069,2019-01-25 13:00:00,305.94,26.59
38c6430f3b3ed7bdfae96dd3a2209a31,1,12d15585b68e47fa3f175534cc4d5819,f28e41225894f7f139b86bb2b596ca7c,2017-02-24 03:00:00,47.46,20.99
c53d1af98d40aeb2aed690cc037f5347,1,5fa5e0aa9b11b530fd247c11bf6b8cdf,20da897258321ee48471b4b0ae1b9f69,2018-01-11 20:00:00,95.68,22.21
b62b9f628ced48ea6b0ffa793113b13a,1,f6eab3a00153922123310a28c550eca8,c48d56502e9522d696792482a3c988e4,2017-08-01 17:00:00,14.6,26.64
9b72a9fe669e098d63e73896c784ef4b,1,5a2837b2cb8383f2bb96f6022b115c36,ac2a4f71a77d95f1d7c4fe9ce1e0fffc,2017-06-20 19:00:00,59.78,27.43
f8e351ea9aebbc3ea1f7815758f34359,1,67c0518b17efa621081c79d4c27437eb,ef4afa885299e5052976aab22a26f770,2017-09-17 08:00:00,57.09,38.19
c0bde748dbb464a3cec79642a13a9da2,1,6c93a7918b60c511b8168aebac6a7c85,d4d607350e2f8958de431e06e9247069,2018-03-31 21:00:00,72.95,38.18
232585b486daf596b96c2da019a8ec19,1,3d4196fe963a8617bdab07e79d9d028e,64ab851bf1fac6e7170d750705eee1d4,2017-09-14 14:00:00,122.27,42.73
1f81e0978b2a3730a0a2e9bd447809c0,1,14a34f7fd90dd19bd3fbe043af1d5a1a,7318b96d447906121f5d988f776abf09,2018-05-07 05:00:00,45.18,22.26
1f81e0978b2a3730a0a2e9bd447809c0,2,c3093b6e37e9d2e2d35ac07aaa0217d0,3eb051817ba245884d560a3df4e7069a,2018-05-07 05:00:00,165.34,34.45
e4a35a102674d1ff6cdcd3beadef5777,1,186b2880ab545a15669d01ff1634725b,64ab851bf1fac6e7170d750705eee1d4,2017-07-07 22:00:00,73.58,17.82
5a44914362908017c47d336f2e8f2f7f,1,389589399342a09fb00ac64c949cd8d4,6a662fce7089fc6d2877f5d90f5675f8,2017-10-17 17:00:00,188.31,28.33
2233212af5264ea279533cb78ef1a114,1,a42d0cd7fd359f6a7450388748d90846,28caaa1dc35bec2c3098f7b2500e15c0,2017-01-06 07:00:00,155.74,38.63
d4c0df2891b5fcb40331bd0d13ba8d24,1,3d4196fe963a8617bdab07e79d9d028e,46426c458d03f17af4d375c1a29319fa,2017-02-02 08:00:00,46.17,20.48
fa59607b60a7ca57858117a1178926f3,1,dcb9075ecdd7f460614077d39ec4ea48,a45409374a27ebf28baaf744a08dd21b,2017-08-24 12:00:00,158.55,39.14
c1ab639802cf63a898dc4031363fbae9,1,c82f78fd936cd31cf7bf52447db2a7aa,10d4de39161237c9e25df9a89ca8a5c4,2017-09-08 15:00:00,81.51,44.5
2672a20cc66a5821ceb7f2d6808eadf2,1,39b02e2ad96e684f3db0174e7938878a,22498f666e51484d1b84edc3d8e049de,2017-12-11 01:00:00,47.41,11.45
91206a372703c75df540838e13331679,1,649f7d888989c5abfe2b34d82db0728d,8fd33afc91fdfa4f0d18ab95668c8477,2018-02-02 22:00:00,217.51,24.83
db646a3368b666d666a3f3db496042b0,1,44d7df9a238b05b72b64777c6177a771,48b763d5e519dd7e84d67c4ff0df1684,2017-05-10 15:00:00,55.75,23.29
77eee00f7743c1045953ff9017efd203,1,47c1c01760452909536d47d73e0f84ce,4ddb1b36272c058884a2576c1fc905f8,2017-03-17 21:00:00,39.87,19.74
77eee00f7743c1045953ff9017efd203,2,098c60b3efc9909ed9af6e09b91e3d6e,6a662fce7089fc6d2877f5d90f5675f8,2017-03-17 21:00:00,125.22,18.3
67b2916c461ea8aa11baf6162448ef43,1,c36b9a0a41e02a89566a9ce7af521b94,c48d56502e9522d696792482a3c988e4,2018-03-15 06:00:00,190.28,43.64
67b2916c461ea8aa11baf6162448ef43,2,8de1596c5a9a206a16f142a206b919aa,9fddde2ea8a2b7ad2bd3cdcd27794685,2018-03-15 06:00:00,69.81,37.0
1d15571c51001ab9dd42da677fdbabc1,1,bd1a8f4b88ffbd403b72c86d92fa675f,4ddb1b36272c058884a2576c1fc905f8,2017-01-20 01:00:00,122.78,29.4
1d15571c51001ab9dd42da677fdbabc1,2,1e5ebe5459077299dc3bbdd8a74e02a9,66124ab4f9b21e6e586a346adc5be7d1,2017-01-20 01:00:00,111.62,33.77
1d15571c51001ab9dd42da677fdbabc1,3,bcc57be00779250a6544e3136ea05d13,77a7e8b75e70f65f9280c5aa8dd4595b,2017-01-20 01:00:00,56.95,43.24
8d8142152d4900585f84e3c56daa8c7e,1,a38295d31e0ef546b0b6dedf4f9c4027,932cae01d2c65ee468d0a2a8c4e7f7dd,2018-06-25 03:00:00,65.39,30.95
32103c491d4ff1c8618e72a78d34dd83,1,61935990abdd1a8fa4b05c89f10bce9c,67f5ae02af5b8f47ceae71cfce000af0,2017-10-27 16:00:00,140.69,42.77
6e15c527fe2a0cbc927ae04ef58b8c61,1,c194f97f00e3a026d5b6de85390239d9,14cb056407437c3bdd20c3bfd342af08,2018-06-19 11:00:00,83.32,31.54
97e1bc36c520d50fa0ff349802f4298f,1,79db78628d7dd772608e2f5c61177270,80bbae526ec0126921084dd9f75d1e3c,2017-12-03 01:00:00,29.13,31.37
e504d1c64312153d484f7f7c244f52f4,1,44d7df9a238b05b72b64777c6177a771,3da06476f778c676750d112e8164ceec,2017-04-28 16:00:00,111.22,19.6
05e5d46189344b060790eeb49b2a1376,1,dabf984e53ff84612a1f1b61265cb9d9,3240d7a14027ab7d143029a9d88f1c94,2018-06-22 23:00:00,54.42,34.93
9569f8cb1a574cee64903d65f63d3295,1,26a9e100b509109b116658ce3b3f3800,83d5bceb5edbb8eec2baf0e02179e3f0,2017-07-26 15:00:00,183.43,35.64
5b9525062f981e44ca782f586dec4b0d,1,24f43c62b523c0dedb87d29c4cfd0fc1,5716dc2e343ada2a76e5ae787bf7e1d3,2018-02-15 06:00:00,47.5,37.42
7fa797087e7279cecd7f65f60cb68029,1,548e1f6b69ce1e4e19a692c90d700ea4,7318b96d447906121f5d988f776abf09,2018-03-26 18:00:00,86.82,8.79
146b9fbc667cf7885887f3d2c0f1fa3a,1,e723ada38c32bdb2d42a895e0fcf601f,98f6fd7f7eb162f14806f8040cf0374c,2017-04-12 23:00:00,48.82,43.78
e2213776427ae4720d700c8bde36390a,1,ac3a812f765e6cb58f0d55400ec7d662,fcef1972bbf483ce51beb80eb7e6a14c,2018-01-14 20:00:00,140.48,33.85
4bd600e6c425d02043892f66178029e9,1,dcb9075ecdd7f460614077d39ec4ea48,0c74dc0f5a57553995560a2d3713b466,2017-10-20 21:00:00,73.01,32.81
c7af75de33f92a87837261239ed7a652,1,5fa5e0aa9b11b530fd247c11bf6b8cdf,28caaa1dc35bec2c3098f7b2500e15c0,2017-08-16 13:00:00,82.94,25.06
c7af75de33f92a87837261239ed7a652,2,54e38579c0afd193f780ef2f664d5922,9e3c5a886aa56e6d92779574c4576cc3,2017-08-16 13:00:00,68.49,25.62
98139b312d389d1f6716d461307fc576,1,bd1a8f4b88ffbd403b72c86d92fa675f,dc8a49225005680f24c778a59b4e164b,2018-02-01 18:00:00,50.02,12.26
2f615360182047f700cb9caabbdfb574,1,49646b96fa3c1628892621df465568b7,5da39a73ba3df7ff43b47ee5e1e89e7e,2017-12-28 18:00:00,17.8,14.17
fd8bb697ae1782f6913864740473b982,1,4ba172331ac3bf317b96e2d10649bcf6,48b763d5e519dd7e84d67c4ff0df1684,2018-05-21 14:00:00,47.33,20.98
07e95e6d7f71eef65b7117bd24421191,1,ea18d32c7a9a8ef5c11bd1c4ffe3f366,0b95017c5dae1201673ba8bdc38c1dec,2017-06-06 12:00:00,13.88,27.5
02223c10f82f2dc31c35730b49d52453,1,b7f60cdf41dc1c60a5f60735757b6b29,3da06476f778c676750d112e8164ceec,2018-04-14 15:00:00,81.07,26.01
b69415c7160452b7f424b79c27b0816b,1,1901ef870dbf0caf588a3f87f96d40f8,5da39a73ba3df7ff43b47ee5e1e89e7e,2017-10-21 15:00:00,25.21,22.29
2ef17a908bbb8f3f760e36aaa0d980ba,1,8d93e14a5b1671583a67470c7d98302f,e3954cb17f7f6c0a07c0d116a394ed54,2017-11-06 22:00:00,68.32,23.56
67273710203d54c96485525ed858f464,1,b8e19f568787ea2104482a220308aa5e,0217ea0e896490ab4926ce5f78786140,2018-07-17 08:00:00,152.5,28.92
9fa870407c260521ce3ce7ce01a6c260,1,40afbf3f3df519674d8670bda2224f96,9e3c5a886aa56e6d92779574c4576cc3,2017-11-06 23:00:00,36.77,25.53
3d9d542aa84fa67fbe9e01a9d18c7fde,1,5c11ab6d42f5b3f54ef4c34d5bf86f3c,14cb056407437c3bdd20c3bfd342af08,2018-03-25 03:00:00,19.4,21.59
0255b13b46e32efc75566ff1b91ace28,1,14a34f7fd90dd19bd3fbe043af1d5a1a,7318b96d447906121f5d988f776abf09,2017-02-13 22:00:00,62.79,32.27
b2a0f8512121cc4f425ca2e38682d62f,1,11b461e9b15da72dd4cee27c4a94ae9f,8fd33afc91fdfa4f0d18ab95668c8477,2018-08-17 16:00:00,111.72,32.61
12a85ff7bffbbc83d8c8018409943e76,1,a137f8e467b13040cc39b9253b5ae288,5716dc2e343ada2a76e5ae787bf7e1d3,2018-03-12 13:00:00,114.23,44.59
917bc86668747b44c63e23bf5c0c309c,1,0b7059334cde1b6b1132567c51a40d2a,ac2a4f71a77d95f1d7c4fe9ce1e0fffc,2017-07-31 03:00:00,88.55,21.03
b409b85563f2fc26405a8f9ed4018a45,1,e3a68a707e710b558639bd418b15bd94,6a662fce7089fc6d2877f5d90f5675f8,2017-01-27 12:00:00,241.14,22.77
b3fdc2b89c291269e781c4cc9058e121,1,48769153c68813fe52555c758d55119e,b89bdf7f93e34c35ef0a573d53d2d56d,2017-03-08 08:00:00,20.43,43.02
7b6fb65b8d70600f04a1dd66bce88f22,1,eb4d8f42873570a2e51109611869a217,9fddde2ea8a2b7ad2bd3cdcd27794685,2018-07-07 19:00:00,30.43,41.19
5983ce94506a8dd30b31324f485835db,1,f166cdcf762cdfbcba2aa7baf3f81c31,d040158728e213bce6fdd7afdd84cacc,2017-03-03 09:00:00,33.97,28.11
14150ad9479fea147c781b989f32fd3e,1,0ec0713dea2c7a517688d11fce4758be,f67294643f8ea40a6b0ae0e39d896047,2017-03-02 15:00:00,28.39,13.25
611b92ab34aababd397574330b5ed148,1,bf337a151e086f20bdd151b0f64ab6ec,3da06476f778c676750d112e8164ceec,2018-05-28 13:00:00,124.73,38.64
4295f5c984d77929c4ddfe54917c4f11,1,b0c07fcc96add4dfadf75924c5b8386b,46426c458d03f17af4d375c1a29319fa,2017-10-27 05:00:00,104.1,44.96
f74445960979140877689441024559a5,1,bb2aa1462999394c54a7b69b1cd66b09,9e3c5a886aa56e6d92779574c4576cc3,2017-10-04 01:00:00,33.54,19.62
f74445960979140877689441024559a5,2,f166cdcf762cdfbcba2aa7baf3f81c31,20da897258321ee48471b4b0ae1b9f69,2017-10-04 01:00:00,11.27,18.22
db847c06d84d6427adaad2f90420521e,1,e9aa144b9dd43675ef145064aab07015,dc8a49225005680f24c778a59b4e164b,2017-03-06 15:00:00,62.95,16.77
e9707c9e266a8b90ee28b2f44a76a0ea,1,97777f10f2d2393f8e85140d0f9aeb70,0a8bb5b490494583ec86a890d7b00bdc,2017-11-03 22:00:00,75.7,20.73
89f9c43e6b074c79bbe43aa78c58fff0,1,73253aa3ec170298143df5b3a58e83dd,94a53fdef10d27c89780c2152b2bb8e9,2018-04-23 11:00:00,53.94,29.28
5cbf7ee6ea258d831391d18a8171d955,1,0426fcc9255b30e2bdc2b74b38a56b49,94a53fdef10d27c89780c2152b2bb8e9,2018-09-05 14:00:00,150.69,30.41
b61d1f438df8dff9c3f86f2d436c9e18,1,277eb0aaa247541dc8ad0899b630794d,9fddde2ea8a2b7ad2bd3cdcd27794685,2019-01-28 18:00:00,76.97,22.36
b33aa6b97a239f3cc1f6028b4a0efbe5,1,74bd0c938177b66137fe032c02571851,9e3c5a886aa56e6d92779574c4576cc3,2018-03-01 01:00:00,109.03,24.78
f1eef895d06176b30abc36fc24a887a1,1,95831d58ef4c51198da5d39b42c21797,3240d7a14027ab7d143029a9d88f1c94,2017-11-30 11:00:00,49.88,14.13
31f436eacc8abd6989b4db808a32484a,1,f186e47aa79463208cf6e8b87fd238c3,0b95017c5dae1201673ba8bdc38c1dec,2017-02-01 19:00:00,143.28,38.75
8349c078bc4b2732a170920c7416386b,1,bd1a8f4b88ffbd403b72c86d92fa675f,3de2885951b1943c1b2ededb8fc85fc0,2017-03-21 12:00:00,76.41,28.65
842ca512f369c68316b5cf7ae0389eb7,1,bf337a151e086f20bdd151b0f64ab6ec,83d5bceb5edbb8eec2baf0e02179e3f0,2017-08-25 09:00:00,45.3,23.47
e595e3fae18258d2f681db3f1cc41c62,1,ae27d4321dc1e7eb711c767385351a69,7f53a88e4efc8248e10b1a477faeb748,2018-01-06 02:00:00,103.32,22.73
42bd31c4660fdc406cd9dc3f7123bc96,1,8ed8a80d84cfee39bf31c29f82bbad84,4ddb1b36272c058884a2576c1fc905f8,2017-09-30 05:00:00,67.2,40.4
89238eb6d690efa92830affafc37337a,1,bd1a8f4b88ffbd403b72c86d92fa675f,ac2a4f71a77d95f1d7c4fe9ce1e0fffc,2017-02-23 14:00:00,17.05,42.78
d17bd6cc2195e07366979d0fa7c02a59,1,ec50ace480a52e65afa2855967c96204,28caaa1dc35bec2c3098f7b2500e15c0,2017-10-08 07:00:00,152.42,42.0
7bbccb5d474f92058f9d737568054a24,1,bcc57be00779250a6544e3136ea05d13,2138afe08d38bbd8fba6abf7cdbcc653,2018-01-27 07:00:00,260.65,24.73
7bbccb5d474f92058f9d737568054a24,2,1bff3142a5e15b5557d3f4ddd963dc72,5128b9b1f8ede0ca20156a7212e153a6,2018-01-27 07:00:00,61.35,21.68
7bbccb5d474f92058f9d737568054a24,3,725d42593c4b1eec6231ee7342c2d2eb,5128b9b1f8ede0ca20156a7212e153a6,2018-01-27 07:00:00,98.85,37.96
b062259e524a16520958b354268e81b4,1,74bd0c938177b66137fe032c02571851,e3954cb17f7f6c0a07c0d116a394ed54,2017-09-18 02:00:00,80.73,32.12
3286af002a8be2891f19297ebf86ad63,1,1901ef870dbf0caf588a3f87f96d40f8,77a7e8b75e70f65f9280c5aa8dd4595b,2018-01-21 07:00:00,68.72,28.24
ed55169f54867db3efaaf79135eb0106,1,ec50ace480a52e65afa2855967c96204,6a662fce7089fc6d2877f5d90f5675f8,2018-01-14 16:00:00,190.8,14.94
41374168ef2ecdc9673c984bc4596172,1,3f8c1097c4da2c2e1bffa27915c1604f,fcef1972bbf483ce51beb80eb7e6a14c,2018-03-16 14:00:00,48.93,11.79
dfe6b58979b8023d2a3189ba24b17e45,1,548c1d84340de049414765063e2bf9c9,5716dc2e343ada2a76e5ae787bf7e1d3,2017-08-11 04:00:00,69.71,36.12
8ed2de161ec80917af7440014023539b,1,0b7059334cde1b6b1132567c51a40d2a,22498f666e51484d1b84edc3d8e049de,2018-03-28 13:00:00,130.08,23.69
80b710a640f66fdeea7255845e6e187a,1,4988e418f6c31218c1836315330f8be1,0217ea0e896490ab4926ce5f78786140,2018-09-24 12:00:00,53.05,29.17
b4a4cb8027379316b69b8391e4ee8f51,1,a175a9c3d7b102a92332a50e6992896e,5da39a73ba3df7ff43b47ee5e1e89e7e,2018-11-16 21:00:00,24.84,8.62
8166356cb04fbce932dcea5b9bc88efe,1,01bb819c4dfe111722af711f1b628a9d,932cae01d2c65ee468d0a2a8c4e7f7dd,2017-10-02 22:00:00,55.56,11.19
bcf4ced1c17e3dc0bf5628b930eb0400,1,c6ac1b04dd1d6cd1c11f6bf5379ef467,80bbae526ec0126921084dd9f75d1e3c,2017-11-16 22:00:00,53.14,14.97
58cfd9666f110436b3c28ec5fe66c4fa,1,86879aa914f573d0c9912032df85c777,b048faa112ae5c22741b77f54c24a053,2018-08-27 09:00:00,39.51,9.16
5ba62f73e9c41f0d2fe68a5219a7361b,1,4ce953a722d90db3982a2277f966d59f,98f6fd7f7eb162f14806f8040cf0374c,2018-03-14 05:00:00,112.21,35.05
e2f7e7ea4cf2fdf8ec1f5d972a983090,1,f5948a545f804eeb143a9aff659b0105,e3954cb17f7f6c0a07c0d116a394ed54,2018-08-21 10:00:00,187.64,36.34
afd13c738cc19913788664f31993edfe,1,21c71aa3741423b50e3e25f2cf0671c7,14cb056407437c3bdd20c3bfd342af08,2018-07-27 17:00:00,109.87,12.75
c06e6481996337aa9c4e166200684d9c,1,5c56d9bc5111d31d63be441dbd5a0c9e,8d2238e6c7bf4fbcd43cdd6de0c1ff1e,2017-08-31 13:00:00,64.44,32.2
20f5128d51abac77292fadf7032124e8,1,86879aa914f573d0c9912032df85c777,66124ab4f9b21e6e586a346adc5be7d1,2017-04-19 08:00:00,65.85,23.72
3296c4c04201938b971444b7b522f610,1,e6b9d31a361f6d903ad1fa330ae4ac11,48b763d5e519dd7e84d67c4ff0df1684,2017-03-27 23:00:00,187.81,9.85
656e5170bd1a2704880136fc095f6d43,1,73253aa3ec170298143df5b3a58e83dd,0b95017c5dae1201673ba8bdc38c1dec,2017-05-06 06:00:00,64.69,43.96
1429ef31b9b3c0eefaf2be80833bde78,1,8e96922772e76b516e54ac6d2ff8e87e,7740d8317331874912fc7a87a4704d48,2017-11-14 00:00:00,28.18,40.67
1429ef31b9b3c0eefaf2be80833bde78,2,6b15c11bb113d50bdea050c6eb9ed274,6a662fce7089fc6d2877f5d90f5675f8,2017-11-14 00:00:00,188.51,44.81
48f006a3ad9f0e532e671517e8e52412,1,c5144d98b41c504fe346f415e5267a2b,ef4afa885299e5052976aab22a26f770,2018-04-19 17:00:00,57.64,31.49
be1924aadab712f6764231c326daf6d1,1,d18183d1ac2b0cfcc5c51060991121e7,28caaa1dc35bec2c3098f7b2500e15c0,2017-12-21 03:00:00,111.17,20.78
21b6eb84899fad03ebd235736012a24e,1,1375ee90d6b361e43b6dca0d6fe5040b,5716dc2e343ada2a76e5ae787bf7e1d3,2017-10-19 20:00:00,8.67,36.37
282f0aa6730f8b28ecaf549ed37dcef3,1,d218c9d6c093bfb024e9bcfd9647ff9f,fcef1972bbf483ce51beb80eb7e6a14c,2017-08-23 17:00:00,69.43,41.57
f3ac2f5e1749939daf326af578cf536a,1,636f6e5c2253e70687ad8b268eaa5841,80bbae526ec0126921084dd9f75d1e3c,2017-12-05 18:00:00,130.75,21.66
eb8f54d8df40fe0454cd67b4d67f017d,1,edcabf9465f6ba53d226a8b3b674410d,6929de738693fd9d7a89cbebb807d78a,2018-04-22 23:00:00,56.39,25.4
c99496ab6db7fa7e70a6d78ba64e2384,1,c82f78fd936cd31cf7bf52447db2a7aa,4ddb1b36272c058884a2576c1fc905f8,2018-01-11 16:00:00,94.67,16.99
06a4093b49d693b1859353fa25e4e633,1,3ee82983d557424191ddb9bf613d2de9,8d2238e6c7bf4fbcd43cdd6de0c1ff1e,2018-08-10 19:00:00,84.23,34.38
9e5364dc7a1afd6767e56f19844e2e8b,1,2a9528c35ae1dbadaa2960fda85894df,a45409374a27ebf28baaf744a08dd21b,2018-01-11 10:00:00,195.24,14.26
d1a33332d882ce3cbf0aabdfd708bdc7,1,8567c80534f541c0c8c5eb2a7490adeb,6a662fce7089fc6d2877f5d90f5675f8,2018-04-19 10:00:00,32.42,10.49
30a4c4b0be3c7c84176350f54708b42e,1,8ed8a80d84cfee39bf31c29f82bbad84,22498f666e51484d1b84edc3d8e049de,2017-07-03 03:00:00,97.59,25.18
a48339f7c7036a4c7150f94fe2f2cf57,1,c82f78fd936cd31cf7bf52447db2a7aa,67f5ae02af5b8f47ceae71cfce000af0,2018-08-25 09:00:00,31.41,20.16
ac482af26e988798c2ac0d6d10c88179,1,8bea75c1b86677aa23d4526b2b54ff7a,a417c09380a8a23d17eaec838892042f,2017-11-27 06:00:00,36.63,19.37
84372286f4eabfa5535fd8d22839d888,1,01a25ed1c3abb5f10c6b7074ab102c9b,9e3c5a886aa56e6d92779574c4576cc3,2018-02-05 12:00:00,57.08,34.89
6d70881b52647c6f060fd3b65f9c11f0,1,60a399d4e821e716eac80da1de9f6f5b,a417c09380a8a23d17eaec838892042f,2017-08-08 07:00:00,65.81,10.75
ec7172e77028eb2d5e9432d689b3889d,1,c8d0f9e5991965ea98d00c2c17d30f32,f28e41225894f7f139b86bb2b596ca7c,2017-03-04 18:00:00,98.43,28.79
ad7bb3c532f0b15c554047fe5cb9635c,1,a590fd3cad6ecc57a520c3d0fbcdbf5e,b788f5d1ffe575f665edcfe34f2dad3f,2017-08-08 13:00:00,44.07,37.53
c7d4a10f8eec22a4f966f9c21796b7b1,1,255bfc1c7e3d5ee444b64ec14d16f049,22498f666e51484d1b84edc3d8e049de,2018-02-21 10:00:00,140.36,18.24
d40666259faa218001a069a24b37617d,1,c6ac1b04dd1d6cd1c11f6bf5379ef467,7f53a88e4efc8248e10b1a477faeb748,2018-07-08 05:00:00,121.35,27.7
a87da2af3ae8160aedafea5450b9e04a,1,c8d0f9e5991965ea98d00c2c17d30f32,14cb056407437c3bdd20c3bfd342af08,2018-07-10 20:00:00,136.21,9.82
a87da2af3ae8160aedafea5450b9e04a,2,89628f6e929c93b333c08bf18167999f,932cae01d2c65ee468d0a2a8c4e7f7dd,2018-07-10 20:00:00,12.11,29.84
5c1faf7b81c4dda8ccbf1dfe173e13d9,1,f50d7a37a44d9fecfd85d7fa8ac97b01,98f6fd7f7eb162f14806f8040cf0374c,2018-10-25 11:00:00,28.22,21.12
27dfc6e084c469b120c13845025fc70f,1,c194f97f00e3a026d5b6de85390239d9,80bbae526ec0126921084dd9f75d1e3c,2017-02-17 19:00:00,54.55,13.83
43e2ecafd767a0d7e8b2f81a5f88fe99,1,2a9528c35ae1dbadaa2960fda85894df,c48d56502e9522d696792482a3c988e4,2017-07-24 04:00:00,27.14,30.14
4fb9ef37002f4aeea308f1eacf367c1b,1,76492e64f55dce6d6d268b378f5242d3,d4d607350e2f8958de431e06e9247069,2018-01-08 12:00:00,130.13,35.7
fcd62aba93c1392f8453d8038519469e,1,edcabf9465f6ba53d226a8b3b674410d,3de2885951b1943c1b2ededb8fc85fc0,2017-12-06 22:00:00,647.99,35.67
47808b87beb5ba0f1e2964f1709adc95,1,409e7a8086c5d1d69ea9f50831227592,7781321e83c501cbfef7d9ea7f8e5483,2018-04-11 22:00:00,70.92,32.54
ddf194d4f75ef2cf153d5754f086424a,1,902f34650b5707209cd8758ba5a1c825,66124ab4f9b21e6e586a346adc5be7d1,2017-12-22 14:00:00,118.22,35.55
33c32015dbb93bf66c8c4bac9c130aa7,1,f48f709c49a224410ac4de854a5b1aff,6929de738693fd9d7a89cbebb807d78a,2017-08-24 10:00:00,70.05,42.71
33c32015dbb93bf66c8c4bac9c130aa7,2,564cfbd2bc92fd81039b058c2faabe0b,b788f5d1ffe575f665edcfe34f2dad3f,2017-08-24 10:00:00,34.18,19.53
f1c056ba95ff7d9dbd5a0760b9d9c1dc,1,a6aa59e5dc08bf29d2d33488d0c30018,ef4afa885299e5052976aab22a26f770,2017-08-24 14:00:00,34.38,11.8
b1020282b5b2e008e0516aaa2b1feecd,1,f166cdcf762cdfbcba2aa7baf3f81c31,98f6fd7f7eb162f14806f8040cf0374c,2017-09-22 18:00:00,104.97,21.41
b1020282b5b2e008e0516aaa2b1feecd,2,74797b6127372b527a6a210722319050,0217ea0e896490ab4926ce5f78786140,2017-09-22 18:00:00,120.0,10.1
b1020282b5b2e008e0516aaa2b1feecd,3,12a1fe7ddfa597220a1fc9df9a591974,9fddde2ea8a2b7ad2bd3cdcd27794685,2017-09-22 18:00:00,98.18,32.68
a48687d4cb295e19d694a5279720b88f,1,6afa828c2cd10b9febe5841fe9c96c52,9fddde2ea8a2b7ad2bd3cdcd27794685,2018-06-18 15:00:00,192.19,22.57
d9743ff074e5418dbaa380fa07438e60,1,60a399d4e821e716eac80da1de9f6f5b,4ddb1b36272c058884a2576c1fc905f8,2017-12-06 14:00:00,33.1,31.49
9f2e444a501bcf4467f3e4bfa3b31be6,1,72d3545861ea2f30e42e707afe2bd987,c48d56502e9522d696792482a3c988e4,2017-11-25 14:00:00,49.51,21.37
629f1962ebd795f5220e674e6591d99b,1,e1721c83ef5e4376a723fb72682b163a,3eb051817ba245884d560a3df4e7069a,2017-10-01 03:00:00,48.78,44.73
94b5933984c11826d910498c2fa17fe6,1,26a9e100b509109b116658ce3b3f3800,6a662fce7089fc6d2877f5d90f5675f8,2018-07-29 11:00:00,12.4,42.67
8dd7b77df9fb722da51c7d2ab3bfbdab,1,fa8dae42ba54e9202099d18087623997,2138afe08d38bbd8fba6abf7cdbcc653,2017-04-23 02:00:00,59.83,10.39
a96bc76137179e4565706108fc78090e,1,d3f4a49b33baba8836c7d6fa7aa4f052,83d5bceb5edbb8eec2baf0e02179e3f0,2018-05-22 06:00:00,87.41,19.63
b3700e9292f1da69674f6635f236b2ee,1,966be275c2fe8954cdfd9531302b7831,3eb051817ba245884d560a3df4e7069a,2018-05-27 11:00:00,31.18,34.17
5f868f8baec616940f2434918e9ff74a,1,aca58d95915a1c304b86b5a1ca6fbff8,80bbae526ec0126921084dd9f75d1e3c,2018-07-01 23:00:00,191.21,21.87
899f7cfbef6f5d6a09ed1c7c9f40ce6a,1,bab2b77dfa740cc8a43afb7ac40d4874,83d5bceb5edbb8eec2baf0e02179e3f0,2018-06-07 07:00:00,95.04,26.41
cf979ff07afd0718ebced334fb7b00c7,1,3f8c1097c4da2c2e1bffa27915c1604f,14cb056407437c3bdd20c3bfd342af08,2017-07-18 09:00:00,268.67,33.98
c94ee2f0fe068b4e7f63abb84e4f4dd0,1,df4e713ef64e3dfcbfbeac7aefc59738,6a662fce7089fc6d2877f5d90f5675f8,2017-04-19 10:00:00,82.96,19.61
51ffdef6b6608a3138b89fc4e47172b1,1,4b91b8cb6ae66582b852b3cd9442b5e6,77a7e8b75e70f65f9280c5aa8dd4595b,2017-02-19 12:00:00,152.87,33.51
ec13d7c3e1c7222342186e6dab24f74a,1,1139fa1234c1c3ea3d9c4e6404015ced,0c74dc0f5a57553995560a2d3713b466,2017-02-18 22:00:00,150.34,39.18
b70bc594ae4fd45ff48fab0641a9edd3,1,ae27d4321dc1e7eb711c767385351a69,b048faa112ae5c22741b77f54c24a053,2017-07-11 05:00:00,295.22,26.42
f979549bc44c5c7880ed319cef016e79,1,75366b9f320f72c09dde01889803b22e,d4d607350e2f8958de431e06e9247069,2017-05-30 20:00:00,142.38,14.49
514b30a9f6d4461c8c1046bf24b37794,1,24f43c62b523c0dedb87d29c4cfd0fc1,77a7e8b75e70f65f9280c5aa8dd4595b,2017-09-11 16:00:00,59.88,11.84
7d957e47aed14cec3cd7e0eabf817a17,1,905f9096299656e24c9d690713b22cec,48b763d5e519dd7e84d67c4ff0df1684,2017-10-22 08:00:00,43.32,35.05
f3cecaaf71a2f6c173cab4e3bbc3553b,1,54ce26bec8cce2c2a518a4186f14b3f6,5da39a73ba3df7ff43b47ee5e1e89e7e,2017-08-05 23:00:00,21.91,29.03
0d06d89169808e3c9fa3fe4bdebf96d3,1,1bff3142a5e15b5557d3f4ddd963dc72,7f53a88e4efc8248e10b1a477faeb748,2017-11-21 22:00:00,29.04,14.38
54ddbff40d81339dde952d1ddcbc5e3f,1,5a2837b2cb8383f2bb96f6022b115c36,5128b9b1f8ede0ca20156a7212e153a6,2017-04-13 12:00:00,65.97,14.48
611e6047790a474e6185e21be156df17,1,e6b9d31a361f6d903ad1fa330ae4ac11,6929de738693fd9d7a89cbebb807d78a,2017-06-02 14:00:00,164.22,44.55
853b0173fb66bcaf47be30eb836fad38,1,6afa828c2cd10b9febe5841fe9c96c52,3240d7a14027ab7d143029a9d88f1c94,2018-03-08 05:00:00,45.53,24.02
55ec2b7860094db3b265293e45314fd0,1,725d42593c4b1eec6231ee7342c2d2eb,0b95017c5dae1201673ba8bdc38c1dec,2018-05-02 04:00:00,49.14,18.42
b91d8c4c02781c40134e2bd9dd1ad072,1,a42d0cd7fd359f6a7450388748d90846,d040158728e213bce6fdd7afdd84cacc,2017-06-13 04:00:00,36.87,30.66
b91d8c4c02781c40134e2bd9dd1ad072,2,aaf407f70fe761493c7e5368b1594847,77a7e8b75e70f65f9280c5aa8dd4595b,2017-06-13 04:00:00,151.23,34.58
81f10d042f576e777148c0070faf26b4,1,e39836bbe23ddfaaefad49e9c41c147e,80bbae526ec0126921084dd9f75d1e3c,2017-10-25 04:00:00,45.3,36.18
29489bdac1199d43480d0cf3406d5351,1,d867888b7ff6b824152aeaec2bdfcb41,f67294643f8ea40a6b0ae0e39d896047,2018-07-02 02:00:00,106.45,29.76
68e438e05a575306b0dc80e80aee5a68,1,286ed390edd97a1afa585b278ce3e7c3,0217ea0e896490ab4926ce5f78786140,2018-07-18 13:00:00,11.96,22.27
28876b7f64694f537f5085e7058cdd44,1,811414f8d9df0d0e225aed6cf0458043,9fddde2ea8a2b7ad2bd3cdcd27794685,2018-02-09 08:00:00,12.81,13.91
a165c37d56ad3649289a2abca1aa8c49,1,ae27d4321dc1e7eb711c767385351a69,566e3cbe9aea622fe6e987cab87b6384,2018-06-26 10:00:00,52.04,33.48
f7294c21208bc725e6e005dd31c2bddb,1,d1682e09f1f7d90413075157d8c128e7,67f5ae02af5b8f47ceae71cfce000af0,2018-07-29 06:00:00,33.5,40.95
392c5f423f203c2279477aa80f1c0455,1,8ed8a80d84cfee39bf31c29f82bbad84,d4d607350e2f8958de431e06e9247069,2017-10-14 08:00:00,248.7,19.62
a4dc6a67a6d18c910760d4080678fe13,1,5c11ab6d42f5b3f54ef4c34d5bf86f3c,e3954cb17f7f6c0a07c0d116a394ed54,2017-01-15 11:00:00,31.6,19.62
539cbe4f2d914e296541f57452ea13b8,1,720b274b82a7f586e61d9cde1747f387,3eb051817ba245884d560a3df4e7069a,2018-01-22 17:00:00,20.19,34.74
b1d06d8a655f9c8cca2ba8f5a44e3b1c,1,73d39457b25f13dfb8d49848702ba49f,2138afe08d38bbd8fba6abf7cdbcc653,2018-05-22 14:00:00,47.86,31.86
b1d06d8a655f9c8cca2ba8f5a44e3b1c,2,ac3a812f765e6cb58f0d55400ec7d662,67f5ae02af5b8f47ceae71cfce000af0,2018-05-22 14:00:00,44.59,13.65
e1b39d6494e2a33d14a3ffe6b3aac060,1,950df1a07aaf20019912316afd9e8e20,0a8bb5b490494583ec86a890d7b00bdc,2017-08-06 12:00:00,117.51,28.58
e1b39d6494e2a33d14a3ffe6b3aac060,2,b2a6e468d02b124380913ac10463750e,d4d607350e2f8958de431e06e9247069,2017-08-06 12:00:00,41.07,30.48
bc57003e91f91586c27f9590333c8c30,1,966be275c2fe8954cdfd9531302b7831,4ddb1b36272c058884a2576c1fc905f8,2018-02-04 01:00:00,109.9,40.72
f0154f90db7be180aac21afbfc9db15b,1,72d3545861ea2f30e42e707afe2bd987,5128b9b1f8ede0ca20156a7212e153a6,2018-05-21 10:00:00,47.65,29.02
eea7a67fee1cb89a74f935ca4341fd0e,1,c85cd7147bf695524cbc90446bcd5ce7,0217ea0e896490ab4926ce5f78786140,2018-06-27 21:00:00,44.56,34.82
eea7a67fee1cb89a74f935ca4341fd0e,2,f6eab3a00153922123310a28c550eca8,f67294643f8ea40a6b0ae0e39d896047,2018-06-27 21:00:00,419.23,18.11
10217062a81798500b45cb04e5bc89c0,1,d61169a1ff46a6bf094d916deb6d2fed,0217ea0e896490ab4926ce5f78786140,2018-11-11 23:00:00,38.12,8.07
5f8e74df29f5010c8b6a4c9778f4223b,1,f5948a545f804eeb143a9aff659b0105,7f53a88e4efc8248e10b1a477faeb748,2019-01-05 02:00:00,54.38,21.77
57765dc6994a77f925220779a0041dd5,1,c3093b6e37e9d2e2d35ac07aaa0217d0,67f5ae02af5b8f47ceae71cfce000af0,2017-02-16 09:00:00,154.19,38.47
bff49e0659e3f0f693b78bab38151095,1,40afbf3f3df519674d8670bda2224f96,3da06476f778c676750d112e8164ceec,2018-07-18 12:00:00,250.89,41.05
73dd8d3140e10b51112858041243161c,1,2d79a2d1506e50c77aa061e9336b00cb,3de2885951b1943c1b2ededb8fc85fc0,2017-05-07 19:00:00,52.23,19.24
7d84dae5af5235bcf8ab33f4f2f9ade1,1,6e3cdd4f55b145e470b27304545cd88d,10d4de39161237c9e25df9a89ca8a5c4,2018-03-10 10:00:00,57.52,16.93
8921349feccb853bcd227ff2635fa3f3,1,4b91b8cb6ae66582b852b3cd9442b5e6,66124ab4f9b21e6e586a346adc5be7d1,2018-06-02 06:00:00,160.98,14.02
7e4c410bd87534bf9564d4c1aedb4262,1,f94d8fcbdba3496ffa323f6990dbfad6,64ab851bf1fac6e7170d750705eee1d4,2017-02-15 23:00:00,299.48,24.21
2334fcc4e022ede0ed88bddae8180064,1,564cfbd2bc92fd81039b058c2faabe0b,64ab851bf1fac6e7170d750705eee1d4,2018-01-03 20:00:00,218.63,17.73
23167b59cfbbf4e3e160e35b4da7f632,1,b0c07fcc96add4dfadf75924c5b8386b,ac2a4f71a77d95f1d7c4fe9ce1e0fffc,2018-06-27 04:00:00,45.87,28.46
dee4254b0afc13fb6e8f19bcc09b61e4,1,a255e1bb07958c1f538d6b8cc607b1e9,7318b96d447906121f5d988f776abf09,2018-01-07 19:00:00,19.53,37.25
eac7c57bfc96fd06ce8b30cea67155cd,1,0b7059334cde1b6b1132567c51a40d2a,8fd33afc91fdfa4f0d18ab95668c8477,2017-02-16 04:00:00,68.78,39.06
3d4a49aee83f6a2a52fc6f48e7e337c4,1,0592bfa5b928e23f4ee4334ece920136,3da06476f778c676750d112e8164ceec,2017-10-27 06:00:00,42.0,32.39
cf407865a5c11300e32457302ede3051,1,89628f6e929c93b333c08bf18167999f,0a8bb5b490494583ec86a890d7b00bdc,2017-08-04 02:00:00,55.03,10.67
1bab13ac9863bb207d53c706fb5078f7,1,3d44cb2cea45ba416589ada1345af934,20da897258321ee48471b4b0ae1b9f69,2017-07-26 20:00:00,142.5,28.29
d73c92595a8258cb8d783a9bed87adb6,1,3b9b2d45a35055e439c59df987f255d6,c48d56502e9522d696792482a3c988e4,2017-08-19 19:00:00,208.07,28.04
d97eb35599870266dc63a196946320bc,1,2a9528c35ae1dbadaa2960fda85894df,94a53fdef10d27c89780c2152b2bb8e9,2017-04-22 06:00:00,21.35,24.16
3b1bf755e600fd684a69ed38b705e692,1,cb80f288446f64dd5abca6e5d0b1e3eb,566e3cbe9aea622fe6e987cab87b6384,2017-08-14 01:00:00,53.1,22.39
faaa53fc094a8492d88d11dd321a3244,1,8de1596c5a9a206a16f142a206b919aa,3240d7a14027ab7d143029a9d88f1c94,2018-08-25 21:00:00,217.92,18.85
113ff40f13b96213b6684e199a463e70,1,9d6b9b626b535a19a902b73fcf39f648,f28e41225894f7f139b86bb2b596ca7c,2017-06-23 15:00:00,59.2,27.75
747738793eec05dc7660302f477eb375,1,b0c07fcc96add4dfadf75924c5b8386b,b89bdf7f93e34c35ef0a573d53d2d56d,2017-09-07 22:00:00,262.91,22.62
e7775ef59ab9ae1b1d93c7bd4c66b4ed,1,0f6ce9bffe7ee3628a89b0f0105291d3,9e3c5a886aa56e6d92779574c4576cc3,2017-08-03 14:00:00,22.72,31.62
3ed04e680d250730f5a98c9a6a71dec5,1,3ee82983d557424191ddb9bf613d2de9,9fddde2ea8a2b7ad2bd3cdcd27794685,2018-04-24 07:00:00,47.03,24.04
062e07785f0b5135856638c8a173e274,1,c8d0f9e5991965ea98d00c2c17d30f32,7781321e83c501cbfef7d9ea7f8e5483,2018-08-04 18:00:00,20.57,12.56
64f75c1046983234624695b99deb7a4b,1,15fa9483f633cc2deba900e16a7d5d96,dc8a49225005680f24c778a59b4e164b,2017-05-31 05:00:00,38.49,13.61
1d3ea32c7e54da1eac304971ecc11ecb,1,b8e19f568787ea2104482a220308aa5e,3de2885951b1943c1b2ededb8fc85fc0,2017-03-12 21:00:00,34.74,40.9
1d3ea32c7e54da1eac304971ecc11ecb,2,ea163354a35fc9c1980495628972abbd,dd39d7936257a4a2f204be894a4b5563,2017-03-12 21:00:00,118.9,32.71
e1789474380d4643c891e9bcd83060dc,1,73253aa3ec170298143df5b3a58e83dd,c48d56502e9522d696792482a3c988e4,2017-09-23 17:00:00,53.67,19.07
96a2e79d6576d828f5517659ed86a0c9,1,725d42593c4b1eec6231ee7342c2d2eb,5128b9b1f8ede0ca20156a7212e153a6,2017-11-14 20:00:00,36.78,21.94
4a9ab305222bf62a085e05182d756dd3,1,725d42593c4b1eec6231ee7342c2d2eb,10d4de39161237c9e25df9a89ca8a5c4,2018-01-19 18:00:00,55.14,44.86
9b2dceee765bb06910a012b2237c56bb,1,79db78628d7dd772608e2f5c61177270,67f5ae02af5b8f47ceae71cfce000af0,2018-07-07 12:00:00,154.82,37.98
c536c0a248504c6b12cd1aebb9076ff3,1,e05277394d406f1b3ca5be2952171bf3,5da39a73ba3df7ff43b47ee5e1e89e7e,2017-06-06 13:00:00,87.66,42.69
a88d37de6c1f0650b517272df7797643,1,b2a6e468d02b124380913ac10463750e,8d2238e6c7bf4fbcd43cdd6de0c1ff1e,2017-11-26 14:00:00,214.27,26.02
360824da33a37a7480469354f82258a7,1,6afa828c2cd10b9febe5841fe9c96c52,e3954cb17f7f6c0a07c0d116a394ed54,2017-12-17 21:00:00,399.98,15.28
4cdf506343c3698873037257390ff1c0,1,44d7df9a238b05b72b64777c6177a771,f28e41225894f7f139b86bb2b596ca7c,2018-08-11 08:00:00,77.01,43.22
daf09b921da9c3c5c798c498499d5830,1,51b30182f7fe604f65f30779f6ee5cdb,2138afe08d38bbd8fba6abf7cdbcc653,2018-05-30 06:00:00,97.13,31.93
df8b6c1c27d3584cfb99ac3e1383883b,1,38d5101f423cad9d193e478302b34254,e3954cb17f7f6c0a07c0d116a394ed54,2017-11-15 17:00:00,68.3,36.34
31b5276f88e941fdb0850679d0b21f98,1,9d264599c4dd8df59aec56a857311609,4ddb1b36272c058884a2576c1fc905f8,2017-03-10 05:00:00,45.54,36.71
00f3e86630260bb173f1df2609502a6c,1,905c7bdd74f0beae6a5943ce836435e3,a45409374a27ebf28baaf744a08dd21b,2017-11-29 20:00:00,99.1,12.31
421ebad4b226f24a230d27b8ff97588e,1,a255e1bb07958c1f538d6b8cc607b1e9,2138afe08d38bbd8fba6abf7cdbcc653,2017-04-23 05:00:00,50.77,35.33
421ebad4b226f24a230d27b8ff97588e,2,28e333b64e8adc4b772420411e43fbd2,0217ea0e896490ab4926ce5f78786140,2017-04-23 05:00:00,29.67,14.84
421ebad4b226f24a230d27b8ff97588e,3,5e175b664b87959ff0cd7f05ea87855e,566e3cbe9aea622fe6e987cab87b6384,2017-04-23 05:00:00,25.86,30.18
4c2bfa96a86c1d888d67e82ce8048c91,1,bf51936241a64feda7edc8d8713f8f8c,5128b9b1f8ede0ca20156a7212e153a6,2018-07-19 06:00:00,108.13,11.49
d27a1a33f5110f36bce4808b2b5bce12,1,06e3f9498cd34c62c4829b71ae84b81c,5716dc2e343ada2a76e5ae787bf7e1d3,2017-01-21 07:00:00,108.81,39.15
973a905867d1cb6f1d5720cdfa5223bb,1,39b02e2ad96e684f3db0174e7938878a,f28e41225894f7f139b86bb2b596ca7c,2018-03-09 16:00:00,173.03,34.31
1f8cedcdc91ceaaea5e0ecfdb96ca7ff,1,14a34f7fd90dd19bd3fbe043af1d5a1a,d4d607350e2f8958de431e06e9247069,2017-04-24 20:00:00,23.99,15.65
47820b9c488fedb62404c66d49869729,1,774c0afa7f4d908ce1fff6c08347f1da,98f6fd7f7eb162f14806f8040cf0374c,2018-06-23 09:00:00,52.03,15.43
dcac309645957a60194d397db09dcd19,1,18fdd2b979e5c9aa592a35497ba109d0,ac2a4f71a77d95f1d7c4fe9ce1e0fffc,2017-04-27 17:00:00,44.92,37.96
dcac309645957a60194d397db09dcd19,2,e00da49deffa20023040413c4690fb15,3de2885951b1943c1b2ededb8fc85fc0,2017-04-27 17:00:00,160.07,27.61
cdf9d1d6b22ed234404c86f16cc2e20f,1,2fb21e667ed17aabc9b7c9bc65a16fa9,ac2a4f71a77d95f1d7c4fe9ce1e0fffc,2017-06-23 14:00:00,70.24,17.06
7792be47347837520b3b81a9ddd652a8,1,e8334da5de95d6953579c1437ab99428,77a7e8b75e70f65f9280c5aa8dd4595b,2017-12-12 07:00:00,111.94,11.58
f0329337a10d27dcbf153b908971b1bb,1,5c0b9b10a757cb1042f525b902ed73ce,67f5ae02af5b8f47ceae71cfce000af0,2018-02-05 09:00:00,38.02,20.24
32239f5d2dec9b01bb8133fb0b928003,1,ea98fef8d0d75e373bf2025f4a0d2b73,566e3cbe9aea622fe6e987cab87b6384,2017-07-19 11:00:00,87.19,34.85
6b9c7e6be4951ebbd7c8ccb8af376fbe,1,ea163354a35fc9c1980495628972abbd,d040158728e213bce6fdd7afdd84cacc,2017-10-01 05:00:00,10.15,17.85
9c6723382c110a436cc5599972f580bd,1,d773f98d550c2fe9654c11d9f2e61828,8fd33afc91fdfa4f0d18ab95668c8477,2018-03-16 19:00:00,40.78,36.58
9c6723382c110a436cc5599972f580bd,2,dabf984e53ff84612a1f1b61265cb9d9,5da39a73ba3df7ff43b47ee5e1e89e7e,2018-03-16 19:00:00,19.28,37.47
205d8635cc87858c3b5745dfe0345e68,1,e8b3d763f4ff3f3a4d9dbaeb553d2625,48b763d5e519dd7e84d67c4ff0df1684,2018-05-21 06:00:00,82.15,27.89
75fd7d83526443bac298823abcdc99ef,1,4988e418f6c31218c1836315330f8be1,932cae01d2c65ee468d0a2a8c4e7f7dd,2017-03-18 21:00:00,250.21,39.93
a54680ad810775f3ea0ce0e1cb70c67b,1,3f8c1097c4da2c2e1bffa27915c1604f,0b95017c5dae1201673ba8bdc38c1dec,2017-06-06 20:00:00,121.71,18.63
841169cdb95175be5c89158a16b44b0c,1,e6b9d31a361f6d903ad1fa330ae4ac11,0cf477ef18c8a61624108e9a3f779cae,2017-09-29 11:00:00,170.15,44.65
ecb55c92db2d0ffff047e4e9f3feb7de,1,18fdd2b979e5c9aa592a35497ba109d0,0b95017c5dae1201673ba8bdc38c1dec,2017-12-31 04:00:00,144.16,27.56
ecb55c92db2d0ffff047e4e9f3feb7de,2,e8b3d763f4ff3f3a4d9dbaeb553d2625,ac2a4f71a77d95f1d7c4fe9ce1e0fffc,2017-12-31 04:00:00,76.74,31.15
858fab602bbe35eab9da74804b8f05ff,1,a590fd3cad6ecc57a520c3d0fbcdbf5e,35f789bca6b0745843c07d4393a74792,2017-03-13 01:00:00,49.95,21.63
8b20cc445705b3005e79e796acfe02ea,1,f6eab3a00153922123310a28c550eca8,7f53a88e4efc8248e10b1a477faeb748,2017-02-15 14:00:00,115.01,27.62
57059671b031a179ac7625b80fc06f77,1,e723ada38c32bdb2d42a895e0fcf601f,14cb056407437c3bdd20c3bfd342af08,2017-04-20 02:00:00,30.4,29.72
a180ee9b1767370097e3ab403db87d15,1,186b2880ab545a15669d01ff1634725b,932cae01d2c65ee468d0a2a8c4e7f7dd,2017-10-06 20:00:00,25.39,9.29
a180ee9b1767370097e3ab403db87d15,2,0406ff447ce40679a8c6dbc07bb3447b,0a8bb5b490494583ec86a890d7b00bdc,2017-10-06 20:00:00,323.28,26.68
a180ee9b1767370097e3ab403db87d15,3,083f64c31ce362f8c3f725feb99b2b5a,4ddb1b36272c058884a2576c1fc905f8,2017-10-06 20:00:00,139.18,8.31
98982e99fa9fdbb3d2b2cf4b489d3b8a,1,9c6783932ced3c0d317304b5c1dd484a,3da06476f778c676750d112e8164ceec,2018-05-04 19:00:00,11.54,10.82
817f8e3b9a1a59cf9b480ff537309e25,1,8ed8a80d84cfee39bf31c29f82bbad84,c561b8dca4364fcdf2d3f7610ba36279,2017-07-23 12:00:00,258.24,12.81
dff4cc9131646c14f1a0051f0acae683,1,c85cd7147bf695524cbc90446bcd5ce7,6929de738693fd9d7a89cbebb807d78a,2017-05-13 05:00:00,464.25,22.29
24812872e704db7da4e713588fb6002d,1,df495037b40a9181ac09bdb799086e47,94a53fdef10d27c89780c2152b2bb8e9,2018-05-17 12:00:00,105.95,44.45
5e45295681e4ee990c286323d27f6d1f,1,220b9ea98a0f9508dfe2c0a0a96b3c42,14cb056407437c3bdd20c3bfd342af08,2018-01-16 08:00:00,126.3,17.44
5e45295681e4ee990c286323d27f6d1f,2,6147adeb277b06674499d0a615007170,7f53a88e4efc8248e10b1a477faeb748,2018-01-16 08:00:00,243.89,31.08
4f418193e3289c3a801cbac1c5b56b89,1,16591c8921ebfaa91a2bd69c450f69ee,14cb056407437c3bdd20c3bfd342af08,2017-06-02 16:00:00,137.17,13.23
851e4fe83a6570b5b9725caffea42063,1,dd34aa1890019ed40bb401e769f753f1,0c74dc0f5a57553995560a2d3713b466,2017-07-04 09:00:00,120.52,8.65
67fec00325b1ad19c8b93543d9563604,1,a255e1bb07958c1f538d6b8cc607b1e9,3de2885951b1943c1b2ededb8fc85fc0,2017-11-22 10:00:00,138.41,22.0
3d9803952621b8998a9da702660f44e6,1,6b15c11bb113d50bdea050c6eb9ed274,35f789bca6b0745843c07d4393a74792,2017-05-08 08:00:00,70.94,8.24
a13ea32a4b0450671481b96b477cbc8c,1,c777a07f6346d4ef69ef74e34ab6821c,7318b96d447906121f5d988f776abf09,2017-03-13 11:00:00,91.94,29.55
231f167698a7e77b214990edabe07080,1,720b274b82a7f586e61d9cde1747f387,8fd33afc91fdfa4f0d18ab95668c8477,2017-05-26 16:00:00,34.54,11.3
231f167698a7e77b214990edabe07080,2,cb80f288446f64dd5abca6e5d0b1e3eb,0b95017c5dae1201673ba8bdc38c1dec,2017-05-26 16:00:00,30.13,14.34
ab6d0f79fac368c183674372d33e2b2c,1,4ba172331ac3bf317b96e2d10649bcf6,46426c458d03f17af4d375c1a29319fa,2018-01-28 17:00:00,34.16,40.98
65fae4a11a037833d4fdfad6400840cb,1,e00da49deffa20023040413c4690fb15,5128b9b1f8ede0ca20156a7212e153a6,2017-10-21 04:00:00,69.1,27.84
e06bae1f3e372c8d8a137d8dd2924079,1,06e3f9498cd34c62c4829b71ae84b81c,64ab851bf1fac6e7170d750705eee1d4,2018-03-09 17:00:00,88.29,35.34
d736d90ca8ae5c671598203e24c4e6ca,1,768b4f7e64215e665fc64cd0721e8b1f,9e3c5a886aa56e6d92779574c4576cc3,2017-01-19 18:00:00,165.42,36.76
0423793fde3a564a8bf63e19c88994e7,1,12a1fe7ddfa597220a1fc9df9a591974,67f5ae02af5b8f47ceae71cfce000af0,2017-08-30 17:00:00,53.16,34.52
b1fde4de092a2783e9b50a89c04cf6e6,1,9d6b9b626b535a19a902b73fcf39f648,2138afe08d38bbd8fba6abf7cdbcc653,2018-02-17 15:00:00,61.13,36.46
931884729fa6f3eadb65e8d62660f73f,1,098c60b3efc9909ed9af6e09b91e3d6e,64ab851bf1fac6e7170d750705eee1d4,2018-08-24 05:00:00,75.76,44.79
ba49ccd561853b1a63e12924fe95c8c9,1,409e7a8086c5d1d69ea9f50831227592,ac2a4f71a77d95f1d7c4fe9ce1e0fffc,2019-03-11 10:00:00,38.09,36.8
38e1e998ddca9cc3d48f16c56431d4a9,1,c82f78fd936cd31cf7bf52447db2a7aa,80bbae526ec0126921084dd9f75d1e3c,2018-07-06 05:00:00,44.44,20.5
84d8ec6a7d5887a5a5548394f39dea6f,1,d3f4a49b33baba8836c7d6fa7aa4f052,d4d607350e2f8958de431e06e9247069,2018-08-03 10:00:00,124.68,17.68
64fff7a635cebda85d3dc371d6ac0d84,1,b1fead13f280df1d9a6c0db952171c88,b89bdf7f93e34c35ef0a573d53d2d56d,2018-08-22 17:00:00,14.68,38.25
877a71fc9d9fbeb36207db6374e5e611,1,b3eda8f1026b5383a301ec030e5d8c6a,20da897258321ee48471b4b0ae1b9f69,2017-10-23 05:00:00,491.52,8.25
b4c313eb7e225d5c236253032ae72b5d,1,95831d58ef4c51198da5d39b42c21797,80bbae526ec0126921084dd9f75d1e3c,2018-04-10 03:00:00,18.1,37.14
f55db8b9129f9fa53b6a38cfe0df542d,1,5c56d9bc5111d31d63be441dbd5a0c9e,5716dc2e343ada2a76e5ae787bf7e1d3,2017-11-13 07:00:00,58.71,15.55
a4a5308d4aec4d62f30fa5b6b8280725,1,ff69723d584fc85b2697384d801e8690,3da06476f778c676750d112e8164ceec,2018-03-12 13:00:00,34.61,38.1
a4a5308d4aec4d62f30fa5b6b8280725,2,bb2aa1462999394c54a7b69b1cd66b09,20da897258321ee48471b4b0ae1b9f69,2018-03-12 13:00:00,384.19,15.05
a4a5308d4aec4d62f30fa5b6b8280725,3,d3f4a49b33baba8836c7d6fa7aa4f052,3de2885951b1943c1b2ededb8fc85fc0,2018-03-12 13:00:00,45.59,39.12
2e401311c973c84e2d4c041374be3766,1,76492e64f55dce6d6d268b378f5242d3,10d4de39161237c9e25df9a89ca8a5c4,2018-05-03 03:00:00,103.51,22.02
32c52d76370ebb11affee02e7508e10c,1,bcc57be00779250a6544e3136ea05d13,dc8a49225005680f24c778a59b4e164b,2018-03-30 01:00:00,175.46,14.38
32c52d76370ebb11affee02e7508e10c,2,fa8dae42ba54e9202099d18087623997,5128b9b1f8ede0ca20156a7212e153a6,2018-03-30 01:00:00,150.71,23.24
1f45a6d06af9e1cd444b94904edd1cfd,1,11b461e9b15da72dd4cee27c4a94ae9f,83d5bceb5edbb8eec2baf0e02179e3f0,2018-08-20 13:00:00,13.37,29.37
53ae322ed147b235e537cd52b53a2800,1,bed63da08033f5c21413d64db962c8a7,b89bdf7f93e34c35ef0a573d53d2d56d,2018-06-30 08:00:00,108.29,37.35
aad74fe05f48087ee0e660c2b477caf7,1,6afa828c2cd10b9febe5841fe9c96c52,d4d607350e2f8958de431e06e9247069,2017-12-27 02:00:00,473.06,44.91
2632fa9dc768edb905d8e14617f42764,1,bf51936241a64feda7edc8d8713f8f8c,dc8a49225005680f24c778a59b4e164b,2017-08-10 04:00:00,74.93,38.46
c578f4f49b18276a1d7b83630db26722,1,3e245fbffa698cd2fe2390f3e7bbaefc,20da897258321ee48471b4b0ae1b9f69,2018-04-18 15:00:00,44.77,34.7
aa46dd26e07ab79da68f75ac74916018,1,b076a7dcfd0ce433ca5e151b23d3cd4c,3de2885951b1943c1b2ededb8fc85fc0,2017-12-18 06:00:00,34.25,37.22
36f1374dee426792ce2c36df005101e5,1,1139fa1234c1c3ea3d9c4e6404015ced,35f789bca6b0745843c07d4393a74792,2018-01-30 20:00:00,37.29,13.25
472678ac7eaef4528eba2e783b162773,1,4cc57e0d263320186883ac6e6a944054,20da897258321ee48471b4b0ae1b9f69,2018-03-14 22:00:00,37.19,8.83
472678ac7eaef4528eba2e783b162773,2,5fa5e0aa9b11b530fd247c11bf6b8cdf,94a53fdef10d27c89780c2152b2bb8e9,2018-03-14 22:00:00,36.11,32.05
e49e6f6e6c561f785e5a590a7393c675,1,0d31812e30c36756d453f867b97e6224,48b763d5e519dd7e84d67c4ff0df1684,2018-02-22 10:00:00,55.05,39.21
1708f96ef1762fbdc37114e346b3138a,1,4988e418f6c31218c1836315330f8be1,0217ea0e896490ab4926ce5f78786140,2018-03-05 06:00:00,120.43,11.97
2ccb87cb668ed827cd101511331212d1,1,c2e79a985c238d8d71da35b94eea9db8,66124ab4f9b21e6e586a346adc5be7d1,2018-01-06 22:00:00,338.36,24.53
236284b8d4a84c963d948afd864d3a8d,1,286ed390edd97a1afa585b278ce3e7c3,7781321e83c501cbfef7d9ea7f8e5483,2018-03-25 19:00:00,63.55,20.22
50a6eb2200c65ec892fcbafc4501a390,1,cc351e4f703e957f35ab8466b5578b00,8fd33afc91fdfa4f0d18ab95668c8477,2018-08-02 20:00:00,74.67,19.01
8e7989829a5d5ace61d9407c6a21ab97,1,9adf4709ac75c344608e149e44b9e602,ef4afa885299e5052976aab22a26f770,2018-04-24 21:00:00,246.17,29.13
779ee83d36df223906bc0d7123baa2ca,1,e8b3d763f4ff3f3a4d9dbaeb553d2625,5128b9b1f8ede0ca20156a7212e153a6,2017-06-25 03:00:00,18.15,9.01
8999b812d61676fcbb1ffaf405bcde63,1,30a5648eefe9b3d0363908bf03ece8ff,9d4b2bf94d85e9c7a0017720200b2903,2017-06-03 21:00:00,20.09,22.76
796c39ad6b35a9b90bfc8c458a43aa23,1,546252e7f43ba0524459bd6ec0f63229,8fd33afc91fdfa4f0d18ab95668c8477,2018-07-09 02:00:00,85.16,31.97
ab9737efffc19e7bf17a273b941eddf9,1,f165d77901547950176de21f1b46ebdc,10d4de39161237c9e25df9a89ca8a5c4,2018-09-14 20:00:00,19.14,12.16
65edb1d9a4242b77ab86fc70a89c0d28,1,ea18d32c7a9a8ef5c11bd1c4ffe3f366,8fd33afc91fdfa4f0d18ab95668c8477,2019-02-09 01:00:00,94.12,17.2
f5cca86b92e92aa7f7b8a5e480a5fe0d,1,e8b3d763f4ff3f3a4d9dbaeb553d2625,14cb056407437c3bdd20c3bfd342af08,2018-02-24 15:00:00,272.7,13.09
d21c922affa2df4729ca6e42d09ae2dc,1,d61169a1ff46a6bf094d916deb6d2fed,0b95017c5dae1201673ba8bdc38c1dec,2018-01-07 19:00:00,167.73,44.3
460aa7f94a05e06db26f8bb23178bdbb,1,389589399342a09fb00ac64c949cd8d4,dc8a49225005680f24c778a59b4e164b,2017-04-15 07:00:00,21.5,33.91
9f5f462353921935d6f8d94c39fa35e6,1,0123a348638abdf66df72cd3979aa051,14cb056407437c3bdd20c3bfd342af08,2018-03-05 04:00:00,492.13,33.86
d84606250effa0c12e3a9584adf538fc,1,cf0e6d2b315c167a45d8a6ad77d0359e,ef4afa885299e5052976aab22a26f770,2017-04-27 18:00:00,26.85,23.63
a7f3cf5c981813c70657894f0c953522,1,8d93e14a5b1671583a67470c7d98302f,b788f5d1ffe575f665edcfe34f2dad3f,2018-01-20 04:00:00,266.0,23.96
07656c229bcde988ce25d28181a4dce0,1,4b91b8cb6ae66582b852b3cd9442b5e6,b788f5d1ffe575f665edcfe34f2dad3f,2017-11-15 17:00:00,133.77,23.49
4f848c317954af2da819d4b9b1a6aed3,1,9118c400e336c243b139c476de3ce88b,0b95017c5dae1201673ba8bdc38c1dec,2017-07-09 14:00:00,16.04,11.7
2c4276b214420114dfe704a4322570ff,1,5c56d9bc5111d31d63be441dbd5a0c9e,6929de738693fd9d7a89cbebb807d78a,2018-05-13 09:00:00,62.16,14.07
2c4276b214420114dfe704a4322570ff,2,ea98fef8d0d75e373bf2025f4a0d2b73,b048faa112ae5c22741b77f54c24a053,2018-05-13 09:00:00,42.76,14.09
2c4276b214420114dfe704a4322570ff,3,409e7a8086c5d1d69ea9f50831227592,ef4afa885299e5052976aab22a26f770,2018-05-13 09:00:00,20.28,40.73
5305405880e2ee403b891988c04d3cca,1,eb053fc41b656dab2de46e91e8e6e840,28caaa1dc35bec2c3098f7b2500e15c0,2017-11-17 15:00:00,48.33,32.13
aa1c8b533e2e720134cec306c39fcfb3,1,67ce378fe5a4983ba383889adb2c6ac8,5da39a73ba3df7ff43b47ee5e1e89e7e,2017-03-31 10:00:00,83.25,14.28
8b9a0113b81c9d0b53332e5d3ac36c05,1,74797b6127372b527a6a210722319050,67f5ae02af5b8f47ceae71cfce000af0,2017-02-06 16:00:00,55.88,42.07
e106ae3288fb044ad1c76cf135d3fe5b,1,74bd0c938177b66137fe032c02571851,f28e41225894f7f139b86bb2b596ca7c,2017-09-29 10:00:00,16.36,32.08
d667159d22021f9fb3fce44c942a9c09,1,73d39457b25f13dfb8d49848702ba49f,7318b96d447906121f5d988f776abf09,2017-03-08 17:00:00,44.08,15.54
b6315c550ca3e980ec95575283c2539c,1,bb2aa1462999394c54a7b69b1cd66b09,f67294643f8ea40a6b0ae0e39d896047,2018-08-06 12:00:00,43.63,8.08
51bf4361edb5db914a13b17c8d938a1b,1,baeb286bf0d0270fd4d13d551db6b844,7318b96d447906121f5d988f776abf09,2017-10-24 21:00:00,17.91,36.36
be007552f3d6d5c75455213bf1867d89,1,3d44cb2cea45ba416589ada1345af934,932cae01d2c65ee468d0a2a8c4e7f7dd,2017-07-07 14:00:00,30.15,22.43
9e5d78a1c5bdb49544d44eca976b5158,1,00c59f30d103142441241bb4655ce508,0a8bb5b490494583ec86a890d7b00bdc,2017-04-19 04:00:00,59.56,18.89
8775a0f078f458891e49c76a90d52b99,1,186b2880ab545a15669d01ff1634725b,dc8a49225005680f24c778a59b4e164b,2017-10-03 09:00:00,85.89,24.78
f1904cecc2d454e1017f040edad2e66e,1,5d71a89864976593c92e8c93d105c8d6,e3954cb17f7f6c0a07c0d116a394ed54,2018-01-25 18:00:00,122.21,12.36
7a3f4573f16a18579a68990e2412e47e,1,b42a2d939aba0f15b21490623e1a963e,0b95017c5dae1201673ba8bdc38c1dec,2018-02-18 22:00:00,159.37,35.06
7a3f4573f16a18579a68990e2412e47e,2,2fb21e667ed17aabc9b7c9bc65a16fa9,a417c09380a8a23d17eaec838892042f,2018-02-18 22:00:00,54.71,25.99
22d1b5fad3c8acca3615ede42bf30743,1,f7eae66eca6caf9b096971018b2c550a,80bbae526ec0126921084dd9f75d1e3c,2017-12-20 04:00:00,53.48,25.96
930951a61dbd3a83176a5eb80f1abefd,1,01bf9e733f800385ef9240b652d78f10,28caaa1dc35bec2c3098f7b2500e15c0,2017-12-31 17:00:00,118.51,14.88
a75554fefcebe192d4796110b35e85f5,1,3f8c1097c4da2c2e1bffa27915c1604f,e3954cb17f7f6c0a07c0d116a394ed54,2017-01-21 16:00:00,25.59,37.51
15280e7c89d5e178cf998da34f942b3e,1,e00da49deffa20023040413c4690fb15,6929de738693fd9d7a89cbebb807d78a,2018-06-14 04:00:00,226.31,22.92
b7be51dffd5eb63638124f7f8c46b173,1,c36b9a0a41e02a89566a9ce7af521b94,14cb056407437c3bdd20c3bfd342af08,2017-02-10 08:00:00,53.32,42.08
b7be51dffd5eb63638124f7f8c46b173,2,55c551fcfba57cc8edaf37661b780ede,9e3c5a886aa56e6d92779574c4576cc3,2017-02-10 08:00:00,254.35,20.24
7e4e72730ae19e7e1b6d89275315de9a,1,8f3dc97fe6b0da0ab98f5dbe15aede0f,dd39d7936257a4a2f204be894a4b5563,2017-02-06 02:00:00,27.58,18.91
cb3c211dc8f168095051b949e6af993c,1,f090f5a0ce6101996e3a0ba8ac8d6c7d,4ddb1b36272c058884a2576c1fc905f8,2017-01-02 13:00:00,98.36,19.82
ee45a7440cad2d638cfd980c984f5419,1,bd5ff093c16f9bcc6243bed754ec3f33,46426c458d03f17af4d375c1a29319fa,2018-04-05 21:00:00,280.77,9.78
ee45a7440cad2d638cfd980c984f5419,2,dd34aa1890019ed40bb401e769f753f1,6929de738693fd9d7a89cbebb807d78a,2018-04-05 21:00:00,182.78,26.74
088393111216e243634ee1155c812bad,1,811414f8d9df0d0e225aed6cf0458043,6929de738693fd9d7a89cbebb807d78a,2018-01-24 12:00:00,23.53,38.5
399b747bdca4b19e5ffdf1cffc8e920d,1,06e3f9498cd34c62c4829b71ae84b81c,4ddb1b36272c058884a2576c1fc905f8,2018-08-11 21:00:00,36.08,8.41
c996a54bbcbb065803e6551e11dabe5e,1,950df1a07aaf20019912316afd9e8e20,48b763d5e519dd7e84d67c4ff0df1684,2017-08-17 08:00:00,162.44,41.8
c564956a97f5f3e4bca8891197ea502c,1,00c59f30d103142441241bb4655ce508,e3954cb17f7f6c0a07c0d116a394ed54,2017-12-02 23:00:00,541.55,37.5
c07ec4c4b6b4aaa539c42eed297f8f1e,1,2a9528c35ae1dbadaa2960fda85894df,64ab851bf1fac6e7170d750705eee1d4,2018-01-28 23:00:00,107.06,21.05
96aaa3cabaf6e89f14e0a8d38cf431de,1,eb053fc41b656dab2de46e91e8e6e840,0b95017c5dae1201673ba8bdc38c1dec,2018-04-25 12:00:00,52.67,34.23
2b0a0050235aa8e9838fd802fed46e35,1,89b5aab0c12169db2f12b150605fb1eb,20da897258321ee48471b4b0ae1b9f69,2017-12-09 00:00:00,53.35,42.28
bc58196e2064774fac5200b5029cfbda,1,7d23d47995492a82b787ef8d3495311e,d040158728e213bce6fdd7afdd84cacc,2018-01-06 18:00:00,104.15,39.54
0eb4762ed32b3c0dfbff1829aea3798b,1,9c6783932ced3c0d317304b5c1dd484a,dd39d7936257a4a2f204be894a4b5563,2017-02-21 08:00:00,99.33,16.3
950097ce28bc2d51f1e453e6dc50522d,1,905f9096299656e24c9d690713b22cec,14cb056407437c3bdd20c3bfd342af08,2018-04-29 01:00:00,471.7,10.47
831bef039201030915886873272926b0,1,16591c8921ebfaa91a2bd69c450f69ee,14cb056407437c3bdd20c3bfd342af08,2017-02-14 23:00:00,128.47,9.34
6f102145227b051262a5aa212b3fde5d,1,5e175b664b87959ff0cd7f05ea87855e,dd39d7936257a4a2f204be894a4b5563,2017-04-25 15:00:00,82.33,32.92
99cd0df3a873abc815aaaa3bb6123cda,1,9d6b9b626b535a19a902b73fcf39f648,22498f666e51484d1b84edc3d8e049de,2017-07-28 00:00:00,178.31,25.05
c742bbaf77870d52dd12bbc65eaae175,1,3d44cb2cea45ba416589ada1345af934,b89bdf7f93e34c35ef0a573d53d2d56d,2018-02-25 22:00:00,46.06,34.66
4919d9ff57dfba1d2d555314143e7fb7,1,3db02235261e2555863e1f2a18a806ef,80bbae526ec0126921084dd9f75d1e3c,2017-03-09 06:00:00,168.21,11.24
4919d9ff57dfba1d2d555314143e7fb7,2,9118c400e336c243b139c476de3ce88b,dc8a49225005680f24c778a59b4e164b,2017-03-09 06:00:00,178.49,19.95
aaee3f08ff6905680d79c20f4931bd94,1,a42d0cd7fd359f6a7450388748d90846,9e3c5a886aa56e6d92779574c4576cc3,2017-10-06 01:00:00,49.42,19.43
aaee3f08ff6905680d79c20f4931bd94,2,b2414482519894d886433603c92a7d7c,5128b9b1f8ede0ca20156a7212e153a6,2017-10-06 01:00:00,82.86,36.5
517e71e047e5df568e96551aeeba6ad9,1,11b461e9b15da72dd4cee27c4a94ae9f,b788f5d1ffe575f665edcfe34f2dad3f,2018-01-17 10:00:00,68.47,33.17
31ea282130347270681ff52852ec03ca,1,8ed8a80d84cfee39bf31c29f82bbad84,6929de738693fd9d7a89cbebb807d78a,2018-04-12 07:00:00,58.48,24.26
06c6b8c26ce87f511eb2c17031e2d719,1,f166cdcf762cdfbcba2aa7baf3f81c31,c48d56502e9522d696792482a3c988e4,2017-07-15 17:00:00,35.8,33.68
e4ac1e29d3c6756c5a2cfba89d88e7a4,1,1139fa1234c1c3ea3d9c4e6404015ced,5da39a73ba3df7ff43b47ee5e1e89e7e,2017-09-13 08:00:00,143.6,33.87
82ee6e080ba9ee1e75888aa1f9e33543,1,8567c80534f541c0c8c5eb2a7490adeb,ef4afa885299e5052976aab22a26f770,2018-05-01 07:00:00,59.14,39.28
433d65c2c0f5de46714f4be5530619e4,1,22ab7752c4db5a622e13418d68ab80ea,9fddde2ea8a2b7ad2bd3cdcd27794685,2018-07-03 14:00:00,18.6,17.39
a2aba713e5a79d2fd54719323e03a5ea,1,0ec0713dea2c7a517688d11fce4758be,77a7e8b75e70f65f9280c5aa8dd4595b,2017-08-08 02:00:00,121.03,11.87
a82762b4793909cdb8582767d4031364,1,564cfbd2bc92fd81039b058c2faabe0b,566e3cbe9aea622fe6e987cab87b6384,2018-06-08 11:00:00,117.87,42.66
cdad77367a272eb30f6924f32f532a9f,1,5c0b9b10a757cb1042f525b902ed73ce,8d2238e6c7bf4fbcd43cdd6de0c1ff1e,2017-11-26 18:00:00,92.84,34.97
cc4282cd1474849f3b38102b7bdf1546,1,14a34f7fd90dd19bd3fbe043af1d5a1a,f28e41225894f7f139b86bb2b596ca7c,2017-08-12 02:00:00,80.71,28.15
1feba1e73bb1591b2e832bbe55ba1dfe,1,501ba8515ee68495340029c3ea11905b,dc8a49225005680f24c778a59b4e164b,2018-06-11 02:00:00,25.13,18.07
e28323794f3c0388ec6123eb733c4dee,1,891f691217abb8635efeef4fd8ddbbc0,9fddde2ea8a2b7ad2bd3cdcd27794685,2018-05-27 01:00:00,44.77,8.85
e28323794f3c0388ec6123eb733c4dee,2,edcabf9465f6ba53d226a8b3b674410d,3240d7a14027ab7d143029a9d88f1c94,2018-05-27 01:00:00,53.18,15.37
e28323794f3c0388ec6123eb733c4dee,3,0328c136629ef3d8dd1ca267530ddda6,932cae01d2c65ee468d0a2a8c4e7f7dd,2018-05-27 01:00:00,93.01,43.63
34d4ab34aca6dd4b69dcce117671b52a,1,bd5ff093c16f9bcc6243bed754ec3f33,9fddde2ea8a2b7ad2bd3cdcd27794685,2018-01-13 18:00:00,89.14,20.41
c0c365283e9d547a96ce7d179a7db4b4,1,05c8234b1d763a66b5f59cb0cf685878,c48d56502e9522d696792482a3c988e4,2017-11-13 17:00:00,37.2,33.01
922d82ffc29faa8fe4eb5ab9ff69af1c,1,0426fcc9255b30e2bdc2b74b38a56b49,3de2885951b1943c1b2ededb8fc85fc0,2017-04-15 08:00:00,11.74,20.87
243517e00702c1dbd2ad8a480dfac4c9,1,8a624cbde582b678ad5229dd639fc471,d4d607350e2f8958de431e06e9247069,2017-03-08 15:00:00,50.54,21.18
15ab1a4738a6484c634c842f65843875,1,9adf4709ac75c344608e149e44b9e602,d4d607350e2f8958de431e06e9247069,2018-07-26 02:00:00,17.68,13.02
c80bdbd7657050eea874d557cd0e1708,1,0997623ae0723d964a1a81f5ed10f004,8d2238e6c7bf4fbcd43cdd6de0c1ff1e,2018-12-04 09:00:00,84.08,35.87
c80bdbd7657050eea874d557cd0e1708,2,5d71a89864976593c92e8c93d105c8d6,9e3c5a886aa56e6d92779574c4576cc3,2018-12-04 09:00:00,340.62,31.93
f1bef5889c0851d48f202a19d0a836ae,1,21c71aa3741423b50e3e25f2cf0671c7,b048faa112ae5c22741b77f54c24a053,2019-04-08 21:00:00,312.47,15.36
e6a19ff8ab9a95851f737931b137d223,1,01a25ed1c3abb5f10c6b7074ab102c9b,f28e41225894f7f139b86bb2b596ca7c,2017-09-21 03:00:00,68.3,35.78
21be4ca5cadaf90ff365185deafb7b2c,1,720b274b82a7f586e61d9cde1747f387,46426c458d03f17af4d375c1a29319fa,2017-06-28 00:00:00,68.37,14.05
dcbd6ef5ef8b07d099c8cca7d51878a7,1,6e3cdd4f55b145e470b27304545cd88d,3de2885951b1943c1b2ededb8fc85fc0,2017-11-26 16:00:00,183.79,37.18
a0903f903fc543c97c479df23f55f644,1,ef158d5b2d007d05d66d4627e1dace6a,f28e41225894f7f139b86bb2b596ca7c,2017-09-20 10:00:00,19.59,43.74
f8bc60bb96773d4c1a837f9e5a3ede12,1,ae62990c19bd4f9378ef7666b7a4c719,566e3cbe9aea622fe6e987cab87b6384,2017-02-10 04:00:00,33.91,14.73
f8bc60bb96773d4c1a837f9e5a3ede12,2,6c93a7918b60c511b8168aebac6a7c85,0a8bb5b490494583ec86a890d7b00bdc,2017-02-10 04:00:00,131.16,12.18
d732bacd8090661f4e02ffb304bdd646,1,3e42df5b90a3fbbf7580e05067f1698c,6929de738693fd9d7a89cbebb807d78a,2017-11-04 01:00:00,42.74,36.34
cb77624651a3dfe47962e5a87f7d7604,1,21c71aa3741423b50e3e25f2cf0671c7,2138afe08d38bbd8fba6abf7cdbcc653,2018-03-06 18:00:00,58.81,37.95
cb77624651a3dfe47962e5a87f7d7604,2,497ec6d1081fc6dc78d9a88aef0bea4f,fcef1972bbf483ce51beb80eb7e6a14c,2018-03-06 18:00:00,120.91,42.32
2e0cf801f4366b12c391ef93aa012ab9,1,5fa5e0aa9b11b530fd247c11bf6b8cdf,ef4afa885299e5052976aab22a26f770,2018-02-24 17:00:00,104.68,15.2
1cd6cf0de228d8e4e964f172a9a9bd76,1,47419b4834ae4abd36fce0acb4698db3,7740d8317331874912fc7a87a4704d48,2017-06-29 19:00:00,20.67,11.85
c6a3e5d453c96c608551e6e8504d39e0,1,f186e47aa79463208cf6e8b87fd238c3,0cf477ef18c8a61624108e9a3f779cae,2018-04-03 08:00:00,29.18,12.78
82d621ddf00a8b857c501ef8bb94c73b,1,b8f0188efb37afaecd8563ca193e638d,dc8a49225005680f24c778a59b4e164b,2018-07-01 00:00:00,156.35,30.55
562f62e88a0bb8e4294a8a71bf7ca627,1,0ec0713dea2c7a517688d11fce4758be,5716dc2e343ada2a76e5ae787bf7e1d3,2017-01-05 13:00:00,131.92,40.79
d805aa2b2d6436ea3a25be44db986cde,1,98874bfec1369c65ae2ae3413f59e4f2,22498f666e51484d1b84edc3d8e049de,2017-06-22 20:00:00,44.63,26.71
d805aa2b2d6436ea3a25be44db986cde,2,9d264599c4dd8df59aec56a857311609,80bbae526ec0126921084dd9f75d1e3c,2017-06-22 20:00:00,109.2,38.02
596d88dc394b5576f8876d7dbb28b3b1,1,277eb0aaa247541dc8ad0899b630794d,7781321e83c501cbfef7d9ea7f8e5483,2017-06-11 17:00:00,70.84,32.07
97ea6d52f84dca4b5a332b7d1c54cdb8,1,47c68688ecf32053af36b8cc13087974,566e3cbe9aea622fe6e987cab87b6384,2018-02-26 20:00:00,222.88,33.96
024ff385a2ef2b77a0d69a596f6656b4,1,8d93e14a5b1671583a67470c7d98302f,35f789bca6b0745843c07d4393a74792,2017-12-22 09:00:00,40.19,36.3
469acda367d73e5748c31385922ba6f1,1,409e7a8086c5d1d69ea9f50831227592,4ddb1b36272c058884a2576c1fc905f8,2017-09-22 09:00:00,68.49,24.96
29fda2560809c464fc90d88ae33bb3e0,1,ea163354a35fc9c1980495628972abbd,5128b9b1f8ede0ca20156a7212e153a6,2017-01-13 00:00:00,28.61,17.35
3c8f5a90dd90fef2fbf7ad206a7e95d2,1,f51594943818cfd33889936a9d5817e8,fcef1972bbf483ce51beb80eb7e6a14c,2017-09-24 23:00:00,51.98,33.12
e98a470cb894550ae9faa2067ad79ad5,1,e723ada38c32bdb2d42a895e0fcf601f,b788f5d1ffe575f665edcfe34f2dad3f,2018-03-24 17:00:00,134.27,40.88
1de883ef20448d4cc732ca9bc992e0cc,1,e8b3d763f4ff3f3a4d9dbaeb553d2625,3eb051817ba245884d560a3df4e7069a,2017-06-23 20:00:00,98.21,37.35
ba8914275540990249979fe3231e388a,1,564cfbd2bc92fd81039b058c2faabe0b,8fd33afc91fdfa4f0d18ab95668c8477,2017-11-15 00:00:00,39.38,11.38
959ee77e2e52635d2bc4a31953211cf1,1,af70de702b69c95e85671b58926bffa5,6929de738693fd9d7a89cbebb807d78a,2018-07-27 15:00:00,74.17,30.75
be4c2dc5bb5740e9876796d9dfb44eef,1,4b91b8cb6ae66582b852b3cd9442b5e6,ac2a4f71a77d95f1d7c4fe9ce1e0fffc,2017-08-09 20:00:00,196.05,15.38
09954fc3efb3eb376d57ffd72ea5f54b,1,18fdd2b979e5c9aa592a35497ba109d0,35f789bca6b0745843c07d4393a74792,2017-09-09 12:00:00,69.93,8.36
3020366c7a7634b5af80ccb16cc35925,1,e05277394d406f1b3ca5be2952171bf3,0c74dc0f5a57553995560a2d3713b466,2017-04-19 04:00:00,83.97,19.48
04579d6f93d3125a3a5604b37acd003a,1,fa8dae42ba54e9202099d18087623997,7318b96d447906121f5d988f776abf09,2017-04-28 08:00:00,56.85,41.47
d7b3c8661c751ad4bdecfa9d84b0249a,1,67ce378fe5a4983ba383889adb2c6ac8,0c74dc0f5a57553995560a2d3713b466,2018-08-10 16:00:00,86.21,32.52
28eda191dfb48b5fc2b35e097f101f15,1,1a7167c768759545832f52c48e0370cf,ac2a4f71a77d95f1d7c4fe9ce1e0fffc,2017-04-17 20:00:00,18.77,20.64
dc87885e8f6e1e3025d6ad4050cca99f,1,389589399342a09fb00ac64c949cd8d4,7781321e83c501cbfef7d9ea7f8e5483,2017-04-24 03:00:00,123.0,35.55
796c6ae6fc19285d92d13d77da532699,1,38d5101f423cad9d193e478302b34254,3da06476f778c676750d112e8164ceec,2017-01-15 03:00:00,102.26,20.14
b0b169f7378f78da14308e24709b5f65,1,16591c8921ebfaa91a2bd69c450f69ee,932cae01d2c65ee468d0a2a8c4e7f7dd,2017-08-05 11:00:00,26.7,19.91
0ae700f79d0aafe2adc8a219f4de6a69,1,a879d8f890422eb78b040f53e63949d4,c561b8dca4364fcdf2d3f7610ba36279,2017-05-01 19:00:00,23.19,44.88
eb469b21a28322e8d171504fdf480004,1,8fe069b6eedaa8024568f42689e03e22,48b763d5e519dd7e84d67c4ff0df1684,2017-11-30 04:00:00,79.39,44.26
6b1b8c030b7ecd79cc1b0d55933be58a,1,72f6095812ef61016082786fca00ef58,e3954cb17f7f6c0a07c0d116a394ed54,2017-11-26 14:00:00,105.01,42.72
1eac66fefc30c77c8f58ed08f5b917b1,1,6c521d13b719bb682775ee42a89e22f2,3eb051817ba245884d560a3df4e7069a,2017-01-27 20:00:00,123.76,41.34
1eac66fefc30c77c8f58ed08f5b917b1,2,79db78628d7dd772608e2f5c61177270,67f5ae02af5b8f47ceae71cfce000af0,2017-01-27 20:00:00,34.39,32.12
8b81ea622fb0aeaa05efea2af825a8bd,1,a6fd0cb116e6e5c0c4cb294fe86e8e63,b89bdf7f93e34c35ef0a573d53d2d56d,2017-07-20 20:00:00,140.9,11.14
8b81ea622fb0aeaa05efea2af825a8bd,2,3d44cb2cea45ba416589ada1345af934,7781321e83c501cbfef7d9ea7f8e5483,2017-07-20 20:00:00,107.81,12.96
ec70d93aa260f227f46a9817194a589d,1,378e65108f10d33eabe42e7db96c1163,0217ea0e896490ab4926ce5f78786140,2017-03-06 19:00:00,80.95,22.42
31425d810912fddc0d36d15b9f3204af,1,649f7d888989c5abfe2b34d82db0728d,b788f5d1ffe575f665edcfe34f2dad3f,2017-07-01 05:00:00,33.07,33.69
07afb9185020036f9adbb8f179cdc59e,1,a6fd0cb116e6e5c0c4cb294fe86e8e63,7318b96d447906121f5d988f776abf09,2018-07-14 09:00:00,35.76,15.01
6852c038be54cdf1478205fdc6026414,1,b34c6c7358330b306c776e950b981ccd,0c74dc0f5a57553995560a2d3713b466,2017-01-27 23:00:00,67.39,23.06
6852c038be54cdf1478205fdc6026414,2,720b274b82a7f586e61d9cde1747f387,80bbae526ec0126921084dd9f75d1e3c,2017-01-27 23:00:00,42.98,39.7
6852c038be54cdf1478205fdc6026414,3,12b2102d940c350337c86152beed0af9,94a53fdef10d27c89780c2152b2bb8e9,2017-01-27 23:00:00,59.68,22.7
39829dd41828da8f50d8ae135a663824,1,48769153c68813fe52555c758d55119e,9fddde2ea8a2b7ad2bd3cdcd27794685,2017-08-07 12:00:00,1055.45,33.05
9b4d6f3ebb8591534918df40b3ff962e,1,8fe069b6eedaa8024568f42689e03e22,67f5ae02af5b8f47ceae71cfce000af0,2018-03-21 06:00:00,28.37,44.97
0ce3dcce0b2a29944cffa0376feb3d46,1,89b5aab0c12169db2f12b150605fb1eb,3240d7a14027ab7d143029a9d88f1c94,2017-11-01 18:00:00,39.0,20.06
afb29df97dddf3dcba1306b5be54b9d8,1,9d264599c4dd8df59aec56a857311609,e3954cb17f7f6c0a07c0d116a394ed54,2017-01-08 05:00:00,45.29,34.43
339839aa7e95b992af7da5d4238c929d,1,8fe069b6eedaa8024568f42689e03e22,6a662fce7089fc6d2877f5d90f5675f8,2018-08-11 22:00:00,60.68,9.65
d7561954d0e1288198c2fc34ebde34e7,1,e6b9d31a361f6d903ad1fa330ae4ac11,f67294643f8ea40a6b0ae0e39d896047,2017-09-23 04:00:00,35.24,28.55
69b20a83471994c93d3a79abc33c518f,1,8e96922772e76b516e54ac6d2ff8e87e,9e3c5a886aa56e6d92779574c4576cc3,2017-10-29 02:00:00,107.8,39.94
836a2e1d38f53fd1a711fd9023451386,1,cc351e4f703e957f35ab8466b5578b00,48b763d5e519dd7e84d67c4ff0df1684,2017-12-21 12:00:00,27.67,40.83
9ea8428428d30ca31652142c4b6ec9d5,1,6c93a7918b60c511b8168aebac6a7c85,64ab851bf1fac6e7170d750705eee1d4,2018-04-20 12:00:00,29.78,10.57
7551eb4f24b0e62f85ba25043e0790f1,1,4988e418f6c31218c1836315330f8be1,7318b96d447906121f5d988f776abf09,2018-02-25 02:00:00,88.89,11.31
7551eb4f24b0e62f85ba25043e0790f1,2,e8b3d763f4ff3f3a4d9dbaeb553d2625,9d4b2bf94d85e9c7a0017720200b2903,2018-02-25 02:00:00,130.59,20.03
7551eb4f24b0e62f85ba25043e0790f1,3,6c93a7918b60c511b8168aebac6a7c85,5da39a73ba3df7ff43b47ee5e1e89e7e,2018-02-25 02:00:00,62.18,40.39
6bfebd17f60ad0a38eeefe9559876711,1,e00da49deffa20023040413c4690fb15,14cb056407437c3bdd20c3bfd342af08,2017-11-19 04:00:00,109.05,24.98
ca44724a45020c28d824a59edb33ce63,1,e9ad0e9b8c9aa1e9b3b263376a74dbb7,3da06476f778c676750d112e8164ceec,2018-04-03 04:00:00,60.51,44.07
60df109ac0ff979ebd29e827e0f2d1dc,1,67c0518b17efa621081c79d4c27437eb,48b763d5e519dd7e84d67c4ff0df1684,2017-08-05 12:00:00,20.16,21.18
4e85661e3bc6c4e26dd5346eab2f4642,1,f6eab3a00153922123310a28c550eca8,14cb056407437c3bdd20c3bfd342af08,2018-07-04 01:00:00,77.93,23.53
0d0b906366c5558fb54ec3231e53a5da,1,40afbf3f3df519674d8670bda2224f96,0a8bb5b490494583ec86a890d7b00bdc,2017-04-01 22:00:00,13.28,31.75
798f5e3fefd1422eeb4282154c3d8a35,1,74797b6127372b527a6a210722319050,22498f666e51484d1b84edc3d8e049de,2017-04-03 15:00:00,64.61,23.35
34be949b13b8fad41ed7cc8aa0f1963a,1,8f3dc97fe6b0da0ab98f5dbe15aede0f,b048faa112ae5c22741b77f54c24a053,2018-06-23 20:00:00,70.44,27.55
968c5275c2174dbbe10db2b198813adc,1,12d15585b68e47fa3f175534cc4d5819,5716dc2e343ada2a76e5ae787bf7e1d3,2018-04-30 16:00:00,65.02,9.49
c49dc4fccc641c0031b41e884b0c8c70,1,e8b3d763f4ff3f3a4d9dbaeb553d2625,14cb056407437c3bdd20c3bfd342af08,2017-01-18 17:00:00,165.02,39.34
252b473ad2cdb6834c564c15e507b981,1,501ba8515ee68495340029c3ea11905b,ac2a4f71a77d95f1d7c4fe9ce1e0fffc,2017-11-30 01:00:00,76.86,36.93
3a87b3e2dbafd3b150ff1ea703f5dc20,1,4b91b8cb6ae66582b852b3cd9442b5e6,14cb056407437c3bdd20c3bfd342af08,2018-03-15 22:00:00,188.3,22.36
cef24e8ad1fcbfa4816caa347d96e941,1,af70de702b69c95e85671b58926bffa5,0b95017c5dae1201673ba8bdc38c1dec,2018-05-28 02:00:00,22.75,10.83
4aef9e25c9699ed64baec9a5274c51a1,1,cb881c32cbb02a8bd908a121d1a7ba20,e3954cb17f7f6c0a07c0d116a394ed54,2018-04-22 04:00:00,26.75,10.26
53067adad8bfc4d580d54f854d3d22c1,1,9d264599c4dd8df59aec56a857311609,8d2238e6c7bf4fbcd43cdd6de0c1ff1e,2017-07-13 11:00:00,19.51,33.35
569807e3f16da24334def7eeb4d713fb,1,9a4ffc0c9165f2ed4c636e95025f5543,c561b8dca4364fcdf2d3f7610ba36279,2017-06-02 08:00:00,60.93,25.58
9a9eb406d59101cef18f2155865b0427,1,e8334da5de95d6953579c1437ab99428,7f53a88e4efc8248e10b1a477faeb748,2017-09-25 15:00:00,14.59,23.88
9a9eb406d59101cef18f2155865b0427,2,4ce953a722d90db3982a2277f966d59f,67f5ae02af5b8f47ceae71cfce000af0,2017-09-25 15:00:00,101.1,24.66
7497d326215745a0d658db7dbfe46ba0,1,01bb819c4dfe111722af711f1b628a9d,98f6fd7f7eb162f14806f8040cf0374c,2017-06-01 10:00:00,71.71,10.78
5ff2b09f084a2ec43b9180f58daf7c97,1,54bbbcf828fea7618d49fe3f2ca8f783,64ab851bf1fac6e7170d750705eee1d4,2017-10-27 11:00:00,34.88,43.56
e35f41db0a120876c74de5e3e31896d5,1,47c68688ecf32053af36b8cc13087974,dc8a49225005680f24c778a59b4e164b,2017-08-11 02:00:00,129.46,41.92
9cdd1043ba80c88b9da3e777598c1a48,1,27b608dc589decb075eb89c23f5cf2f3,6a662fce7089fc6d2877f5d90f5675f8,2018-02-16 03:00:00,69.28,36.05
8d8f194c2a8c5fdbdcee656d7420431e,1,40afbf3f3df519674d8670bda2224f96,ac2a4f71a77d95f1d7c4fe9ce1e0fffc,2018-04-11 23:00:00,83.21,34.74
5f144f16e7744ce213e7b504c58aac51,1,5fdcabbf6b9cd71cf6ba745ba55871e3,9fddde2ea8a2b7ad2bd3cdcd27794685,2018-08-04 14:00:00,289.44,14.41
cbd4b8db541c8f78489f3f1a566fe0df,1,df495037b40a9181ac09bdb799086e47,7781321e83c501cbfef7d9ea7f8e5483,2017-04-29 20:00:00,96.67,15.7
2964aa991728c576452d52fac0ae3ba6,1,12b2102d940c350337c86152beed0af9,f28e41225894f7f139b86bb2b596ca7c,2017-05-10 05:00:00,86.51,10.09
960144c01908b1b2cbfd0aa6fc696d17,1,5c11ab6d42f5b3f54ef4c34d5bf86f3c,a45409374a27ebf28baaf744a08dd21b,2018-08-07 18:00:00,104.62,23.67
e702c0d88875b591e11db469bde85aab,1,1bf645f6232452114588fc1bb2384849,a417c09380a8a23d17eaec838892042f,2017-01-31 04:00:00,56.79,20.28
4056c9bdbdc27e8fb142b54e5fd62bb0,1,768b4f7e64215e665fc64cd0721e8b1f,64ab851bf1fac6e7170d750705eee1d4,2017-05-25 12:00:00,126.77,33.92
df632d7a5ba3d1da1863f1595ab2c279,1,49646b96fa3c1628892621df465568b7,3de2885951b1943c1b2ededb8fc85fc0,2017-06-26 19:00:00,176.05,40.69
5cc7127a2b148354c767364495a1dc98,1,8fe069b6eedaa8024568f42689e03e22,7781321e83c501cbfef7d9ea7f8e5483,2018-06-08 14:00:00,80.8,40.17
3ee5236e299b4130cafcbc0e2b66201c,1,6afa828c2cd10b9febe5841fe9c96c52,20da897258321ee48471b4b0ae1b9f69,2017-07-07 22:00:00,64.3,33.66
c354fc525ee886273ee05165383819b8,1,bf51936241a64feda7edc8d8713f8f8c,f67294643f8ea40a6b0ae0e39d896047,2017-03-20 20:00:00,18.37,22.15
5a9efefcf07c0e77b6961feb8695b07e,1,93d563ae51a3ac26937bf79bbb44badc,0217ea0e896490ab4926ce5f78786140,2018-03-26 22:00:00,340.52,32.91
32562c45bfb5ab4eea57353c1dc61cb8,1,d18183d1ac2b0cfcc5c51060991121e7,64ab851bf1fac6e7170d750705eee1d4,2018-02-08 01:00:00,19.21,9.17
2ec8d7c7b2846e074cbe5d5d2c24bc1b,1,3d44cb2cea45ba416589ada1345af934,9fddde2ea8a2b7ad2bd3cdcd27794685,2017-04-02 20:00:00,18.54,14.22
47e75b710a9d484c915ca65d8f359e6c,1,a205e54fb1e8c09dbc20b9f24a9c589e,28caaa1dc35bec2c3098f7b2500e15c0,2017-08-21 17:00:00,73.83,40.77
4b295ee518076bffbcae99f6691acd19,1,4ccb235539d1c7ffb27e1442fd7fe973,22498f666e51484d1b84edc3d8e049de,2017-02-27 01:00:00,103.61,35.84
0f4fbd2bf039d524089742f0923da956,1,05c8234b1d763a66b5f59cb0cf685878,0a8bb5b490494583ec86a890d7b00bdc,2018-06-19 02:00:00,34.79,32.04
d142a87105b2622f3603768daa7694d9,1,51facefad6f89f7ac2fa1da878308631,7f53a88e4efc8248e10b1a477faeb748,2017-08-06 22:00:00,31.05,41.72
b245ab9c2b4e1135d02e4cccae0343a9,1,75f8e3a87d97ac0fbd5609c4a4461663,dc8a49225005680f24c778a59b4e164b,2018-05-04 01:00:00,228.58,39.38
c3545cd866f7d56a11d9b407c3359955,1,12d15585b68e47fa3f175534cc4d5819,f67294643f8ea40a6b0ae0e39d896047,2018-02-23 09:00:00,235.02,28.79
976343b4b209683eb7cc715734cc97ac,1,12d15585b68e47fa3f175534cc4d5819,9e3c5a886aa56e6d92779574c4576cc3,2017-06-28 09:00:00,29.39,36.68
3ecfc25ec94e36bfa89fd6ce4726d174,1,edcabf9465f6ba53d226a8b3b674410d,3de2885951b1943c1b2ededb8fc85fc0,2017-08-29 15:00:00,58.19,42.31
82d10a80a76fc07bd99472c6e6b87bf5,1,ef158d5b2d007d05d66d4627e1dace6a,9e3c5a886aa56e6d92779574c4576cc3,2018-02-22 17:00:00,86.58,31.34
4bc58129c5388e2adec01aa2a6ba6a87,1,12d15585b68e47fa3f175534cc4d5819,6a662fce7089fc6d2877f5d90f5675f8,2018-08-26 09:00:00,127.32,11.29
0449464fd736466b222b043687c73b31,1,2cd58759e95d2761bc36dc59e134edfc,a417c09380a8a23d17eaec838892042f,2019-01-03 20:00:00,551.53,18.38
95e7b61004c0d48a98bf6a3e6867035e,1,811414f8d9df0d0e225aed6cf0458043,f28e41225894f7f139b86bb2b596ca7c,2017-11-04 09:00:00,272.2,22.99
ca2e8da6708aa2f7d0add6058864d32c,1,14a34f7fd90dd19bd3fbe043af1d5a1a,0217ea0e896490ab4926ce5f78786140,2018-03-13 16:00:00,211.98,13.43
12dd5bb795d6b0e448a0d015686279e7,1,e8334da5de95d6953579c1437ab99428,80bbae526ec0126921084dd9f75d1e3c,2018-04-24 13:00:00,97.21,35.69
e3c28fe1e89f53ad970accbbfc3a70ac,1,18fdd2b979e5c9aa592a35497ba109d0,67f5ae02af5b8f47ceae71cfce000af0,2017-07-04 03:00:00,84.67,43.98
9ba67574e52caa8640604075ceb6f894,1,1bf645f6232452114588fc1bb2384849,2138afe08d38bbd8fba6abf7cdbcc653,2017-09-16 09:00:00,86.62,12.66
9ba67574e52caa8640604075ceb6f894,2,d773f98d550c2fe9654c11d9f2e61828,8fd33afc91fdfa4f0d18ab95668c8477,2017-09-16 09:00:00,33.13,32.35
9ba67574e52caa8640604075ceb6f894,3,564cfbd2bc92fd81039b058c2faabe0b,64ab851bf1fac6e7170d750705eee1d4,2017-09-16 09:00:00,30.95,34.8
7856fcb38b27036bd7f74004a2b491ff,1,905c7bdd74f0beae6a5943ce836435e3,46426c458d03f17af4d375c1a29319fa,2018-03-15 00:00:00,60.95,37.08
9f54a3d21a30a775cce6fd28f141be04,1,546252e7f43ba0524459bd6ec0f63229,a45409374a27ebf28baaf744a08dd21b,2018-08-15 23:00:00,50.26,40.54
b5f861b01eda228c41f3e01c7da1f511,1,649f7d888989c5abfe2b34d82db0728d,6929de738693fd9d7a89cbebb807d78a,2017-01-08 16:00:00,22.05,15.27
bb54c7f44c5b6bf4309bcc9a0a5211cf,1,38d5101f423cad9d193e478302b34254,c561b8dca4364fcdf2d3f7610ba36279,2017-07-27 01:00:00,157.24,8.95
08bbd3f5a13f7bfd78a1ad7fc95351ad,1,7a3a6e9623ff23d3fb4fb88a2f4dd219,3240d7a14027ab7d143029a9d88f1c94,2017-11-27 00:00:00,360.34,29.94
3fb65c7e5da17dc9ab489f7a64745dce,1,3d4196fe963a8617bdab07e79d9d028e,d040158728e213bce6fdd7afdd84cacc,2018-04-12 11:00:00,36.03,41.01
bb3c0b49bd08ce57f094dfd0c465eb6c,1,8f3dc97fe6b0da0ab98f5dbe15aede0f,6a662fce7089fc6d2877f5d90f5675f8,2017-08-07 10:00:00,130.9,8.78
bb3c0b49bd08ce57f094dfd0c465eb6c,2,eb053fc41b656dab2de46e91e8e6e840,932cae01d2c65ee468d0a2a8c4e7f7dd,2017-08-07 10:00:00,78.69,19.9
c31824150dad0c7be66693e381d9beae,1,ef158d5b2d007d05d66d4627e1dace6a,dd39d7936257a4a2f204be894a4b5563,2017-11-08 21:00:00,34.82,30.07
29bafb6357c8f6f60c0b2fd78f95a628,1,548e1f6b69ce1e4e19a692c90d700ea4,a417c09380a8a23d17eaec838892042f,2017-04-11 17:00:00,257.45,13.88
d2a7e34e12cc39c8bef3294863f15a67,1,bcc57be00779250a6544e3136ea05d13,0a8bb5b490494583ec86a890d7b00bdc,2017-07-23 12:00:00,31.45,17.18
6553c98b656f1ba70aa1b5133c8b8741,1,8fe069b6eedaa8024568f42689e03e22,83d5bceb5edbb8eec2baf0e02179e3f0,2017-02-22 10:00:00,15.75,17.84
6553c98b656f1ba70aa1b5133c8b8741,2,d61169a1ff46a6bf094d916deb6d2fed,fcef1972bbf483ce51beb80eb7e6a14c,2017-02-22 10:00:00,79.06,39.8
a63661009310ff3b1cb37f3edb8307d9,1,06e3f9498cd34c62c4829b71ae84b81c,8fd33afc91fdfa4f0d18ab95668c8477,2018-08-08 02:00:00,197.21,38.14
172f220383880cf339a20ed15452185c,1,501ba8515ee68495340029c3ea11905b,7781321e83c501cbfef7d9ea7f8e5483,2018-07-30 19:00:00,56.81,40.79
688c2b33cfc62c97f831a42e3c1782b6,1,6147adeb277b06674499d0a615007170,5da39a73ba3df7ff43b47ee5e1e89e7e,2018-11-15 08:00:00,9.48,13.71
180922f6cf18383a7f3eb2406c543e3f,1,0406ff447ce40679a8c6dbc07bb3447b,9d4b2bf94d85e9c7a0017720200b2903,2017-08-27 22:00:00,39.22,15.74
a3212daa865394a3eeb226f2a49ab750,1,a3422e509e2a73240f79a8a75f8a14bd,d040158728e213bce6fdd7afdd84cacc,2017-05-12 06:00:00,61.88,16.7
904c264719aabe5aa4739bb0ce430e71,1,51b30182f7fe604f65f30779f6ee5cdb,4ddb1b36272c058884a2576c1fc905f8,2017-04-06 17:00:00,129.21,34.14
2224a0d1ebeb50d98f8822b7de5b12f7,1,6aa0426df7c0d5f769a53b4f8ff8869d,83d5bceb5edbb8eec2baf0e02179e3f0,2017-08-15 17:00:00,97.77,24.25
9de9b5186c5c113810b4caaf0008b748,1,2a9528c35ae1dbadaa2960fda85894df,8d2238e6c7bf4fbcd43cdd6de0c1ff1e,2018-02-08 17:00:00,32.48,30.37
b091e536918245136fb90ec652d7f029,1,ae27d4321dc1e7eb711c767385351a69,3eb051817ba245884d560a3df4e7069a,2018-06-16 19:00:00,57.55,36.83
9d46df4155c65dc208d87a8bcc2d93c8,1,c36b9a0a41e02a89566a9ce7af521b94,b89bdf7f93e34c35ef0a573d53d2d56d,2017-08-07 12:00:00,253.81,37.27
0a3e1572d7bfc03e0387f6d628ef4623,1,01a25ed1c3abb5f10c6b7074ab102c9b,66124ab4f9b21e6e586a346adc5be7d1,2018-08-08 12:00:00,114.21,24.57
dde4fe4f03a301d05046f4a1d059a088,1,e8334da5de95d6953579c1437ab99428,5da39a73ba3df7ff43b47ee5e1e89e7e,2017-02-08 16:00:00,47.08,16.23
bdc6a8046fdb20da734f61caaf5fd46a,1,60a399d4e821e716eac80da1de9f6f5b,94a53fdef10d27c89780c2152b2bb8e9,2017-09-17 05:00:00,43.16,14.39
0caa73c985ac0d30634f91081140a324,1,8ed8a80d84cfee39bf31c29f82bbad84,0217ea0e896490ab4926ce5f78786140,2017-12-06 23:00:00,25.66,29.27
1e8c6c82cdd1f547651cd985338a673a,1,b8f0188efb37afaecd8563ca193e638d,94a53fdef10d27c89780c2152b2bb8e9,2017-01-06 12:00:00,202.51,23.04
cf2df4a6c9720c70856188e7566b8b3a,1,e8334da5de95d6953579c1437ab99428,0217ea0e896490ab4926ce5f78786140,2017-01-08 16:00:00,54.65,13.69
0ab9bb9ade04f248784ec5e9d211ad6b,1,cf0e6d2b315c167a45d8a6ad77d0359e,80bbae526ec0126921084dd9f75d1e3c,2017-01-20 06:00:00,40.33,31.79
0ab9bb9ade04f248784ec5e9d211ad6b,2,61935990abdd1a8fa4b05c89f10bce9c,2138afe08d38bbd8fba6abf7cdbcc653,2017-01-20 06:00:00,147.08,35.23
5cd1f29335b1d7d41c093b8244cb3cf6,1,2e0fb5b38bae591eff4cc10f979c30cf,9d4b2bf94d85e9c7a0017720200b2903,2017-05-24 16:00:00,14.23,21.97
453013c6403fe0099df32389b79c3150,1,3b9b2d45a35055e439c59df987f255d6,e3954cb17f7f6c0a07c0d116a394ed54,2017-05-26 22:00:00,126.45,18.37
afcdeb63e8b7b97dfe516a8a446e164a,1,b076a7dcfd0ce433ca5e151b23d3cd4c,f67294643f8ea40a6b0ae0e39d896047,2017-11-15 07:00:00,146.11,31.73
35b49941842fc231ed976c7e4ae39c1e,1,92a81713b90ed44b951c25d54d4c5280,566e3cbe9aea622fe6e987cab87b6384,2017-10-16 19:00:00,105.82,31.76
794826b3a75d09783856167524f82a96,1,bd1a8f4b88ffbd403b72c86d92fa675f,d040158728e213bce6fdd7afdd84cacc,2018-03-12 23:00:00,23.01,29.21
794826b3a75d09783856167524f82a96,2,a6129a1c889d4b76775c30b561730c48,0217ea0e896490ab4926ce5f78786140,2018-03-12 23:00:00,450.0,23.85
e0e730bbd18c0aecfd24276613d01698,1,74bd0c938177b66137fe032c02571851,3eb051817ba245884d560a3df4e7069a,2018-05-30 03:00:00,69.77,29.58
660a3c587a9ede9daf6c671604532d47,1,49646b96fa3c1628892621df465568b7,28caaa1dc35bec2c3098f7b2500e15c0,2017-08-04 23:00:00,198.14,31.39
660a3c587a9ede9daf6c671604532d47,2,768b4f7e64215e665fc64cd0721e8b1f,b048faa112ae5c22741b77f54c24a053,2017-08-04 23:00:00,79.52,28.98
96e8244525906585c7828c907b25f00e,1,5a2837b2cb8383f2bb96f6022b115c36,66124ab4f9b21e6e586a346adc5be7d1,2017-05-07 13:00:00,92.04,24.16
96e8244525906585c7828c907b25f00e,2,0406ff447ce40679a8c6dbc07bb3447b,e3954cb17f7f6c0a07c0d116a394ed54,2017-05-07 13:00:00,43.97,23.57
a1d2fc0f571b8409544b032552a9e050,1,582b91eef8e8035b0c00988a7ee1011a,b048faa112ae5c22741b77f54c24a053,2017-06-28 21:00:00,80.56,32.99
668d7b7232cdc1d00c99a75bd9d01c72,1,c8d0f9e5991965ea98d00c2c17d30f32,22498f666e51484d1b84edc3d8e049de,2017-06-07 21:00:00,127.06,29.56
791868e3f9f08c1c6979bafa436e7bb8,1,51b30182f7fe604f65f30779f6ee5cdb,4ddb1b36272c058884a2576c1fc905f8,2017-09-13 16:00:00,16.51,30.69
8f3f57acf634100c64bc999b8250b470,1,f6d22a7baec76a82148b4376602a4e57,0c74dc0f5a57553995560a2d3713b466,2017-11-19 13:00:00,39.92,19.26
7770b90ef25d2c850622a2946399839f,1,67c0518b17efa621081c79d4c27437eb,6a662fce7089fc6d2877f5d90f5675f8,2018-05-07 16:00:00,118.66,31.39
ff99581de428539a4963cfd4f15acfd2,1,5d71a89864976593c92e8c93d105c8d6,3da06476f778c676750d112e8164ceec,2018-02-23 18:00:00,107.57,28.81
ff99581de428539a4963cfd4f15acfd2,2,dabf984e53ff84612a1f1b61265cb9d9,6a662fce7089fc6d2877f5d90f5675f8,2018-02-23 18:00:00,68.66,44.86
1f846af375ad919a73d1ca2b608a626f,1,0f25477da55990e74910fade52380bf2,20da897258321ee48471b4b0ae1b9f69,2017-07-15 15:00:00,162.27,38.02
6bc515b3e41f58453880446d8dc10914,1,9d264599c4dd8df59aec56a857311609,7740d8317331874912fc7a87a4704d48,2017-10-03 22:00:00,38.47,18.21
d04536d0607c2248cf1ae19dde598930,1,3508507af622d84204022b3c508211a5,5da39a73ba3df7ff43b47ee5e1e89e7e,2018-02-05 20:00:00,17.6,35.77
f7ffc08adbba8812ed632454376186d8,1,a205e54fb1e8c09dbc20b9f24a9c589e,8d2238e6c7bf4fbcd43cdd6de0c1ff1e,2018-03-29 20:00:00,161.49,28.33
17c169a55b8b8ccd2618dd5d32ae5cb9,1,8fe069b6eedaa8024568f42689e03e22,46426c458d03f17af4d375c1a29319fa,2018-01-24 19:00:00,56.35,40.37
4fe0887115f54aa03e42ee14f70c276c,1,e7ba26acab7a3d1c0cfef6833e11bafe,3eb051817ba245884d560a3df4e7069a,2017-03-06 05:00:00,78.08,11.84
a813611b94040039d26c81056d8533a2,1,b2a6e468d02b124380913ac10463750e,0b95017c5dae1201673ba8bdc38c1dec,2018-07-18 19:00:00,223.27,20.4
dc237929fbacb2e8186f4fa504e34cb1,1,083f64c31ce362f8c3f725feb99b2b5a,0cf477ef18c8a61624108e9a3f779cae,2017-09-22 17:00:00,11.11,29.72
f90d3083f492444660fb298e845ba11c,1,9d6b9b626b535a19a902b73fcf39f648,67f5ae02af5b8f47ceae71cfce000af0,2017-07-19 13:00:00,106.59,16.01
a006b58f793acc48ab867e53a2fbfaaa,1,f80b2cea658e54a29879cf35f4719986,98f6fd7f7eb162f14806f8040cf0374c,2018-08-24 18:00:00,31.86,16.59
3f0cbf7dc99bd7825ea6c0a0285f6c82,1,e6b9d31a361f6d903ad1fa330ae4ac11,c48d56502e9522d696792482a3c988e4,2017-10-03 07:00:00,38.59,29.52
6364d40ffd692ef1c1464090b502ceb4,1,12d15585b68e47fa3f175534cc4d5819,d4d607350e2f8958de431e06e9247069,2017-09-15 22:00:00,303.77,33.82
a38ff7139719d16c786b687490c50d15,1,0b531932bd9419aa3ea6e5b20c760d28,f67294643f8ea40a6b0ae0e39d896047,2017-04-20 07:00:00,28.7,36.92
bb5ed05462f80d9423d2f968e56fd112,1,c777a07f6346d4ef69ef74e34ab6821c,14cb056407437c3bdd20c3bfd342af08,2018-05-10 23:00:00,12.22,36.97
23817db975c32e981bdfdf34990c8fb9,1,cd4f8b2b899ac252c1e1b94a78883058,80bbae526ec0126921084dd9f75d1e3c,2018-09-25 11:00:00,90.17,32.6
999eff31387e1146542186b737ec649a,1,84182d353e711433bd90b81afbe0e6b8,66124ab4f9b21e6e586a346adc5be7d1,2019-02-05 20:00:00,24.95,34.58
43ead84ab0fca9d9cc1186c08ba5944f,1,7317591a3283daa4e212ab7c9d361cb6,7318b96d447906121f5d988f776abf09,2018-07-02 04:00:00,28.91,44.09
1285c5f5f6fe34c8bf7c4122087166e1,1,694d7b008d388327883f13c601b158e9,9d4b2bf94d85e9c7a0017720200b2903,2018-03-05 22:00:00,121.36,41.13
1285c5f5f6fe34c8bf7c4122087166e1,2,e05277394d406f1b3ca5be2952171bf3,a417c09380a8a23d17eaec838892042f,2018-03-05 22:00:00,142.12,44.87
ca6c57e0161efdf6e23e12f0b3af11a9,1,5c0b9b10a757cb1042f525b902ed73ce,46426c458d03f17af4d375c1a29319fa,2017-03-25 16:00:00,283.67,37.71
125e0ce99aee253d300176036dbf7fbc,1,0426fcc9255b30e2bdc2b74b38a56b49,c48d56502e9522d696792482a3c988e4,2018-06-08 13:00:00,104.41,36.95
125e0ce99aee253d300176036dbf7fbc,2,df4e713ef64e3dfcbfbeac7aefc59738,6929de738693fd9d7a89cbebb807d78a,2018-06-08 13:00:00,49.14,20.89
125e0ce99aee253d300176036dbf7fbc,3,b8e19f568787ea2104482a220308aa5e,b788f5d1ffe575f665edcfe34f2dad3f,2018-06-08 13:00:00,100.89,20.41
10a423decf08ac06b87d6e7a7c8f1e1a,1,54bbbcf828fea7618d49fe3f2ca8f783,66124ab4f9b21e6e586a346adc5be7d1,2017-03-23 14:00:00,53.64,18.45
10a423decf08ac06b87d6e7a7c8f1e1a,2,3db02235261e2555863e1f2a18a806ef,35f789bca6b0745843c07d4393a74792,2017-03-23 14:00:00,47.53,31.26
424d346906a0bfb45df0fb2667b43715,1,bf51936241a64feda7edc8d8713f8f8c,0c74dc0f5a57553995560a2d3713b466,2018-02-08 12:00:00,98.61,39.04
2b22d9cd685b58a978c2249a01f9214f,1,76876c624c61845efa7e5d9405d1fb63,5716dc2e343ada2a76e5ae787bf7e1d3,2017-10-08 02:00:00,41.41,13.48
449a1d038de2fc8dc055ceb0b9ee2247,1,d1682e09f1f7d90413075157d8c128e7,d4d607350e2f8958de431e06e9247069,2017-11-15 06:00:00,59.36,39.56
449a1d038de2fc8dc055ceb0b9ee2247,2,b34c6c7358330b306c776e950b981ccd,c48d56502e9522d696792482a3c988e4,2017-11-15 06:00:00,23.81,24.39
76e06135c25905bf994aa04f0a7ab509,1,694d7b008d388327883f13c601b158e9,f28e41225894f7f139b86bb2b596ca7c,2018-03-17 03:00:00,35.66,41.67
9c38e544ed2483098e32fd20ac941700,1,582b91eef8e8035b0c00988a7ee1011a,0c74dc0f5a57553995560a2d3713b466,2018-07-20 13:00:00,84.11,13.4
0556cf65c4a5dc98b2a7c9b54e5a046b,1,79db78628d7dd772608e2f5c61177270,5da39a73ba3df7ff43b47ee5e1e89e7e,2017-12-21 23:00:00,56.52,33.51
3900f29bed2b667417de253f6a147272,1,df495037b40a9181ac09bdb799086e47,a45409374a27ebf28baaf744a08dd21b,2017-02-15 19:00:00,43.16,26.95
832507834d2de4cb366c6b8a2c9266a4,1,bed63da08033f5c21413d64db962c8a7,66124ab4f9b21e6e586a346adc5be7d1,2017-07-11 08:00:00,116.65,42.86
24f753a3a83b921238bc4ce736804804,1,0592bfa5b928e23f4ee4334ece920136,b048faa112ae5c22741b77f54c24a053,2018-01-19 00:00:00,15.01,42.1
4d52329406c4f4a2218aa7c0d447c810,1,b1fead13f280df1d9a6c0db952171c88,ac2a4f71a77d95f1d7c4fe9ce1e0fffc,2018-05-18 23:00:00,34.86,30.35
d24243abf007eee0c7bd7b6388197b4c,1,ec95b3ac0beb7c3445667c4879ba630a,83d5bceb5edbb8eec2baf0e02179e3f0,2017-08-27 23:00:00,36.22,17.01
bd6e2570839d8c611061abba7e02bf27,1,cb80f288446f64dd5abca6e5d0b1e3eb,b89bdf7f93e34c35ef0a573d53d2d56d,2018-01-25 17:00:00,149.52,18.57
f1ea44de4bb38a829d6ca0211e46ecdc,1,c2e79a985c238d8d71da35b94eea9db8,94a53fdef10d27c89780c2152b2bb8e9,2017-10-27 13:00:00,229.8,23.57
0f53e8c59ffc9099b8ab2113cc1241a5,1,2d79a2d1506e50c77aa061e9336b00cb,3de2885951b1943c1b2ededb8fc85fc0,2018-05-06 00:00:00,114.66,22.3
d8868d4d493bafc41547c5db1573223d,1,54bbbcf828fea7618d49fe3f2ca8f783,7781321e83c501cbfef7d9ea7f8e5483,2018-06-11 20:00:00,66.95,41.61
1a70a81a4202c418b6aedb91890e2e44,1,2a9528c35ae1dbadaa2960fda85894df,20da897258321ee48471b4b0ae1b9f69,2017-08-04 21:00:00,163.39,15.78
f16cd8d050e04efe4797222cfe50fbba,1,f165d77901547950176de21f1b46ebdc,c48d56502e9522d696792482a3c988e4,2018-01-17 09:00:00,40.89,18.86
ac1330dfd18432b5249b4a0e1c1f989f,1,97777f10f2d2393f8e85140d0f9aeb70,48b763d5e519dd7e84d67c4ff0df1684,2017-12-04 01:00:00,151.19,29.62
7622d6797e51471be49a4f584aeedf72,1,ea163354a35fc9c1980495628972abbd,46426c458d03f17af4d375c1a29319fa,2018-01-03 10:00:00,49.09,21.82
27f38c77e17e22cfbb2bc475a525c6d1,1,0b531932bd9419aa3ea6e5b20c760d28,c561b8dca4364fcdf2d3f7610ba36279,2018-03-12 06:00:00,44.39,8.43
ad071055b854a254e35b8688e42ef1b2,1,8570b59fa903ae67fc568b5324acb722,35f789bca6b0745843c07d4393a74792,2018-04-17 04:00:00,139.35,44.74
ead7bec59b4974a540d15c15ad5b9058,1,98874bfec1369c65ae2ae3413f59e4f2,0217ea0e896490ab4926ce5f78786140,2017-08-06 01:00:00,57.03,38.86
e502fd39b0e0565ab72423d687d5292c,1,0426fcc9255b30e2bdc2b74b38a56b49,48b763d5e519dd7e84d67c4ff0df1684,2018-02-10 04:00:00,113.97,35.21
8174a0965a2df2b151d9170e7544d3e6,1,5d71a89864976593c92e8c93d105c8d6,98f6fd7f7eb162f14806f8040cf0374c,2017-10-14 17:00:00,191.93,24.55
63a6b06fed871e968415c0385da5f675,1,ea163354a35fc9c1980495628972abbd,d4d607350e2f8958de431e06e9247069,2018-05-16 14:00:00,165.76,29.43
8ba1740726633334b4a17f7a709240bc,1,00c59f30d103142441241bb4655ce508,5128b9b1f8ede0ca20156a7212e153a6,2018-07-09 13:00:00,75.0,22.35
d36328f4e6a4ab122857d66d345aac28,1,cf0e6d2b315c167a45d8a6ad77d0359e,c48d56502e9522d696792482a3c988e4,2017-07-31 15:00:00,51.35,21.73
8e39d3e839485a8ad4227f59c3f97e60,1,3ae2802354720d2d32399ffb27046f25,20da897258321ee48471b4b0ae1b9f69,2017-05-14 04:00:00,109.85,36.12
ad84fd1ae3715388377383357d25eadb,1,f165d77901547950176de21f1b46ebdc,8fd33afc91fdfa4f0d18ab95668c8477,2017-10-13 15:00:00,710.96,34.34
b6a160619d7032c104789ccf041dac52,1,e00da49deffa20023040413c4690fb15,20da897258321ee48471b4b0ae1b9f69,2018-06-24 12:00:00,205.12,43.42
54292824f1d6d202e86a5ba5152652ea,1,76492e64f55dce6d6d268b378f5242d3,d040158728e213bce6fdd7afdd84cacc,2017-12-11 13:00:00,74.16,20.9
62684b43408cd80dd175b167175ec2b5,1,aaf407f70fe761493c7e5368b1594847,3eb051817ba245884d560a3df4e7069a,2017-04-27 07:00:00,48.3,40.43
ace08b86bc11330ae16dac5bb06fcf8c,1,286ed390edd97a1afa585b278ce3e7c3,5716dc2e343ada2a76e5ae787bf7e1d3,2017-05-17 09:00:00,62.06,11.18
16e384c4034b0549cfd3aab23365d25b,1,ec8be53758ab4778143b45e3b6d1f6bb,3da06476f778c676750d112e8164ceec,2018-01-27 20:00:00,32.64,27.28
0cf24f5aaed557269fff8f802e0182a2,1,ec6a37ad81b15db988cc4d49669b29b8,64ab851bf1fac6e7170d750705eee1d4,2018-07-16 02:00:00,53.93,31.78
753f6434c4e3f86241a5b2f0fb3c8d94,1,891f691217abb8635efeef4fd8ddbbc0,77a7e8b75e70f65f9280c5aa8dd4595b,2018-11-01 06:00:00,80.19,36.85
c1e96e0e075e3b87a5cba86d5b216412,1,54e38579c0afd193f780ef2f664d5922,6a662fce7089fc6d2877f5d90f5675f8,2017-09-01 03:00:00,72.9,41.22
83cf176eb0ede2f5d4af795e83c4e6f4,1,389589399342a09fb00ac64c949cd8d4,66124ab4f9b21e6e586a346adc5be7d1,2017-06-15 03:00:00,124.41,28.36
8c8e302106624e644bdff0e061539a40,1,905f9096299656e24c9d690713b22cec,94a53fdef10d27c89780c2152b2bb8e9,2018-03-25 03:00:00,20.79,12.05
8c8e302106624e644bdff0e061539a40,2,0592bfa5b928e23f4ee4334ece920136,fcef1972bbf483ce51beb80eb7e6a14c,2018-03-25 03:00:00,69.66,29.15
a37b16b0b439bcc898285c33450fa0b1,1,0b531932bd9419aa3ea6e5b20c760d28,2138afe08d38bbd8fba6abf7cdbcc653,2017-02-19 14:00:00,119.77,36.64
a37b16b0b439bcc898285c33450fa0b1,2,6c521d13b719bb682775ee42a89e22f2,14cb056407437c3bdd20c3bfd342af08,2017-02-19 14:00:00,19.86,10.36
a37b16b0b439bcc898285c33450fa0b1,3,1375ee90d6b361e43b6dca0d6fe5040b,0cf477ef18c8a61624108e9a3f779cae,2017-02-19 14:00:00,35.87,43.85
2c3a11e7c9164a3b42fd68fbcff88b63,1,95831d58ef4c51198da5d39b42c21797,2138afe08d38bbd8fba6abf7cdbcc653,2018-05-31 16:00:00,51.77,37.33
5ca4a0983551bf83c9faf9b77e31c35f,1,8ed8a80d84cfee39bf31c29f82bbad84,0cf477ef18c8a61624108e9a3f779cae,2017-09-22 09:00:00,55.34,28.31
4cba06edd47262cf64425305fa87fb09,1,735741e5fe1a1ba9c8969c5b45f8c28d,7f53a88e4efc8248e10b1a477faeb748,2017-06-15 20:00:00,89.81,36.61
b881d322fe9943425c762bd60f403393,1,0b531932bd9419aa3ea6e5b20c760d28,dc8a49225005680f24c778a59b4e164b,2017-01-31 04:00:00,21.22,18.37
fe2895ad8f20d2d155c7f7662340c896,1,05c8234b1d763a66b5f59cb0cf685878,5128b9b1f8ede0ca20156a7212e153a6,2017-09-07 04:00:00,48.51,32.34
3d2f24d32469980a1c96c12a19befadf,1,d9b59f84edc3a1c32dea2d2d086c405f,5da39a73ba3df7ff43b47ee5e1e89e7e,2017-07-13 20:00:00,68.49,28.4
e8aadb20d2e45ed59a8765d7cc55f077,1,8e4c3ab56d5d0477adc29178a0411612,f67294643f8ea40a6b0ae0e39d896047,2017-09-26 14:00:00,178.63,21.23
bf461cbede96c3f4c332f820b8cf55d4,1,c777a07f6346d4ef69ef74e34ab6821c,14cb056407437c3bdd20c3bfd342af08,2017-11-26 04:00:00,50.53,44.1
d24e387a9d94601bb89a3e7c54764d30,1,51facefad6f89f7ac2fa1da878308631,64ab851bf1fac6e7170d750705eee1d4,2018-05-23 05:00:00,37.94,36.14
c912280e2cfaf3c48d8fe74d250e83ee,1,bb2aa1462999394c54a7b69b1cd66b09,7740d8317331874912fc7a87a4704d48,2018-02-17 12:00:00,63.41,30.44
fb37f111aa1adda72822f0a9db12ad2e,1,dcb9075ecdd7f460614077d39ec4ea48,66124ab4f9b21e6e586a346adc5be7d1,2017-08-20 17:00:00,97.92,32.91
8cc9308797fcfb3a19134417281f8439,1,ac3a812f765e6cb58f0d55400ec7d662,dc8a49225005680f24c778a59b4e164b,2018-06-02 09:00:00,113.36,9.0
8e114e0d7e8eda3e8f7a64a53e792193,1,df4e713ef64e3dfcbfbeac7aefc59738,f28e41225894f7f139b86bb2b596ca7c,2017-05-19 02:00:00,48.41,36.17
d481ba963e5bb677e37f9a6313551496,1,5e175b664b87959ff0cd7f05ea87855e,6a662fce7089fc6d2877f5d90f5675f8,2017-09-07 17:00:00,35.64,21.89
d752133c6a53747a38e644d9693c3019,1,8bea75c1b86677aa23d4526b2b54ff7a,7318b96d447906121f5d988f776abf09,2018-02-07 09:00:00,95.35,26.88
a77a5affcb61756c070fc7e9cb55bdaf,1,cbc72f1acf08ea54b4299924c0986750,7781321e83c501cbfef7d9ea7f8e5483,2018-03-25 02:00:00,34.79,40.64
cf95e764af31e92dbbff1e4b7236b469,1,1375ee90d6b361e43b6dca0d6fe5040b,7781321e83c501cbfef7d9ea7f8e5483,2018-04-16 13:00:00,42.45,11.94
b7a6beb2ed791d94a7c037b5aff8d43e,1,2cd58759e95d2761bc36dc59e134edfc,77a7e8b75e70f65f9280c5aa8dd4595b,2017-10-25 10:00:00,53.4,15.58
ec4f16ece31de8bd350ba5226be74e77,1,f6eab3a00153922123310a28c550eca8,4ddb1b36272c058884a2576c1fc905f8,2017-04-28 10:00:00,91.88,41.39
b4fa785bf477649bc78af9dc251c8c20,1,ea18d32c7a9a8ef5c11bd1c4ffe3f366,b788f5d1ffe575f665edcfe34f2dad3f,2017-12-20 13:00:00,54.57,10.38
a6e9b5ae6685c327f22d1294fd28a4d7,1,bcc57be00779250a6544e3136ea05d13,a45409374a27ebf28baaf744a08dd21b,2018-07-07 18:00:00,193.15,17.33
1a1d07eca9b4715f88d76d5a9eabeffc,1,a255e1bb07958c1f538d6b8cc607b1e9,d4d607350e2f8958de431e06e9247069,2018-03-04 11:00:00,11.59,11.5
e9f276a97cedcd0c37c983606917e2e2,1,8a624cbde582b678ad5229dd639fc471,b048faa112ae5c22741b77f54c24a053,2018-03-02 05:00:00,98.94,29.65
1edb568bebc19f826bed6efa31c8c87f,1,f6d22a7baec76a82148b4376602a4e57,66124ab4f9b21e6e586a346adc5be7d1,2017-04-29 19:00:00,355.01,16.98
2774e089a1d275059a8fcb9237c386e5,1,564cfbd2bc92fd81039b058c2faabe0b,3de2885951b1943c1b2ededb8fc85fc0,2017-06-10 01:00:00,125.01,19.94
4219eb725ba6612b42d8c5239925df49,1,f090f5a0ce6101996e3a0ba8ac8d6c7d,7f53a88e4efc8248e10b1a477faeb748,2017-05-11 04:00:00,205.83,27.29
7bc3b7b175fdb0a01b8c674ab3dec96d,1,6e3cdd4f55b145e470b27304545cd88d,d4d607350e2f8958de431e06e9247069,2018-08-03 05:00:00,34.83,43.63
e12ac803867432ec9de1f9efb0376816,1,e7ba26acab7a3d1c0cfef6833e11bafe,5128b9b1f8ede0ca20156a7212e153a6,2017-06-27 22:00:00,129.82,19.42
f01f7382e4fa62c2b398e4fc59dd9452,1,f51594943818cfd33889936a9d5817e8,9d4b2bf94d85e9c7a0017720200b2903,2017-01-14 19:00:00,33.08,29.31
e6dd8969aada8ba0137ad987dc2e10f5,1,76876c624c61845efa7e5d9405d1fb63,10d4de39161237c9e25df9a89ca8a5c4,2017-02-28 18:00:00,20.6,29.96
c12690a1c84db23a8ab12c8dd29dc973,1,ec8be53758ab4778143b45e3b6d1f6bb,0a8bb5b490494583ec86a890d7b00bdc,2018-08-08 05:00:00,32.58,13.51
9cbf4d7de70c32806fa97de7619987c0,1,21c71aa3741423b50e3e25f2cf0671c7,5716dc2e343ada2a76e5ae787bf7e1d3,2018-01-20 04:00:00,33.57,22.2
5f8b3066fd1b31a39f18336dce94f92b,1,a3422e509e2a73240f79a8a75f8a14bd,66124ab4f9b21e6e586a346adc5be7d1,2018-07-08 18:00:00,178.94,20.09
5f8b3066fd1b31a39f18336dce94f92b,2,baeb286bf0d0270fd4d13d551db6b844,b048faa112ae5c22741b77f54c24a053,2018-07-08 18:00:00,64.28,24.94
aabe05a366e7303ca52267569c4b1428,1,f6eab3a00153922123310a28c550eca8,0217ea0e896490ab4926ce5f78786140,2018-10-19 16:00:00,66.7,11.94
5367210cba575e206ea0682e6b3887b0,1,1bff3142a5e15b5557d3f4ddd963dc72,22498f666e51484d1b84edc3d8e049de,2017-04-17 20:00:00,24.77,18.82
ca7e2d4e939cfc04b518c9e1db5bf8d9,1,8ed8a80d84cfee39bf31c29f82bbad84,fcef1972bbf483ce51beb80eb7e6a14c,2017-01-22 11:00:00,150.97,25.45
fe22a8c383a022e04d04ccf1d4b744c7,1,9a4ffc0c9165f2ed4c636e95025f5543,0cf477ef18c8a61624108e9a3f779cae,2018-03-20 19:00:00,134.16,28.69
80f378ccebb06b15a48803694b400975,1,277eb0aaa247541dc8ad0899b630794d,4ddb1b36272c058884a2576c1fc905f8,2017-04-01 23:00:00,55.85,42.98
be2721cdd79b37a1b6ccece57a0e1bfe,1,2f8c83e56e8d9644601bfbcbf0eebcce,22498f666e51484d1b84edc3d8e049de,2017-08-19 01:00:00,46.05,14.4
4906c7eef0e208b93d4b1695a66a8b58,1,a689b4247a3a10e179c773a0e0decc3d,7781321e83c501cbfef7d9ea7f8e5483,2018-05-27 09:00:00,369.37,40.49
c11f1ed9512cd0581376ca781698a88d,1,a6fd0cb116e6e5c0c4cb294fe86e8e63,64ab851bf1fac6e7170d750705eee1d4,2017-11-15 01:00:00,147.85,18.28
f10543f9215070d4ad44fe0cdd6b5802,1,891f691217abb8635efeef4fd8ddbbc0,0c74dc0f5a57553995560a2d3713b466,2017-09-10 11:00:00,81.88,10.22
f62f7486bfb65261370ca09a809c2262,1,735741e5fe1a1ba9c8969c5b45f8c28d,67f5ae02af5b8f47ceae71cfce000af0,2017-04-04 01:00:00,29.41,26.9
5ffb3b71960f08b499b3bde0fa5afb37,1,0426fcc9255b30e2bdc2b74b38a56b49,ac2a4f71a77d95f1d7c4fe9ce1e0fffc,2018-01-23 18:00:00,16.72,26.37
8d405bf9369531db3e5eed9fde1c01f3,1,e39836bbe23ddfaaefad49e9c41c147e,a417c09380a8a23d17eaec838892042f,2018-01-24 03:00:00,49.65,12.74
ecf8c9224f624e9b69e2fcb56802711b,1,12d15585b68e47fa3f175534cc4d5819,7f53a88e4efc8248e10b1a477faeb748,2018-07-10 14:00:00,53.67,17.9
ecf8c9224f624e9b69e2fcb56802711b,2,902f34650b5707209cd8758ba5a1c825,7f53a88e4efc8248e10b1a477faeb748,2018-07-10 14:00:00,19.18,20.92
e318ea61d6e9aeba84d1fe3bcec23863,1,8e4c3ab56d5d0477adc29178a0411612,9d4b2bf94d85e9c7a0017720200b2903,2017-06-24 20:00:00,182.6,11.59
28303f49ea2b9b894fcf4a3e2c4cf708,1,6b15c11bb113d50bdea050c6eb9ed274,a417c09380a8a23d17eaec838892042f,2017-09-26 23:00:00,356.75,14.42
02a094324bfd38014eabfd0dcef7b77e,1,5a2837b2cb8383f2bb96f6022b115c36,0cf477ef18c8a61624108e9a3f779cae,2017-03-08 03:00:00,180.98,30.71
575bb6ff44539a5399135320e7a38ff8,1,902f34650b5707209cd8758ba5a1c825,3de2885951b1943c1b2ededb8fc85fc0,2017-04-14 17:00:00,48.1,8.64
575bb6ff44539a5399135320e7a38ff8,2,89628f6e929c93b333c08bf18167999f,14cb056407437c3bdd20c3bfd342af08,2017-04-14 17:00:00,16.41,12.96
eeb1ae97ccb49d2d92abe1cb7f1f2b30,1,14a34f7fd90dd19bd3fbe043af1d5a1a,3eb051817ba245884d560a3df4e7069a,2017-05-31 23:00:00,226.25,42.67
1f41b98bf0745dda768c73d98e76db29,1,0f6ce9bffe7ee3628a89b0f0105291d3,0b95017c5dae1201673ba8bdc38c1dec,2018-05-23 10:00:00,91.46,31.77
f74e54849b6382e5facf99ffb14d94c0,1,ea98fef8d0d75e373bf2025f4a0d2b73,10d4de39161237c9e25df9a89ca8a5c4,2018-05-10 06:00:00,50.26,33.45
12f62dc73cd6f53fd45fdfc89f99c8fc,1,df495037b40a9181ac09bdb799086e47,5716dc2e343ada2a76e5ae787bf7e1d3,2018-03-14 19:00:00,219.26,44.71
963cae6e8563e2f8fea9c616db59ba43,1,e723ada38c32bdb2d42a895e0fcf601f,48b763d5e519dd7e84d67c4ff0df1684,2017-12-08 03:00:00,53.99,34.32
7e510fa264d2e86abaeb5ab7a8527165,1,d9b59f84edc3a1c32dea2d2d086c405f,f67294643f8ea40a6b0ae0e39d896047,2017-03-03 11:00:00,131.79,37.59
277dbdc637e4b92786e5b1581c5c4751,1,47c1c01760452909536d47d73e0f84ce,0b95017c5dae1201673ba8bdc38c1dec,2017-08-15 00:00:00,196.43,38.78
14503e5b2584e91255b067537995ec3f,1,23a13e207fd255eeac48436668bd80d7,f67294643f8ea40a6b0ae0e39d896047,2017-11-25 14:00:00,132.72,31.25
9cf5fe1644aa1ea739595bb255ab4e6d,1,8fe069b6eedaa8024568f42689e03e22,0b95017c5dae1201673ba8bdc38c1dec,2017-05-03 05:00:00,55.59,23.79
205218cc25036cd347e151e5ec05e1e7,1,ea163354a35fc9c1980495628972abbd,7f53a88e4efc8248e10b1a477faeb748,2018-08-19 15:00:00,70.28,9.81
667676eb662d826f86e86510e192abec,1,8de1596c5a9a206a16f142a206b919aa,3eb051817ba245884d560a3df4e7069a,2017-08-14 05:00:00,33.73,30.76
a064c0ccbd279fd871c74f6268a5057c,1,2cd58759e95d2761bc36dc59e134edfc,5716dc2e343ada2a76e5ae787bf7e1d3,2017-06-12 02:00:00,166.38,19.88
7220abf900a5a790653a81fbbf966001,1,40afbf3f3df519674d8670bda2224f96,6929de738693fd9d7a89cbebb807d78a,2018-02-14 15:00:00,89.97,11.7
3e99fd32c28c57bbac475be8c263cf0d,1,bd1a8f4b88ffbd403b72c86d92fa675f,a45409374a27ebf28baaf744a08dd21b,2018-03-20 04:00:00,63.75,19.81
b9d6279b240faa2ff36450ac2cba898c,1,e05277394d406f1b3ca5be2952171bf3,566e3cbe9aea622fe6e987cab87b6384,2017-04-19 04:00:00,107.7,12.16
b9d6279b240faa2ff36450ac2cba898c,2,df4e713ef64e3dfcbfbeac7aefc59738,7740d8317331874912fc7a87a4704d48,2017-04-19 04:00:00,93.8,44.78
66baff8a563653c3801f8e86f640ab28,1,d1682e09f1f7d90413075157d8c128e7,8d2238e6c7bf4fbcd43cdd6de0c1ff1e,2017-05-20 12:00:00,37.76,25.3
27c73e180b57fc736707174668a6143d,1,75f8e3a87d97ac0fbd5609c4a4461663,9e3c5a886aa56e6d92779574c4576cc3,2018-05-19 03:00:00,18.35,32.24
0aaf7ae7fea44402570d3b3892686857,1,7eece88da002352ab88cddde3f2086c2,9fddde2ea8a2b7ad2bd3cdcd27794685,2017-10-29 09:00:00,94.01,8.71
27f5e4d5b42176c0e763b8fe65dab531,1,8a2db2e63bfda8a6705fddf566fadca0,64ab851bf1fac6e7170d750705eee1d4,2017-07-08 03:00:00,61.94,17.25
27f5e4d5b42176c0e763b8fe65dab531,2,902f34650b5707209cd8758ba5a1c825,66124ab4f9b21e6e586a346adc5be7d1,2017-07-08 03:00:00,42.3,21.17
4f54c90edb7611cde928966877d51bca,1,84182d353e711433bd90b81afbe0e6b8,c561b8dca4364fcdf2d3f7610ba36279,2017-01-11 22:00:00,171.67,34.35
27431a1bd052857e8f8b55d15d60be10,1,ea18d32c7a9a8ef5c11bd1c4ffe3f366,d040158728e213bce6fdd7afdd84cacc,2017-08-27 11:00:00,23.79,25.42
27431a1bd052857e8f8b55d15d60be10,2,3f8c1097c4da2c2e1bffa27915c1604f,0a8bb5b490494583ec86a890d7b00bdc,2017-08-27 11:00:00,111.06,40.8
27431a1bd052857e8f8b55d15d60be10,3,dabf984e53ff84612a1f1b61265cb9d9,dd39d7936257a4a2f204be894a4b5563,2017-08-27 11:00:00,58.36,11.27
7395d3fc518775b3c23f58aac21aeb93,1,186b2880ab545a15669d01ff1634725b,7740d8317331874912fc7a87a4704d48,2017-12-09 15:00:00,107.19,18.6
97d63070b0a4efb519ab1de18a353f73,1,220b9ea98a0f9508dfe2c0a0a96b3c42,2138afe08d38bbd8fba6abf7cdbcc653,2017-03-06 05:00:00,166.43,32.82
006a218f321284c402ec48f163a0793b,1,ff69723d584fc85b2697384d801e8690,f28e41225894f7f139b86bb2b596ca7c,2017-07-27 06:00:00,113.14,12.01
8bac739c482d26490ab32f5625b441ff,1,60a399d4e821e716eac80da1de9f6f5b,0a8bb5b490494583ec86a890d7b00bdc,2017-12-09 22:00:00,51.68,9.65
053b1b94ae85e8619bf63df33b0e908e,1,98874bfec1369c65ae2ae3413f59e4f2,d040158728e213bce6fdd7afdd84cacc,2018-04-01 14:00:00,95.45,12.84
1125e8c93f215d74ec1a1d25550569a3,1,baeb286bf0d0270fd4d13d551db6b844,d040158728e213bce6fdd7afdd84cacc,2017-01-17 10:00:00,49.58,36.0
159f3cf1d9edaf6a53868606cdae0f08,1,01bf9e733f800385ef9240b652d78f10,9d4b2bf94d85e9c7a0017720200b2903,2017-01-08 23:00:00,59.25,14.03
edcf79dd7e26f4ae19976388742bf60d,1,3508507af622d84204022b3c508211a5,77a7e8b75e70f65f9280c5aa8dd4595b,2017-08-16 01:00:00,54.06,41.67
47a1fa036345239e026761140f862b69,1,6aa0426df7c0d5f769a53b4f8ff8869d,10d4de39161237c9e25df9a89ca8a5c4,2018-04-20 00:00:00,49.5,36.21
b36ece454db03f46962e9b700b0e7258,1,c82f78fd936cd31cf7bf52447db2a7aa,b788f5d1ffe575f665edcfe34f2dad3f,2017-11-09 07:00:00,27.1,18.71
4e82263e64678700790003b9937d472e,1,905f9096299656e24c9d690713b22cec,dd39d7936257a4a2f204be894a4b5563,2018-01-06 04:00:00,79.58,13.61
6ab77dd4bddc50ba594fdbf8dbb7ae2d,1,720b274b82a7f586e61d9cde1747f387,8fd33afc91fdfa4f0d18ab95668c8477,2018-04-13 06:00:00,122.09,16.08
6ab77dd4bddc50ba594fdbf8dbb7ae2d,2,c777a07f6346d4ef69ef74e34ab6821c,22498f666e51484d1b84edc3d8e049de,2018-04-13 06:00:00,56.04,9.25
3d055998c260ca067013fa67f244281a,1,1e5ebe5459077299dc3bbdd8a74e02a9,46426c458d03f17af4d375c1a29319fa,2018-03-31 05:00:00,18.29,41.34
0097223feac90c4dae17d1993a003703,1,905c7bdd74f0beae6a5943ce836435e3,67f5ae02af5b8f47ceae71cfce000af0,2018-01-25 05:00:00,55.56,19.3
853135f4ccafc4afc3c153c8c0e1ab61,1,8f3dc97fe6b0da0ab98f5dbe15aede0f,c561b8dca4364fcdf2d3f7610ba36279,2017-09-11 11:00:00,76.76,17.16
853135f4ccafc4afc3c153c8c0e1ab61,2,49646b96fa3c1628892621df465568b7,3da06476f778c676750d112e8164ceec,2017-09-11 11:00:00,122.97,12.88
17d0d0fce63ab8e8e6e723a208c031d7,1,2a9528c35ae1dbadaa2960fda85894df,7f53a88e4efc8248e10b1a477faeb748,2017-05-10 05:00:00,119.44,25.46
17d0d0fce63ab8e8e6e723a208c031d7,2,fe54ee4b80ff517323dfecd70e731dd7,0c74dc0f5a57553995560a2d3713b466,2017-05-10 05:00:00,56.1,27.22
81adcfe78e84687a8aba16842ec8c9fa,1,ae62990c19bd4f9378ef7666b7a4c719,8d2238e6c7bf4fbcd43cdd6de0c1ff1e,2017-04-29 13:00:00,71.84,10.93
776a6a9bdfdbb3e221b1107e6a40e034,1,9a4ffc0c9165f2ed4c636e95025f5543,ef4afa885299e5052976aab22a26f770,2017-03-13 00:00:00,83.99,14.32
02ade14aa4ee7e8fb50c39ce88efc6f6,1,1b1f2eb16e3255a8cbd5cc86f73936e9,94a53fdef10d27c89780c2152b2bb8e9,2017-05-29 09:00:00,27.81,17.91
8cb9b57e279cdef78ff63d7ed92fcf51,1,8a2db2e63bfda8a6705fddf566fadca0,7781321e83c501cbfef7d9ea7f8e5483,2017-12-27 13:00:00,68.79,17.94
8cb9b57e279cdef78ff63d7ed92fcf51,2,f51594943818cfd33889936a9d5817e8,94a53fdef10d27c89780c2152b2bb8e9,2017-12-27 13:00:00,70.2,13.98
1c56cbe0dbf54731b22c79f64d7e0130,1,7a3a6e9623ff23d3fb4fb88a2f4dd219,b048faa112ae5c22741b77f54c24a053,2017-01-20 23:00:00,84.36,12.82
57b525e0e222af50a131b2983292d4d1,1,f80b2cea658e54a29879cf35f4719986,7781321e83c501cbfef7d9ea7f8e5483,2017-06-30 03:00:00,53.3,20.49
57b525e0e222af50a131b2983292d4d1,2,d61169a1ff46a6bf094d916deb6d2fed,98f6fd7f7eb162f14806f8040cf0374c,2017-06-30 03:00:00,111.96,41.09
57b525e0e222af50a131b2983292d4d1,3,f186e47aa79463208cf6e8b87fd238c3,20da897258321ee48471b4b0ae1b9f69,2017-06-30 03:00:00,37.46,8.69
b1a191c7f810be73c77a0940b1cc3f7c,1,546252e7f43ba0524459bd6ec0f63229,d040158728e213bce6fdd7afdd84cacc,2017-05-14 13:00:00,121.88,30.03
6bcd7ba35408c506ddc4c146f5c2aa4a,1,a590fd3cad6ecc57a520c3d0fbcdbf5e,28caaa1dc35bec2c3098f7b2500e15c0,2018-02-11 09:00:00,89.56,44.22
985a570fdcf07d7d3fcb545c5a586ba4,1,fe54ee4b80ff517323dfecd70e731dd7,8d2238e6c7bf4fbcd43cdd6de0c1ff1e,2018-05-10 20:00:00,140.04,8.39
a89ddb8c4282c052516eeddc532bbb65,1,8e96922772e76b516e54ac6d2ff8e87e,9e3c5a886aa56e6d92779574c4576cc3,2018-06-04 13:00:00,120.42,35.75
559986e738f14f3db1a44be98ed4e35b,1,d18183d1ac2b0cfcc5c51060991121e7,b788f5d1ffe575f665edcfe34f2dad3f,2017-07-13 05:00:00,42.24,31.28
559986e738f14f3db1a44be98ed4e35b,2,3acb43a3d2c7bffb6118433b882ccd1e,8d2238e6c7bf4fbcd43cdd6de0c1ff1e,2017-07-13 05:00:00,41.72,19.48
d1a0635e1888cfc2539f916e21cf4640,1,9a4ffc0c9165f2ed4c636e95025f5543,3240d7a14027ab7d143029a9d88f1c94,2017-03-18 10:00:00,16.7,43.76
8451c1a8c54c409e7c7f14c5f0fe4ca8,1,aca58d95915a1c304b86b5a1ca6fbff8,83d5bceb5edbb8eec2baf0e02179e3f0,2017-11-27 09:00:00,116.28,43.56
d7036509047790cc3efbe96d68da3509,1,6aa0426df7c0d5f769a53b4f8ff8869d,a417c09380a8a23d17eaec838892042f,2018-06-16 23:00:00,540.6,34.5
373cd38faf931ea53099d7f64e5abb0e,1,0997623ae0723d964a1a81f5ed10f004,b89bdf7f93e34c35ef0a573d53d2d56d,2018-03-09 08:00:00,22.12,35.11
d13a962d8706741a16ae29325a3145cf,1,51b30182f7fe604f65f30779f6ee5cdb,80bbae526ec0126921084dd9f75d1e3c,2018-02-28 05:00:00,158.51,13.93
ba269dde39289fd084092d5c7752fc64,1,cbc72f1acf08ea54b4299924c0986750,3de2885951b1943c1b2ededb8fc85fc0,2018-04-17 06:00:00,37.68,36.13
8fa9ef09de4f495b11813a485f610696,1,1375ee90d6b361e43b6dca0d6fe5040b,4ddb1b36272c058884a2576c1fc905f8,2018-01-26 07:00:00,43.78,21.52
7a10b865b418f5ac783fed58c5417a7f,1,614c721da921cb4c95fbe976ae007b7e,5128b9b1f8ede0ca20156a7212e153a6,2018-03-16 17:00:00,80.48,36.96
09569f9bb84cc165be8f69b3fe57d79b,1,f50d7a37a44d9fecfd85d7fa8ac97b01,0a8bb5b490494583ec86a890d7b00bdc,2017-12-23 03:00:00,65.4,25.7
7de14528048bed80fc64fa8139dccd07,1,905f9096299656e24c9d690713b22cec,8d2238e6c7bf4fbcd43cdd6de0c1ff1e,2017-11-21 03:00:00,98.27,18.04
09f8d2524976dd3cf4344a1de58a2bf7,1,bf337a151e086f20bdd151b0f64ab6ec,5128b9b1f8ede0ca20156a7212e153a6,2017-06-24 03:00:00,48.8,9.61
a287dd107c64df0e468154a7c5757f5b,1,501ba8515ee68495340029c3ea11905b,9d4b2bf94d85e9c7a0017720200b2903,2018-08-22 22:00:00,67.15,38.68
d5e82907d66cd55312dc4248f169e2ce,1,e723ada38c32bdb2d42a895e0fcf601f,66124ab4f9b21e6e586a346adc5be7d1,2018-04-20 19:00:00,84.45,17.75
f2b10b8dd8d4eb9950b95cecbbcfae06,1,2fb21e667ed17aabc9b7c9bc65a16fa9,ef4afa885299e5052976aab22a26f770,2017-04-21 15:00:00,101.64,18.71
0091e9b1ab23e5319655c748dfb63993,1,edcabf9465f6ba53d226a8b3b674410d,e3954cb17f7f6c0a07c0d116a394ed54,2017-08-27 19:00:00,53.28,44.97
0dfdb74fca621b3e44cfa19699823cb4,1,2a9528c35ae1dbadaa2960fda85894df,9e3c5a886aa56e6d92779574c4576cc3,2017-06-07 22:00:00,31.72,29.48
0dfdb74fca621b3e44cfa19699823cb4,2,95831d58ef4c51198da5d39b42c21797,932cae01d2c65ee468d0a2a8c4e7f7dd,2017-06-07 22:00:00,49.96,16.46
0944c6e5d625e7cdaf795462166c3d7f,1,95831d58ef4c51198da5d39b42c21797,2138afe08d38bbd8fba6abf7cdbcc653,2017-12-29 08:00:00,40.75,9.39
fcfc7f44067d8b791b4522cfcee13087,1,a137f8e467b13040cc39b9253b5ae288,0b95017c5dae1201673ba8bdc38c1dec,2018-04-28 14:00:00,117.66,25.78
fcfc7f44067d8b791b4522cfcee13087,2,bd1a8f4b88ffbd403b72c86d92fa675f,9e3c5a886aa56e6d92779574c4576cc3,2018-04-28 14:00:00,53.25,15.47
9787f16dd965b593558d51775b4ee0c5,1,409e7a8086c5d1d69ea9f50831227592,566e3cbe9aea622fe6e987cab87b6384,2017-10-23 17:00:00,169.49,44.44
1c9648c1b7b6ccaf62cb71fcb826ba1b,1,f165d77901547950176de21f1b46ebdc,f67294643f8ea40a6b0ae0e39d896047,2018-02-03 15:00:00,29.95,19.23
1c9648c1b7b6ccaf62cb71fcb826ba1b,2,497ec6d1081fc6dc78d9a88aef0bea4f,8fd33afc91fdfa4f0d18ab95668c8477,2018-02-03 15:00:00,160.74,26.33
1c9648c1b7b6ccaf62cb71fcb826ba1b,3,73253aa3ec170298143df5b3a58e83dd,98f6fd7f7eb162f14806f8040cf0374c,2018-02-03 15:00:00,157.7,20.19
5d2474ab5d83baf5018046d56e3013a1,1,e6b9d31a361f6d903ad1fa330ae4ac11,7781321e83c501cbfef7d9ea7f8e5483,2018-05-13 22:00:00,142.16,30.66
b21382b179b62e0121dfbdc3a9524bf2,1,a42d0cd7fd359f6a7450388748d90846,94a53fdef10d27c89780c2152b2bb8e9,2017-01-11 10:00:00,36.35,30.36
314969e575ad231b95de12d5d89938bb,1,7249f62c08987462980cb95c19d45deb,b048faa112ae5c22741b77f54c24a053,2017-04-01 18:00:00,125.65,13.18
314969e575ad231b95de12d5d89938bb,2,a137f8e467b13040cc39b9253b5ae288,83d5bceb5edbb8eec2baf0e02179e3f0,2017-04-01 18:00:00,315.26,21.89
a0cd1abb3eb91bc0a0caf7b8f2dd2f15,1,46707cd64ceda16469df14e9389641dd,7781321e83c501cbfef7d9ea7f8e5483,2018-05-22 08:00:00,125.41,8.78
6c6e77173d1dcaab9b8871526fb56ab0,1,bcc57be00779250a6544e3136ea05d13,0cf477ef18c8a61624108e9a3f779cae,2018-03-05 18:00:00,11.03,13.45
d880be2a9ae228564291c441954ad961,1,b8f0188efb37afaecd8563ca193e638d,7781321e83c501cbfef7d9ea7f8e5483,2017-07-01 22:00:00,119.58,33.3
8fda8d85520a9f1a06470faf850d8003,1,1e5ebe5459077299dc3bbdd8a74e02a9,7f53a88e4efc8248e10b1a477faeb748,2017-02-20 15:00:00,235.99,41.66
3763a3b105c1bac4b98f805c653066a3,1,84182d353e711433bd90b81afbe0e6b8,3eb051817ba245884d560a3df4e7069a,2018-03-04 15:00:00,95.25,30.91
d0ed7c33a4bc556bf630095390779aec,1,3d4196fe963a8617bdab07e79d9d028e,4ddb1b36272c058884a2576c1fc905f8,2018-08-29 04:00:00,38.89,42.13
03b09dadcbe64a1607d750cb353f1d07,1,fa8dae42ba54e9202099d18087623997,3da06476f778c676750d112e8164ceec,2018-12-10 16:00:00,86.89,16.26
d84ee48f72fe0ed89dffaff51065cdf6,1,16591c8921ebfaa91a2bd69c450f69ee,7781321e83c501cbfef7d9ea7f8e5483,2017-06-04 14:00:00,54.29,26.13
e08a82056de4edba20fa6f1120ff74c5,1,a590fd3cad6ecc57a520c3d0fbcdbf5e,ef4afa885299e5052976aab22a26f770,2017-11-09 20:00:00,38.08,9.42
e08a82056de4edba20fa6f1120ff74c5,2,5c11ab6d42f5b3f54ef4c34d5bf86f3c,d4d607350e2f8958de431e06e9247069,2017-11-09 20:00:00,153.56,40.45
e08a82056de4edba20fa6f1120ff74c5,3,a137f8e467b13040cc39b9253b5ae288,8d2238e6c7bf4fbcd43cdd6de0c1ff1e,2017-11-09 20:00:00,46.63,24.09
4e387140ad125a76ba15059b78a38a81,1,ea18d32c7a9a8ef5c11bd1c4ffe3f366,fcef1972bbf483ce51beb80eb7e6a14c,2018-03-28 04:00:00,199.46,24.13
4bb42f61212d115e961af01700eb7763,1,a38295d31e0ef546b0b6dedf4f9c4027,b89bdf7f93e34c35ef0a573d53d2d56d,2018-08-20 00:00:00,54.82,34.09
4bb42f61212d115e961af01700eb7763,2,f6d22a7baec76a82148b4376602a4e57,d040158728e213bce6fdd7afdd84cacc,2018-08-20 00:00:00,107.04,20.21
b68e494dd9d035e3b30e4822f463beb7,1,6c521d13b719bb682775ee42a89e22f2,dd39d7936257a4a2f204be894a4b5563,2017-08-31 23:00:00,55.81,20.01
cc2af8dfe411a1a6889d12fce7044fd6,1,54ce26bec8cce2c2a518a4186f14b3f6,66124ab4f9b21e6e586a346adc5be7d1,2017-01-27 06:00:00,34.31,18.92
f8b88a896963acba77bd8a1854d3e54d,1,e9ad0e9b8c9aa1e9b3b263376a74dbb7,22498f666e51484d1b84edc3d8e049de,2018-07-19 15:00:00,219.89,9.44
a2b7fb1681f13dd0abef394621416f4e,1,86879aa914f573d0c9912032df85c777,28caaa1dc35bec2c3098f7b2500e15c0,2017-10-04 14:00:00,73.01,11.92
a2b7fb1681f13dd0abef394621416f4e,2,51b30182f7fe604f65f30779f6ee5cdb,dc8a49225005680f24c778a59b4e164b,2017-10-04 14:00:00,8.7,30.36
a2b7fb1681f13dd0abef394621416f4e,3,df4e713ef64e3dfcbfbeac7aefc59738,0b95017c5dae1201673ba8bdc38c1dec,2017-10-04 14:00:00,169.08,22.58
f81a821c3c1f43dbc6a4280c421991fa,1,c36b9a0a41e02a89566a9ce7af521b94,64ab851bf1fac6e7170d750705eee1d4,2018-06-07 20:00:00,30.75,30.77
62b6c58122ac0bed6d112b4cbe6ad03d,1,4988e418f6c31218c1836315330f8be1,8fd33afc91fdfa4f0d18ab95668c8477,2018-10-24 06:00:00,46.44,33.51
9b20dac7cff7ce327649a52a0ddf6858,1,57d337d34fd80bbb592c11072444d301,6929de738693fd9d7a89cbebb807d78a,2019-05-06 14:00:00,73.16,44.49
715f0fd9feff03780e89bc5f35e45ef6,1,ec8be53758ab4778143b45e3b6d1f6bb,3eb051817ba245884d560a3df4e7069a,2019-06-13 23:00:00,93.02,32.33
715f0fd9feff03780e89bc5f35e45ef6,2,fc737d9211ab3d11e4eb8000ef40d162,d4d607350e2f8958de431e06e9247069,2019-06-13 23:00:00,74.72,29.6
aef1c658d244bf37ee0099432363ffd7,1,44d7df9a238b05b72b64777c6177a771,8d2238e6c7bf4fbcd43cdd6de0c1ff1e,2017-07-13 17:00:00,335.15,18.54
e9ca8e130aba10fffd16e3c1fc98036a,1,b3eda8f1026b5383a301ec030e5d8c6a,dc8a49225005680f24c778a59b4e164b,2018-01-01 11:00:00,62.63,42.67
2b3a67bf2760d682e7f7ebfa1a765281,1,bf51936241a64feda7edc8d8713f8f8c,8fd33afc91fdfa4f0d18ab95668c8477,2018-03-08 03:00:00,51.25,17.19
939954133112585dfc753dd6db9a7707,1,a879d8f890422eb78b040f53e63949d4,b89bdf7f93e34c35ef0a573d53d2d56d,2017-08-13 08:00:00,337.64,22.81
ea7f7f6bf044e1b6a4b04a656e81a8a3,1,0f25477da55990e74910fade52380bf2,e3954cb17f7f6c0a07c0d116a394ed54,2018-02-17 02:00:00,85.26,19.45
00a0333e1ccb27cf258e85589c01a7de,1,01bb819c4dfe111722af711f1b628a9d,9e3c5a886aa56e6d92779574c4576cc3,2017-06-13 01:00:00,148.93,26.9
00a0333e1ccb27cf258e85589c01a7de,2,01a25ed1c3abb5f10c6b7074ab102c9b,46426c458d03f17af4d375c1a29319fa,2017-06-13 01:00:00,111.83,36.84
4239433a4a87e802e6cb1d280d92736a,1,4b9dfd589e5d9c7ac5acc35415f00cb4,0c74dc0f5a57553995560a2d3713b466,2017-03-26 18:00:00,43.3,39.25
894dc226e7f8cdfa8c2602597eac652a,1,92a81713b90ed44b951c25d54d4c5280,8d2238e6c7bf4fbcd43cdd6de0c1ff1e,2018-04-11 07:00:00,47.77,44.78
0055d6e906df5dba700311ee1e994781,1,1bf645f6232452114588fc1bb2384849,64ab851bf1fac6e7170d750705eee1d4,2017-03-16 13:00:00,42.63,28.08
5c681e52af494d538e803f39222f6ce1,1,0328c136629ef3d8dd1ca267530ddda6,77a7e8b75e70f65f9280c5aa8dd4595b,2017-05-10 16:00:00,81.84,8.73
f99c58ae6cb5c8f339955dd139e0f5bd,1,0406ff447ce40679a8c6dbc07bb3447b,6929de738693fd9d7a89cbebb807d78a,2017-03-03 02:00:00,192.89,32.78
afa2c76a29d9525f793aec8990ba84d5,1,54ce26bec8cce2c2a518a4186f14b3f6,5da39a73ba3df7ff43b47ee5e1e89e7e,2018-01-19 21:00:00,138.48,40.77
c378205f9d93615cae326c53ad9e9a10,1,6afa828c2cd10b9febe5841fe9c96c52,64ab851bf1fac6e7170d750705eee1d4,2017-09-21 02:00:00,35.31,24.31
e687cc1ead123e41be58ca2d1d7e8d27,1,d867888b7ff6b824152aeaec2bdfcb41,b048faa112ae5c22741b77f54c24a053,2018-08-16 21:00:00,131.73,32.32
9e00fe91909fbd3f06dcf78354a8d262,1,c5144d98b41c504fe346f415e5267a2b,5da39a73ba3df7ff43b47ee5e1e89e7e,2017-02-19 10:00:00,30.84,29.87
80053fcb1e271f2b697c19e193ae1447,1,f166cdcf762cdfbcba2aa7baf3f81c31,0cf477ef18c8a61624108e9a3f779cae,2017-08-20 06:00:00,44.97,43.81
62f7fc374e17911772652f1e47b0c1ec,1,27b608dc589decb075eb89c23f5cf2f3,932cae01d2c65ee468d0a2a8c4e7f7dd,2018-05-03 02:00:00,80.43,25.55
8341afde5452dd67475e2bbe4b0ec40b,1,46707cd64ceda16469df14e9389641dd,c561b8dca4364fcdf2d3f7610ba36279,2018-07-13 06:00:00,152.59,33.6
872a14b3fa3a6c5cd76bd449475f6ff7,1,b3eda8f1026b5383a301ec030e5d8c6a,c561b8dca4364fcdf2d3f7610ba36279,2018-06-18 04:00:00,58.3,40.82
a2bafbbe731321cb216ad437b4e0a890,1,8ed8a80d84cfee39bf31c29f82bbad84,c561b8dca4364fcdf2d3f7610ba36279,2017-11-22 14:00:00,168.69,26.21
a2bafbbe731321cb216ad437b4e0a890,2,14a34f7fd90dd19bd3fbe043af1d5a1a,c561b8dca4364fcdf2d3f7610ba36279,2017-11-22 14:00:00,92.05,19.04
82ba6bebdc9cb3eb9f6197b458c26f68,1,57d337d34fd80bbb592c11072444d301,dd39d7936257a4a2f204be894a4b5563,2018-03-07 14:00:00,41.04,9.06
fd7a5ed588597ffad73806f1b1536a03,1,18fdd2b979e5c9aa592a35497ba109d0,0217ea0e896490ab4926ce5f78786140,2017-07-02 18:00:00,129.04,30.83
b3d205ae8aa4e423f1da8d086d6f0d8e,1,af70de702b69c95e85671b58926bffa5,5716dc2e343ada2a76e5ae787bf7e1d3,2018-04-02 09:00:00,27.85,41.77
210a6c4da67eea7cf43bf412316070c3,1,2cd58759e95d2761bc36dc59e134edfc,b788f5d1ffe575f665edcfe34f2dad3f,2018-05-11 21:00:00,52.36,29.61
5676dc0257994d7754c0d4f427033a33,1,2d79a2d1506e50c77aa061e9336b00cb,5716dc2e343ada2a76e5ae787bf7e1d3,2017-06-22 21:00:00,98.47,11.85
43b9fcf4e5d4b443ed6c30e4abd3f914,1,38d5101f423cad9d193e478302b34254,e3954cb17f7f6c0a07c0d116a394ed54,2017-01-15 22:00:00,26.71,20.22
983a51218e1edf2ba2dcb2030626cb30,1,40afbf3f3df519674d8670bda2224f96,3eb051817ba245884d560a3df4e7069a,2017-06-14 14:00:00,82.05,12.34
983a51218e1edf2ba2dcb2030626cb30,2,baeb286bf0d0270fd4d13d551db6b844,83d5bceb5edbb8eec2baf0e02179e3f0,2017-06-14 14:00:00,39.26,21.17
82f1417e2a6b5dae7db2517a73297c98,1,f186e47aa79463208cf6e8b87fd238c3,9fddde2ea8a2b7ad2bd3cdcd27794685,2018-02-21 16:00:00,40.56,29.51
e015bd1b5d5323e58391f85d4ce48e87,1,f94d8fcbdba3496ffa323f6990dbfad6,8d2238e6c7bf4fbcd43cdd6de0c1ff1e,2018-08-02 07:00:00,99.44,39.57
e015bd1b5d5323e58391f85d4ce48e87,2,cb881c32cbb02a8bd908a121d1a7ba20,c48d56502e9522d696792482a3c988e4,2018-08-02 07:00:00,60.69,27.59
62be5e5ca173eba1793cd1d922b089c7,1,548c1d84340de049414765063e2bf9c9,80bbae526ec0126921084dd9f75d1e3c,2017-03-07 14:00:00,15.24,33.28
e6b39de48d3ab986d29f222c16ab05a3,1,5c0b9b10a757cb1042f525b902ed73ce,20da897258321ee48471b4b0ae1b9f69,2018-08-16 06:00:00,225.55,41.78
c463190a99cfc5aa36deece633beb361,1,86879aa914f573d0c9912032df85c777,8d2238e6c7bf4fbcd43cdd6de0c1ff1e,2017-09-29 05:00:00,72.79,12.75
873e21b2a50cb05b8b87760e8e59d128,1,ec6a37ad81b15db988cc4d49669b29b8,8d2238e6c7bf4fbcd43cdd6de0c1ff1e,2017-06-21 13:00:00,20.72,29.83
fd922b6fb21e2700e1476a7fb6267d96,1,74bd0c938177b66137fe032c02571851,0c74dc0f5a57553995560a2d3713b466,2018-05-17 16:00:00,76.38,18.75
fd922b6fb21e2700e1476a7fb6267d96,2,9adf4709ac75c344608e149e44b9e602,3240d7a14027ab7d143029a9d88f1c94,2018-05-17 16:00:00,297.95,8.85
75901dc5a72c3d57dc12e54bb51dd156,1,a42d0cd7fd359f6a7450388748d90846,a417c09380a8a23d17eaec838892042f,2018-04-14 13:00:00,74.12,32.14
dcd771f598e1d542e9fbbb506710610f,1,a689b4247a3a10e179c773a0e0decc3d,3eb051817ba245884d560a3df4e7069a,2017-01-28 12:00:00,117.53,25.06
e3b9b408566feb1767fe1658c0acc371,1,b2a6e468d02b124380913ac10463750e,66124ab4f9b21e6e586a346adc5be7d1,2017-08-14 00:00:00,119.58,17.01
e4e805bd1d44999bc4f094b29ec5d42a,1,93d563ae51a3ac26937bf79bbb44badc,5716dc2e343ada2a76e5ae787bf7e1d3,2018-01-01 23:00:00,134.64,28.08
f1984c957ac7979abcf11ff66e4429cc,1,649f7d888989c5abfe2b34d82db0728d,dc8a49225005680f24c778a59b4e164b,2018-03-04 16:00:00,63.25,20.32
e442069961162d0db3faec9136d43b13,1,1901ef870dbf0caf588a3f87f96d40f8,28caaa1dc35bec2c3098f7b2500e15c0,2017-07-08 06:00:00,61.05,30.48
3b41e31afdddee70d87aeda7f890a006,1,eb053fc41b656dab2de46e91e8e6e840,ac2a4f71a77d95f1d7c4fe9ce1e0fffc,2018-06-06 10:00:00,27.29,18.39
202e608cafde8320445dc28ee83783fc,1,0123a348638abdf66df72cd3979aa051,a417c09380a8a23d17eaec838892042f,2017-08-19 12:00:00,31.53,10.05
11d37b121d0e77178b291819087c46f9,1,4ce953a722d90db3982a2277f966d59f,0c74dc0f5a57553995560a2d3713b466,2017-12-30 14:00:00,46.17,40.25
23604ccf4b2eda84544d35009379d429,1,c3093b6e37e9d2e2d35ac07aaa0217d0,c561b8dca4364fcdf2d3f7610ba36279,2017-09-24 08:00:00,47.85,43.79
3a5b201d8d0169b3367de663b62b56d5,1,3d4196fe963a8617bdab07e79d9d028e,e3954cb17f7f6c0a07c0d116a394ed54,2017-08-31 23:00:00,95.97,11.35
b4a31d6aa021a41d2c79956d49d5deec,1,38d5101f423cad9d193e478302b34254,3da06476f778c676750d112e8164ceec,2018-07-30 16:00:00,43.82,14.25
ba900186e22f1e2a2140c6918f7440d5,1,ec8be53758ab4778143b45e3b6d1f6bb,3eb051817ba245884d560a3df4e7069a,2018-05-04 05:00:00,84.77,34.7
df8798f24d4e2528c4775de9bb4099bf,1,3ae2802354720d2d32399ffb27046f25,5716dc2e343ada2a76e5ae787bf7e1d3,2018-08-19 20:00:00,72.63,25.87
d40c46db8e0fb501c55956f6ba2181f7,1,548e1f6b69ce1e4e19a692c90d700ea4,8d2238e6c7bf4fbcd43cdd6de0c1ff1e,2018-10-09 19:00:00,117.95,23.24
22336d1487944b4cab2bc291d3452c2c,1,cf0e6d2b315c167a45d8a6ad77d0359e,b048faa112ae5c22741b77f54c24a053,2018-11-23 14:00:00,50.19,26.03
921565ea08fdd0ceb4d026a4c0a1451e,1,768b4f7e64215e665fc64cd0721e8b1f,9e3c5a886aa56e6d92779574c4576cc3,2019-01-01 06:00:00,118.44,34.73
82844c24991bf365c5fe77f716fdef9e,1,fc737d9211ab3d11e4eb8000ef40d162,b788f5d1ffe575f665edcfe34f2dad3f,2018-03-18 18:00:00,29.64,36.29
fe35d237ffc4ab9208732efbc249a9ed,1,d773f98d550c2fe9654c11d9f2e61828,14cb056407437c3bdd20c3bfd342af08,2017-08-21 07:00:00,75.49,13.49
22d117dc31b203cb35783e64ee429722,1,ea163354a35fc9c1980495628972abbd,ef4afa885299e5052976aab22a26f770,2018-02-17 06:00:00,101.68,43.02
22d117dc31b203cb35783e64ee429722,2,8e4c3ab56d5d0477adc29178a0411612,3eb051817ba245884d560a3df4e7069a,2018-02-17 06:00:00,46.82,38.82
721e0a41be396a773454793408b625a3,1,51facefad6f89f7ac2fa1da878308631,566e3cbe9aea622fe6e987cab87b6384,2017-05-29 02:00:00,96.66,15.79
e4c5f25c043d70e78a549fd862b975b9,1,eb4d8f42873570a2e51109611869a217,3eb051817ba245884d560a3df4e7069a,2017-04-28 11:00:00,14.68,13.33
86b3468821fe4bdef6285e40b9cfd83f,1,cff2b1c4e53f9644b39e4df25c0a1feb,0217ea0e896490ab4926ce5f78786140,2018-06-19 22:00:00,405.34,33.05
bc8767f0e958af86e07fdb556f34f064,1,84182d353e711433bd90b81afbe0e6b8,dc8a49225005680f24c778a59b4e164b,2017-02-01 16:00:00,65.05,19.02
1a68ea2027179b322b3cca346191f9b7,1,95831d58ef4c51198da5d39b42c21797,77a7e8b75e70f65f9280c5aa8dd4595b,2017-04-22 22:00:00,106.68,41.93
264d4d0e0db71d95080405dc379a7280,1,1e5ebe5459077299dc3bbdd8a74e02a9,9fddde2ea8a2b7ad2bd3cdcd27794685,2017-06-07 06:00:00,195.25,21.91
264d4d0e0db71d95080405dc379a7280,2,9d6b9b626b535a19a902b73fcf39f648,c48d56502e9522d696792482a3c988e4,2017-06-07 06:00:00,189.25,25.06
bf6f287405dd2002ba2d835ff85e2283,1,8a2db2e63bfda8a6705fddf566fadca0,0cf477ef18c8a61624108e9a3f779cae,2017-11-09 16:00:00,172.2,29.13
a82cbed3b50eda50c56afa5bf00dc347,1,a84554c3a3f66c612fb70dab2f383b43,98f6fd7f7eb162f14806f8040cf0374c,2018-05-28 23:00:00,336.68,23.48
7147d08830fe71418d99a727167f0607,1,891f691217abb8635efeef4fd8ddbbc0,0c74dc0f5a57553995560a2d3713b466,2017-12-10 21:00:00,79.16,24.47
7147d08830fe71418d99a727167f0607,2,23a13e207fd255eeac48436668bd80d7,10d4de39161237c9e25df9a89ca8a5c4,2017-12-10 21:00:00,179.68,30.9
1cb27402ff2abdf72d4308b05479594c,1,b8e19f568787ea2104482a220308aa5e,0217ea0e896490ab4926ce5f78786140,2017-08-29 14:00:00,21.1,9.67
fc29cf3c0b55ea8856891531cfff52ca,1,aca58d95915a1c304b86b5a1ca6fbff8,3de2885951b1943c1b2ededb8fc85fc0,2017-03-31 12:00:00,83.01,26.6
fc29cf3c0b55ea8856891531cfff52ca,2,75f8e3a87d97ac0fbd5609c4a4461663,7740d8317331874912fc7a87a4704d48,2017-03-31 12:00:00,93.64,9.57
fc29cf3c0b55ea8856891531cfff52ca,3,9118c400e336c243b139c476de3ce88b,20da897258321ee48471b4b0ae1b9f69,2017-03-31 12:00:00,38.78,15.95
2f322e4d118e740707fa88fbe260039d,1,84182d353e711433bd90b81afbe0e6b8,7f53a88e4efc8248e10b1a477faeb748,2017-07-22 03:00:00,92.99,18.92
7ba7ab2313a95b1e7e118a37a90714a3,1,f94d8fcbdba3496ffa323f6990dbfad6,2138afe08d38bbd8fba6abf7cdbcc653,2018-07-03 14:00:00,306.28,34.47
aa6cf97b0a95d1e143e34297cef13f66,1,af70de702b69c95e85671b58926bffa5,48b763d5e519dd7e84d67c4ff0df1684,2017-02-18 00:00:00,48.3,22.26
1e2d5c821c33eea22b033fe617e2aa93,1,89b5aab0c12169db2f12b150605fb1eb,0217ea0e896490ab4926ce5f78786140,2018-01-16 03:00:00,16.07,31.87
999bc18057418749a9a9fb2cd0e4fd8a,1,f80b2cea658e54a29879cf35f4719986,0217ea0e896490ab4926ce5f78786140,2018-03-22 01:00:00,158.07,29.12
999bc18057418749a9a9fb2cd0e4fd8a,2,cb80f288446f64dd5abca6e5d0b1e3eb,c48d56502e9522d696792482a3c988e4,2018-03-22 01:00:00,529.38,21.29
8a868900e05e8dcd0ae15addd6ff6a05,1,e9aa144b9dd43675ef145064aab07015,48b763d5e519dd7e84d67c4ff0df1684,2017-09-23 06:00:00,80.89,23.72
981850976ea48dc065fbe36d5729b73b,1,5c11ab6d42f5b3f54ef4c34d5bf86f3c,932cae01d2c65ee468d0a2a8c4e7f7dd,2017-11-25 05:00:00,111.24,13.24
889d8cdca089acdac2d72b23acaae9bd,1,0426fcc9255b30e2bdc2b74b38a56b49,3eb051817ba245884d560a3df4e7069a,2018-04-12 20:00:00,46.41,42.71
ce7fd5509bd70f6221256b1f632dfd91,1,e3ad64d4eab9eb022f1dc1217d024c6d,66124ab4f9b21e6e586a346adc5be7d1,2018-06-12 20:00:00,81.25,36.42
f3ac25cb7f4b24b9ef4c37d0d26567fd,1,a6fd0cb116e6e5c0c4cb294fe86e8e63,77a7e8b75e70f65f9280c5aa8dd4595b,2017-11-01 03:00:00,52.82,35.48
f3ac25cb7f4b24b9ef4c37d0d26567fd,2,f50d7a37a44d9fecfd85d7fa8ac97b01,66124ab4f9b21e6e586a346adc5be7d1,2017-11-01 03:00:00,82.52,27.33
5452b7110443b76669e8d3a4eb2592b9,1,0f6ce9bffe7ee3628a89b0f0105291d3,0b95017c5dae1201673ba8bdc38c1dec,2017-07-15 18:00:00,103.66,30.37
d7c3ba39ae505fe73263be85dbadb28b,1,54e38579c0afd193f780ef2f664d5922,8d2238e6c7bf4fbcd43cdd6de0c1ff1e,2018-06-14 22:00:00,108.79,12.25
6f6a86e8ce37626dc13beb6a9dd65ae9,1,b93b17fbf76d15fd7d1645a0d253d966,67f5ae02af5b8f47ceae71cfce000af0,2018-02-27 08:00:00,174.79,36.39
6f6a86e8ce37626dc13beb6a9dd65ae9,2,06e3f9498cd34c62c4829b71ae84b81c,0c74dc0f5a57553995560a2d3713b466,2018-02-27 08:00:00,78.78,15.23
6f6a86e8ce37626dc13beb6a9dd65ae9,3,9d6b9b626b535a19a902b73fcf39f648,20da897258321ee48471b4b0ae1b9f69,2018-02-27 08:00:00,94.94,18.93
6f65def6790a6959658ecb2a70fe5439,1,3e245fbffa698cd2fe2390f3e7bbaefc,932cae01d2c65ee468d0a2a8c4e7f7dd,2018-06-10 03:00:00,28.8,38.63
6f65def6790a6959658ecb2a70fe5439,2,d1682e09f1f7d90413075157d8c128e7,4ddb1b36272c058884a2576c1fc905f8,2018-06-10 03:00:00,104.74,31.15
436977caf466e6deca54868741c5cf55,1,3508507af622d84204022b3c508211a5,8fd33afc91fdfa4f0d18ab95668c8477,2018-05-10 05:00:00,45.38,40.09
436977caf466e6deca54868741c5cf55,2,ea98fef8d0d75e373bf2025f4a0d2b73,4ddb1b36272c058884a2576c1fc905f8,2018-05-10 05:00:00,29.61,19.54
a21821b2cab4f0e634bdd8b7bf0e489d,1,aca58d95915a1c304b86b5a1ca6fbff8,b89bdf7f93e34c35ef0a573d53d2d56d,2018-04-27 09:00:00,324.09,34.53
f3dc284b0b877e53de1386dd9557d591,1,c8d0f9e5991965ea98d00c2c17d30f32,77a7e8b75e70f65f9280c5aa8dd4595b,2017-08-14 22:00:00,42.41,42.39
049b91b07583d0cc01a1f7da417e9ecb,1,baeb286bf0d0270fd4d13d551db6b844,ac2a4f71a77d95f1d7c4fe9ce1e0fffc,2017-11-19 02:00:00,11.6,13.15
b554204842ecf21c6d39b3262237c214,1,54bbbcf828fea7618d49fe3f2ca8f783,c48d56502e9522d696792482a3c988e4,2018-05-11 12:00:00,46.35,39.03
8ffadd2bffea1eeae0d70d92940a078b,1,5c0b9b10a757cb1042f525b902ed73ce,a45409374a27ebf28baaf744a08dd21b,2017-08-03 02:00:00,60.37,28.62
8ffadd2bffea1eeae0d70d92940a078b,2,47c68688ecf32053af36b8cc13087974,48b763d5e519dd7e84d67c4ff0df1684,2017-08-03 02:00:00,99.08,16.34
1aba0afcebe09d13328473c2c134618f,1,b1fead13f280df1d9a6c0db952171c88,3eb051817ba245884d560a3df4e7069a,2017-06-22 15:00:00,71.64,27.23
dadf01c57dcba8f8c9601d846eaeb002,1,ec50ace480a52e65afa2855967c96204,6929de738693fd9d7a89cbebb807d78a,2018-07-21 02:00:00,60.19,9.02
f3651230864a832ab9e32584dd2f8c09,1,409e7a8086c5d1d69ea9f50831227592,5da39a73ba3df7ff43b47ee5e1e89e7e,2017-09-29 06:00:00,208.32,43.36
acb456d33945c74b4e38b2d46eae629c,1,54ce26bec8cce2c2a518a4186f14b3f6,566e3cbe9aea622fe6e987cab87b6384,2017-02-21 16:00:00,100.61,32.59
acb456d33945c74b4e38b2d46eae629c,2,33261887905881dfee9bf3e11d27c09a,e3954cb17f7f6c0a07c0d116a394ed54,2017-02-21 16:00:00,205.26,15.23
acb456d33945c74b4e38b2d46eae629c,3,d773f98d550c2fe9654c11d9f2e61828,dd39d7936257a4a2f204be894a4b5563,2017-02-21 16:00:00,36.59,11.55
3351c6b1796a98189ade04deac6dca52,1,5c11ab6d42f5b3f54ef4c34d5bf86f3c,3240d7a14027ab7d143029a9d88f1c94,2017-03-10 17:00:00,103.07,39.65
955791e6d1bb562242605e089e78209e,1,286ed390edd97a1afa585b278ce3e7c3,7f53a88e4efc8248e10b1a477faeb748,2018-06-17 04:00:00,150.87,12.8
dded21d78dd0b1214797a5e459721f8d,1,0123a348638abdf66df72cd3979aa051,d4d607350e2f8958de431e06e9247069,2017-12-12 00:00:00,30.37,42.22
cf9072f12d3ac36b37ea98bf62e61e64,1,1b1f2eb16e3255a8cbd5cc86f73936e9,9e3c5a886aa56e6d92779574c4576cc3,2017-10-09 10:00:00,34.1,16.53
d27e1047325226757c5656bfe7471ea0,1,5c0b9b10a757cb1042f525b902ed73ce,2138afe08d38bbd8fba6abf7cdbcc653,2017-09-16 01:00:00,130.36,10.58
16526a596d577ccc058ff66ed5a38c5e,1,cb80f288446f64dd5abca6e5d0b1e3eb,0cf477ef18c8a61624108e9a3f779cae,2017-07-30 22:00:00,77.39,20.63
16526a596d577ccc058ff66ed5a38c5e,2,0f25477da55990e74910fade52380bf2,80bbae526ec0126921084dd9f75d1e3c,2017-07-30 22:00:00,197.34,14.79
91ea8f4937ea76eedcd99a8e18484650,1,d18183d1ac2b0cfcc5c51060991121e7,0b95017c5dae1201673ba8bdc38c1dec,2017-07-10 13:00:00,76.77,32.87
3479e48e871805a3747f61e7f732bc85,1,46707cd64ceda16469df14e9389641dd,35f789bca6b0745843c07d4393a74792,2017-02-04 10:00:00,8.79,21.0
c92f1bb1a9c8cdb2cab761833eaf05b4,1,30a5648eefe9b3d0363908bf03ece8ff,3240d7a14027ab7d143029a9d88f1c94,2017-05-03 22:00:00,145.33,17.88
0dd884f1c7ff35219fffa3f79e8b5907,1,8e4c3ab56d5d0477adc29178a0411612,2138afe08d38bbd8fba6abf7cdbcc653,2017-01-09 09:00:00,105.28,22.1
76815950aec002642e148440cde74c07,1,0406ff447ce40679a8c6dbc07bb3447b,77a7e8b75e70f65f9280c5aa8dd4595b,2017-12-29 13:00:00,59.38,44.13
e8f8e1533ccdb4f3910db5e508540fb5,1,3e245fbffa698cd2fe2390f3e7bbaefc,22498f666e51484d1b84edc3d8e049de,2017-11-06 03:00:00,76.7,38.51
6fc469f723596be8dece969783e572de,1,a590fd3cad6ecc57a520c3d0fbcdbf5e,64ab851bf1fac6e7170d750705eee1d4,2018-05-18 08:00:00,43.19,33.37
b5674b5fd3162db903d0066e56ad73c0,1,905c7bdd74f0beae6a5943ce836435e3,7318b96d447906121f5d988f776abf09,2018-06-04 06:00:00,447.01,26.89
b5674b5fd3162db903d0066e56ad73c0,2,6aa0426df7c0d5f769a53b4f8ff8869d,0b95017c5dae1201673ba8bdc38c1dec,2018-06-04 06:00:00,41.82,18.75
c6a59693704aaa017256c86f270d15be,1,5c9deee0b42a045687365a84725e134d,20da897258321ee48471b4b0ae1b9f69,2017-03-10 06:00:00,83.48,18.5
bcb9e638b0200b6d91b67a234f7f85a7,1,5c9deee0b42a045687365a84725e134d,8d2238e6c7bf4fbcd43cdd6de0c1ff1e,2018-01-10 03:00:00,50.52,39.28
1010a064ce2620ff328529a15c463ee1,1,18fdd2b979e5c9aa592a35497ba109d0,f28e41225894f7f139b86bb2b596ca7c,2017-06-08 02:00:00,31.5,21.49
824c29806a2dcadb6a240811c3a87fc6,1,9a4ffc0c9165f2ed4c636e95025f5543,46426c458d03f17af4d375c1a29319fa,2018-01-21 16:00:00,23.88,36.09
0bd57513e31d5f0f623b2e738e553ae7,1,4ccb235539d1c7ffb27e1442fd7fe973,7318b96d447906121f5d988f776abf09,2018-06-15 16:00:00,275.57,26.73
9c705735087144380c69aef948f815a2,1,0ec0713dea2c7a517688d11fce4758be,6a662fce7089fc6d2877f5d90f5675f8,2018-09-05 18:00:00,73.68,41.66
6986dd76c1840a08c0b05405196e5344,1,28e333b64e8adc4b772420411e43fbd2,80bbae526ec0126921084dd9f75d1e3c,2018-12-18 10:00:00,151.3,19.06
c8eeeaad9808bb94713d69093d5798e2,1,905f9096299656e24c9d690713b22cec,b048faa112ae5c22741b77f54c24a053,2017-06-22 07:00:00,36.8,14.24
cb3ebc4ccad028bc60fc9ea0a06933fa,1,cff2b1c4e53f9644b39e4df25c0a1feb,6929de738693fd9d7a89cbebb807d78a,2017-07-25 19:00:00,56.67,44.85
cb3ebc4ccad028bc60fc9ea0a06933fa,2,905c7bdd74f0beae6a5943ce836435e3,3240d7a14027ab7d143029a9d88f1c94,2017-07-25 19:00:00,17.28,32.05
8554e472fd469c7ee21cb77fb4f3bc13,1,e9aa144b9dd43675ef145064aab07015,dd39d7936257a4a2f204be894a4b5563,2017-07-29 07:00:00,50.19,37.6
21bb549bbc194683d987e067112db7de,1,61935990abdd1a8fa4b05c89f10bce9c,c48d56502e9522d696792482a3c988e4,2017-09-01 12:00:00,88.03,23.33
716d7b796e6944d38296043caf5c0047,1,f5948a545f804eeb143a9aff659b0105,0cf477ef18c8a61624108e9a3f779cae,2017-10-13 14:00:00,89.93,43.93
2f856d05e995bd6730026c19fd27f49d,1,b8f0188efb37afaecd8563ca193e638d,20da897258321ee48471b4b0ae1b9f69,2017-11-28 14:00:00,71.26,34.52
9493b46e4ba40f5ceb15f36ad55d8b73,1,4b91b8cb6ae66582b852b3cd9442b5e6,4ddb1b36272c058884a2576c1fc905f8,2017-12-28 03:00:00,97.51,43.43
1bd60de523d2b143fa75aac4e3b2a723,1,bab2b77dfa740cc8a43afb7ac40d4874,10d4de39161237c9e25df9a89ca8a5c4,2017-03-24 18:00:00,68.26,24.54
25427d14c349263f6b241f7c05acf9f0,1,4ce953a722d90db3982a2277f966d59f,28caaa1dc35bec2c3098f7b2500e15c0,2017-04-02 23:00:00,388.4,22.99
25427d14c349263f6b241f7c05acf9f0,2,d3f4a49b33baba8836c7d6fa7aa4f052,77a7e8b75e70f65f9280c5aa8dd4595b,2017-04-02 23:00:00,24.2,19.62
b02afeaede9795117421c0036210f992,1,e6b9d31a361f6d903ad1fa330ae4ac11,3240d7a14027ab7d143029a9d88f1c94,2017-07-04 07:00:00,104.63,31.3
698a306543db69c8aef392c2655ca3d1,1,b7f60cdf41dc1c60a5f60735757b6b29,a417c09380a8a23d17eaec838892042f,2018-06-28 17:00:00,11.42,32.14
3189b9e04d7acd16b32cd2075e493434,1,af70de702b69c95e85671b58926bffa5,10d4de39161237c9e25df9a89ca8a5c4,2017-09-02 01:00:00,122.14,24.68
d72f7093a4566dc572f6f59817b05872,1,6aa0426df7c0d5f769a53b4f8ff8869d,f67294643f8ea40a6b0ae0e39d896047,2017-08-11 07:00:00,56.49,11.49
6033f6a1e3ad6424feb9fe3b363debee,1,a65f7b8adbb44021fdde64afa75b395a,0c74dc0f5a57553995560a2d3713b466,2017-09-13 13:00:00,35.64,31.29
6ce59d255201aa7da5e5754ce177edcd,1,d218c9d6c093bfb024e9bcfd9647ff9f,64ab851bf1fac6e7170d750705eee1d4,2018-02-09 04:00:00,44.21,44.19
0c8a8d840c888da577a4788ca7579b0d,1,2a9528c35ae1dbadaa2960fda85894df,e3954cb17f7f6c0a07c0d116a394ed54,2017-10-17 22:00:00,18.8,32.73
51642de2a2bfd9d033c8a51f7318dd3d,1,1cb9b73a906d5c8cead08c8913fe8a29,4ddb1b36272c058884a2576c1fc905f8,2018-02-15 20:00:00,122.99,21.1
51642de2a2bfd9d033c8a51f7318dd3d,2,54bbbcf828fea7618d49fe3f2ca8f783,8fd33afc91fdfa4f0d18ab95668c8477,2018-02-15 20:00:00,58.11,42.32
51642de2a2bfd9d033c8a51f7318dd3d,3,54e38579c0afd193f780ef2f664d5922,64ab851bf1fac6e7170d750705eee1d4,2018-02-15 20:00:00,135.06,18.45
7f23a32fba18a17b7d74dbf11cedf027,1,9118c400e336c243b139c476de3ce88b,0a8bb5b490494583ec86a890d7b00bdc,2018-01-11 07:00:00,100.1,27.87
f65067e06b941b94918f979216cbc3cb,1,bd5ff093c16f9bcc6243bed754ec3f33,b048faa112ae5c22741b77f54c24a053,2017-06-04 18:00:00,70.96,19.87
285b54bf8efbdb582fb121851d1dd3c8,1,0328c136629ef3d8dd1ca267530ddda6,7318b96d447906121f5d988f776abf09,2018-07-23 12:00:00,118.91,16.18
1431528a9002e0d3d853ff6ec7edf53f,1,186b2880ab545a15669d01ff1634725b,6929de738693fd9d7a89cbebb807d78a,2018-05-11 04:00:00,43.14,42.22
3273c75e41af5cbf9c9faaaee1ceb686,1,a6129a1c889d4b76775c30b561730c48,ef4afa885299e5052976aab22a26f770,2018-04-11 23:00:00,79.47,22.79
1b57856c005b8b64f52d67c7ebbb0653,1,891f691217abb8635efeef4fd8ddbbc0,566e3cbe9aea622fe6e987cab87b6384,2017-12-29 10:00:00,94.36,13.76
1b57856c005b8b64f52d67c7ebbb0653,2,e3ad64d4eab9eb022f1dc1217d024c6d,64ab851bf1fac6e7170d750705eee1d4,2017-12-29 10:00:00,16.16,15.78
48a93c9352c60a7de8997388559631d7,1,649f7d888989c5abfe2b34d82db0728d,8d2238e6c7bf4fbcd43cdd6de0c1ff1e,2017-06-16 17:00:00,42.08,34.24
cbcd9eed0cfc3b776ac86a300cf6812b,1,53f3007383e96ef46d7df5d0d3b59af7,48b763d5e519dd7e84d67c4ff0df1684,2017-09-29 09:00:00,53.45,20.48
cbcd9eed0cfc3b776ac86a300cf6812b,2,f48f709c49a224410ac4de854a5b1aff,0b95017c5dae1201673ba8bdc38c1dec,2017-09-29 09:00:00,147.52,35.39
cbcd9eed0cfc3b776ac86a300cf6812b,3,eb053fc41b656dab2de46e91e8e6e840,14cb056407437c3bdd20c3bfd342af08,2017-09-29 09:00:00,38.94,11.95
fb039d53572de5e0849458ec23f664e2,1,15fa9483f633cc2deba900e16a7d5d96,c48d56502e9522d696792482a3c988e4,2018-03-25 14:00:00,117.23,34.9
1c3359614a4a199e1ce736df80f78a72,1,1cb9b73a906d5c8cead08c8913fe8a29,46426c458d03f17af4d375c1a29319fa,2017-06-15 18:00:00,52.71,15.01
673b1a166418d23485443479f5d9e94e,1,f1b88d65406f64d65c72aebd13b11e59,22498f666e51484d1b84edc3d8e049de,2017-11-16 22:00:00,117.83,32.5
508c99e184732bee0fc765ce30d0ef78,1,3d4196fe963a8617bdab07e79d9d028e,b89bdf7f93e34c35ef0a573d53d2d56d,2018-07-30 02:00:00,39.2,42.56
d04453540a1323efccc26a7870e61fa6,1,8ed8a80d84cfee39bf31c29f82bbad84,3eb051817ba245884d560a3df4e7069a,2017-09-11 20:00:00,130.32,32.46
0d40148db02a8bd4d7c436fd4ac7e2a5,1,b34c6c7358330b306c776e950b981ccd,46426c458d03f17af4d375c1a29319fa,2017-02-11 20:00:00,208.18,39.93
b5a6de72c0e16f34f418bd37b952b1bf,1,bcc57be00779250a6544e3136ea05d13,d4d607350e2f8958de431e06e9247069,2017-07-08 09:00:00,121.97,42.33
ea0188c7e75e976a5a2f237b3b74adc3,1,7317591a3283daa4e212ab7c9d361cb6,fcef1972bbf483ce51beb80eb7e6a14c,2017-08-14 11:00:00,9.72,34.84
8d3441828effbdefb92491d90191bb80,1,40afbf3f3df519674d8670bda2224f96,c561b8dca4364fcdf2d3f7610ba36279,2018-03-02 00:00:00,39.12,24.87
29b2b9012bdb4b39bf8d7ae34724b718,1,0123a348638abdf66df72cd3979aa051,c561b8dca4364fcdf2d3f7610ba36279,2018-06-03 09:00:00,57.17,18.88
07cad14ebbe5c3d755ce011dda7f1ca8,1,d773f98d550c2fe9654c11d9f2e61828,0217ea0e896490ab4926ce5f78786140,2018-02-19 02:00:00,50.94,39.2
e0986ed751f5d47bbfc6cf2bda030e73,1,2cd58759e95d2761bc36dc59e134edfc,6929de738693fd9d7a89cbebb807d78a,2017-12-29 12:00:00,47.7,26.43
e0986ed751f5d47bbfc6cf2bda030e73,2,636f6e5c2253e70687ad8b268eaa5841,5128b9b1f8ede0ca20156a7212e153a6,2017-12-29 12:00:00,17.51,43.3
3e53042904ca56c4cd193f76826a17bb,1,966be275c2fe8954cdfd9531302b7831,2138afe08d38bbd8fba6abf7cdbcc653,2017-02-02 16:00:00,26.58,19.27
3e53042904ca56c4cd193f76826a17bb,2,bf337a151e086f20bdd151b0f64ab6ec,35f789bca6b0745843c07d4393a74792,2017-02-02 16:00:00,82.21,12.98
368a2097417cf2ed7ede0a0aaa0f0335,1,3ae2802354720d2d32399ffb27046f25,7740d8317331874912fc7a87a4704d48,2017-05-15 09:00:00,46.21,10.43
15c83934a82cff5f2166ee8276d946e6,1,46a56fe86f46f1b12ace1aa9103246b3,3eb051817ba245884d560a3df4e7069a,2018-01-03 13:00:00,95.76,41.53
398e1c1179ff479981b5b4d94719a40b,1,c85cd7147bf695524cbc90446bcd5ce7,98f6fd7f7eb162f14806f8040cf0374c,2018-04-15 07:00:00,57.27,38.67
31552a429eac4a1554da025a828f479a,1,8bea75c1b86677aa23d4526b2b54ff7a,66124ab4f9b21e6e586a346adc5be7d1,2017-04-25 14:00:00,34.0,18.32
327cff9d5ae8d92cc489d6d7131fc388,1,8e4c3ab56d5d0477adc29178a0411612,dd39d7936257a4a2f204be894a4b5563,2017-05-27 22:00:00,108.22,20.45
23cc6f7fc79591e5749dbcd709e83067,1,2e0fb5b38bae591eff4cc10f979c30cf,6a662fce7089fc6d2877f5d90f5675f8,2017-05-22 03:00:00,53.81,24.41
23cc6f7fc79591e5749dbcd709e83067,2,3f8c1097c4da2c2e1bffa27915c1604f,c561b8dca4364fcdf2d3f7610ba36279,2017-05-22 03:00:00,46.81,25.89
769727cc53885f74283321303e000000,1,277eb0aaa247541dc8ad0899b630794d,7f53a88e4efc8248e10b1a477faeb748,2018-06-03 12:00:00,69.56,39.08
248a188f92cb5e1f9702fe56eef9c4ab,1,95831d58ef4c51198da5d39b42c21797,f28e41225894f7f139b86bb2b596ca7c,2018-04-01 13:00:00,95.84,26.93
ba9513e932a3b4be4553ec8675d5d68f,1,d9b59f84edc3a1c32dea2d2d086c405f,20da897258321ee48471b4b0ae1b9f69,2017-01-27 18:00:00,469.15,20.23
ba9513e932a3b4be4553ec8675d5d68f,2,93d563ae51a3ac26937bf79bbb44badc,7740d8317331874912fc7a87a4704d48,2017-01-27 18:00:00,9.64,32.85
ba9513e932a3b4be4553ec8675d5d68f,3,564cfbd2bc92fd81039b058c2faabe0b,7740d8317331874912fc7a87a4704d48,2017-01-27 18:00:00,30.47,12.04
dd57077aa59007bd29f8a38e43c883fe,1,735741e5fe1a1ba9c8969c5b45f8c28d,5128b9b1f8ede0ca20156a7212e153a6,2017-05-14 19:00:00,47.52,12.58
277b35aaf8a248a9890a697b51153d21,1,0f25477da55990e74910fade52380bf2,80bbae526ec0126921084dd9f75d1e3c,2017-08-08 18:00:00,170.78,32.31
0baa8cff50ef5abd7eef3275ce4d2b97,1,720b274b82a7f586e61d9cde1747f387,9fddde2ea8a2b7ad2bd3cdcd27794685,2018-06-11 14:00:00,29.87,38.43
0baa8cff50ef5abd7eef3275ce4d2b97,2,33261887905881dfee9bf3e11d27c09a,a45409374a27ebf28baaf744a08dd21b,2018-06-11 14:00:00,16.8,25.51
5d3939b0751d0be7abedb162bde11274,1,4b91b8cb6ae66582b852b3cd9442b5e6,7318b96d447906121f5d988f776abf09,2018-02-08 15:00:00,211.28,32.11
5d3939b0751d0be7abedb162bde11274,2,b3eda8f1026b5383a301ec030e5d8c6a,48b763d5e519dd7e84d67c4ff0df1684,2018-02-08 15:00:00,149.93,25.31
ab1e26b75c4e3ef222d5df3df3c352f7,1,72f6095812ef61016082786fca00ef58,8fd33afc91fdfa4f0d18ab95668c8477,2018-04-29 03:00:00,126.58,32.94
5ab64d5ce5567d9bbf9adb75b2daadd1,1,12b2102d940c350337c86152beed0af9,9e3c5a886aa56e6d92779574c4576cc3,2017-09-30 21:00:00,135.75,40.34
07c83e89b5e2cf5d454798d9d0d1cc8a,1,7a3a6e9623ff23d3fb4fb88a2f4dd219,7740d8317331874912fc7a87a4704d48,2018-05-04 20:00:00,20.38,16.56
7d88c4456b850d90e6612633ee66932d,1,c85cd7147bf695524cbc90446bcd5ce7,d4d607350e2f8958de431e06e9247069,2018-06-26 06:00:00,153.12,31.63
e4df66573196fb2c41e8e0b6115596d0,1,67c0518b17efa621081c79d4c27437eb,a45409374a27ebf28baaf744a08dd21b,2018-01-29 08:00:00,34.03,21.36
215365f0fb7eec4d1afecb033a4cdc8e,1,e1721c83ef5e4376a723fb72682b163a,b048faa112ae5c22741b77f54c24a053,2017-08-30 20:00:00,162.58,44.91
d86399bd9597846a85bf10c01f097e90,1,0ec0713dea2c7a517688d11fce4758be,4ddb1b36272c058884a2576c1fc905f8,2017-10-20 22:00:00,48.75,9.4
e2d033eb00c642f5dd1d06776f174420,1,3e42df5b90a3fbbf7580e05067f1698c,b048faa112ae5c22741b77f54c24a053,2017-01-19 19:00:00,76.71,26.26
720008f320c06aed64b25499ad5a0110,1,b2414482519894d886433603c92a7d7c,7318b96d447906121f5d988f776abf09,2017-07-03 20:00:00,96.66,37.35
f290dbceebe44942e0fa5874c8bb89c8,1,950df1a07aaf20019912316afd9e8e20,28caaa1dc35bec2c3098f7b2500e15c0,2017-07-31 06:00:00,143.55,23.52
f290dbceebe44942e0fa5874c8bb89c8,2,92a81713b90ed44b951c25d54d4c5280,b788f5d1ffe575f665edcfe34f2dad3f,2017-07-31 06:00:00,79.96,30.96
3677831a93329c57475b7b4528fcd09a,1,4ba172331ac3bf317b96e2d10649bcf6,77a7e8b75e70f65f9280c5aa8dd4595b,2017-08-14 17:00:00,47.48,42.65
c6012ed5f883f532d56c02870cd837a6,1,083f64c31ce362f8c3f725feb99b2b5a,6929de738693fd9d7a89cbebb807d78a,2018-03-22 05:00:00,32.3,40.97
e01e423600370f2cdaa4a023b956908d,1,891f691217abb8635efeef4fd8ddbbc0,0c74dc0f5a57553995560a2d3713b466,2018-01-30 15:00:00,156.67,38.38
45b91b527fac17b4065f73c10b420d1e,1,5d71a89864976593c92e8c93d105c8d6,9d4b2bf94d85e9c7a0017720200b2903,2017-02-02 02:00:00,31.39,29.88
7d630ec0b537284f7a5ed265e45c69c5,1,11b461e9b15da72dd4cee27c4a94ae9f,9d4b2bf94d85e9c7a0017720200b2903,2017-04-19 23:00:00,40.05,36.13
926b8a67afa0eeaf421bf29eb5740cf4,1,72d3545861ea2f30e42e707afe2bd987,7740d8317331874912fc7a87a4704d48,2017-09-24 19:00:00,132.66,41.19
d3df72d2d47e021d5d0660991231b8b8,1,546252e7f43ba0524459bd6ec0f63229,5da39a73ba3df7ff43b47ee5e1e89e7e,2017-12-30 16:00:00,55.98,16.53
64e0638af9008cca7b0c65ef406fede0,1,694d7b008d388327883f13c601b158e9,22498f666e51484d1b84edc3d8e049de,2018-05-04 10:00:00,128.78,24.12
64e0638af9008cca7b0c65ef406fede0,2,cf0e6d2b315c167a45d8a6ad77d0359e,46426c458d03f17af4d375c1a29319fa,2018-05-04 10:00:00,54.49,26.17
9b799a18e3f1fcad6a06007d0a6441df,1,51b30182f7fe604f65f30779f6ee5cdb,20da897258321ee48471b4b0ae1b9f69,2017-03-25 14:00:00,95.95,22.06
1cae8ac7ebf9c85b1bc646fb143807de,1,9118c400e336c243b139c476de3ce88b,20da897258321ee48471b4b0ae1b9f69,2018-08-07 23:00:00,78.76,26.43
a67156dc3320c6808bd43a8de133af3b,1,ea98fef8d0d75e373bf2025f4a0d2b73,3da06476f778c676750d112e8164ceec,2017-11-23 00:00:00,34.57,32.31
a67156dc3320c6808bd43a8de133af3b,2,389589399342a09fb00ac64c949cd8d4,35f789bca6b0745843c07d4393a74792,2017-11-23 00:00:00,374.32,29.28
f2f03734b42473b76bc0702678747404,1,a205e54fb1e8c09dbc20b9f24a9c589e,dc8a49225005680f24c778a59b4e164b,2017-10-02 19:00:00,70.15,15.08
50142ffe9ec232e5ff2ecfcdc96057b1,1,5c11ab6d42f5b3f54ef4c34d5bf86f3c,5da39a73ba3df7ff43b47ee5e1e89e7e,2017-11-19 12:00:00,60.35,9.53
9a0422613c5ed00ecabfe4eca1d5df33,1,389589399342a09fb00ac64c949cd8d4,932cae01d2c65ee468d0a2a8c4e7f7dd,2018-03-30 10:00:00,41.26,16.9
58b5dfedf2b47627c0c62677308b5be9,1,d773f98d550c2fe9654c11d9f2e61828,2138afe08d38bbd8fba6abf7cdbcc653,2018-06-03 21:00:00,510.64,28.91
7d511b32387a0203a4a03177a12d7387,1,95831d58ef4c51198da5d39b42c21797,e3954cb17f7f6c0a07c0d116a394ed54,2017-09-08 14:00:00,53.35,42.29
352b709119251284a4446030ef096b32,1,b8e19f568787ea2104482a220308aa5e,67f5ae02af5b8f47ceae71cfce000af0,2017-02-24 11:00:00,212.14,30.68
50a7a8135cd56c6dc99a68bcb262a22a,1,e9aa144b9dd43675ef145064aab07015,66124ab4f9b21e6e586a346adc5be7d1,2017-06-04 16:00:00,528.66,34.7
01e89a9ab5219376ec5b9593fb07407f,1,6c521d13b719bb682775ee42a89e22f2,5da39a73ba3df7ff43b47ee5e1e89e7e,2017-04-08 22:00:00,46.47,9.74
83b4e4b457944a7923f88146f9b86035,1,f50d7a37a44d9fecfd85d7fa8ac97b01,e3954cb17f7f6c0a07c0d116a394ed54,2017-02-18 14:00:00,58.62,28.45
692b6788bfa1ec074bf3a240558d220f,1,11b461e9b15da72dd4cee27c4a94ae9f,14cb056407437c3bdd20c3bfd342af08,2018-06-27 19:00:00,212.73,37.14
45a4e538bc9c87a765294e63d7cf5786,1,eb053fc41b656dab2de46e91e8e6e840,9fddde2ea8a2b7ad2bd3cdcd27794685,2018-04-07 19:00:00,162.18,35.1
387e6f2a13d5a00d8b8d32f00bd648c2,1,d6cd315508a8ac7f862138ad0f09105c,5da39a73ba3df7ff43b47ee5e1e89e7e,2017-08-10 05:00:00,134.32,36.02
54136df9cf5b71c297763ab7aae8ccdb,1,286ed390edd97a1afa585b278ce3e7c3,b788f5d1ffe575f665edcfe34f2dad3f,2017-02-01 15:00:00,174.71,22.91
e7c9ba3e5b219203be4faa6caea9abff,1,a879d8f890422eb78b040f53e63949d4,0a8bb5b490494583ec86a890d7b00bdc,2017-08-08 08:00:00,58.39,37.33
ac067d97c7ecd24e31438cbe2d451b5c,1,df4e713ef64e3dfcbfbeac7aefc59738,0a8bb5b490494583ec86a890d7b00bdc,2018-05-03 09:00:00,125.54,11.22
3eed5fafc10058ca04dd9975e3b5dd9f,1,b93b17fbf76d15fd7d1645a0d253d966,3240d7a14027ab7d143029a9d88f1c94,2018-08-08 01:00:00,120.06,11.21
cdf3c68211701ddc95eafedc6bbb62c5,1,5fdcabbf6b9cd71cf6ba745ba55871e3,c48d56502e9522d696792482a3c988e4,2019-01-31 07:00:00,117.17,32.92
3e0bb12b31e184c1ed9d3f5512bcfbca,1,e00da49deffa20023040413c4690fb15,f28e41225894f7f139b86bb2b596ca7c,2019-07-26 13:00:00,79.8,25.95
01ff591203848bb1b073366eb28e90e2,1,8570b59fa903ae67fc568b5324acb722,0c74dc0f5a57553995560a2d3713b466,2018-05-15 18:00:00,25.15,40.15
f9f34c61771717981d12b2e71d8243a1,1,ea163354a35fc9c1980495628972abbd,77a7e8b75e70f65f9280c5aa8dd4595b,2017-10-25 21:00:00,120.64,35.11
bc6c4b7faee8e33c238a84673bc27b50,1,f5948a545f804eeb143a9aff659b0105,b89bdf7f93e34c35ef0a573d53d2d56d,2017-08-12 10:00:00,48.13,25.29
f3fd600522bd31e5bca285746953c586,1,3b9b2d45a35055e439c59df987f255d6,c48d56502e9522d696792482a3c988e4,2018-03-23 19:00:00,49.3,24.37
5285a7db728619db07082f9757bc5663,1,cc351e4f703e957f35ab8466b5578b00,67f5ae02af5b8f47ceae71cfce000af0,2018-06-24 08:00:00,58.31,10.3
e71bef257f5f7a16158ed5c101fdc5af,1,15fa9483f633cc2deba900e16a7d5d96,0b95017c5dae1201673ba8bdc38c1dec,2018-06-11 12:00:00,85.88,12.36
aca601d110eec3d21070750e50969bc4,1,0328c136629ef3d8dd1ca267530ddda6,dc8a49225005680f24c778a59b4e164b,2018-01-11 22:00:00,101.2,21.01
fb8fce928adb4c5c3f178495f0a60bc9,1,1375ee90d6b361e43b6dca0d6fe5040b,e3954cb17f7f6c0a07c0d116a394ed54,2017-11-17 23:00:00,50.34,37.44
c22559137779bb5bf297de6adeb86e1b,1,7eece88da002352ab88cddde3f2086c2,0cf477ef18c8a61624108e9a3f779cae,2017-11-12 14:00:00,42.97,14.0
2be0b091f512b62875657945fa7d0429,1,4988e418f6c31218c1836315330f8be1,5da39a73ba3df7ff43b47ee5e1e89e7e,2017-09-01 17:00:00,90.77,41.34
2be0b091f512b62875657945fa7d0429,2,277eb0aaa247541dc8ad0899b630794d,d4d607350e2f8958de431e06e9247069,2017-09-01 17:00:00,130.57,26.61
6a9328448d8809a0bba8aff18d963c7f,1,86879aa914f573d0c9912032df85c777,48b763d5e519dd7e84d67c4ff0df1684,2017-12-24 16:00:00,64.19,36.84
6a9328448d8809a0bba8aff18d963c7f,2,0b531932bd9419aa3ea6e5b20c760d28,48b763d5e519dd7e84d67c4ff0df1684,2017-12-24 16:00:00,99.75,21.85
6a9328448d8809a0bba8aff18d963c7f,3,18fdd2b979e5c9aa592a35497ba109d0,c561b8dca4364fcdf2d3f7610ba36279,2017-12-24 16:00:00,45.73,40.14
43d582db936bcbf6e3b047a543e011b5,1,b93b17fbf76d15fd7d1645a0d253d966,0a8bb5b490494583ec86a890d7b00bdc,2017-06-03 20:00:00,108.42,19.07
2d93990949cc48c8632c5487a91ee2d3,1,54bbbcf828fea7618d49fe3f2ca8f783,3da06476f778c676750d112e8164ceec,2017-12-15 18:00:00,292.35,21.86
772d7864f5365ad256f04f7d0c78b206,1,f80b2cea658e54a29879cf35f4719986,9d4b2bf94d85e9c7a0017720200b2903,2018-08-08 22:00:00,19.88,13.19
772d7864f5365ad256f04f7d0c78b206,2,d218c9d6c093bfb024e9bcfd9647ff9f,c48d56502e9522d696792482a3c988e4,2018-08-08 22:00:00,152.69,25.7
772d7864f5365ad256f04f7d0c78b206,3,9c6783932ced3c0d317304b5c1dd484a,0b95017c5dae1201673ba8bdc38c1dec,2018-08-08 22:00:00,26.32,44.55
10593a38cbb9a251dbb99911cc89edf2,1,e9ad0e9b8c9aa1e9b3b263376a74dbb7,5da39a73ba3df7ff43b47ee5e1e89e7e,2017-11-19 10:00:00,64.63,8.33
9ef8cf0fcfb4fa80eda8baed8ed3f722,1,15fa9483f633cc2deba900e16a7d5d96,46426c458d03f17af4d375c1a29319fa,2017-02-25 21:00:00,143.64,17.78
d799aa72390be8d679c688b6a4426d1b,1,74bd0c938177b66137fe032c02571851,28caaa1dc35bec2c3098f7b2500e15c0,2017-10-17 15:00:00,50.61,42.28
d21f98b3a8fad545781f62599324e145,1,2cd58759e95d2761bc36dc59e134edfc,66124ab4f9b21e6e586a346adc5be7d1,2017-08-26 17:00:00,103.05,21.65
03dc2cb7b778d15c6cefdaea6210ab22,1,01bf9e733f800385ef9240b652d78f10,3da06476f778c676750d112e8164ceec,2018-07-22 09:00:00,15.21,20.09
03dc2cb7b778d15c6cefdaea6210ab22,2,ac3a812f765e6cb58f0d55400ec7d662,0a8bb5b490494583ec86a890d7b00bdc,2018-07-22 09:00:00,73.75,14.11
3e820f4da412a98346c372fecd15191f,1,a3422e509e2a73240f79a8a75f8a14bd,e3954cb17f7f6c0a07c0d116a394ed54,2017-12-02 02:00:00,51.6,21.41
7de4e475a8e03d6b151105eb0d2723c3,1,c2e79a985c238d8d71da35b94eea9db8,a417c09380a8a23d17eaec838892042f,2018-03-09 14:00:00,39.89,33.37
f0fbf9d51507a93eb6e962b392027568,1,fe54ee4b80ff517323dfecd70e731dd7,dd39d7936257a4a2f204be894a4b5563,2017-03-06 21:00:00,203.02,10.56
1383c87368599322e298cb7743723353,1,e39836bbe23ddfaaefad49e9c41c147e,0cf477ef18c8a61624108e9a3f779cae,2017-05-29 19:00:00,36.16,20.93
4d260cb8a66d48438775c84a163af696,1,72d3545861ea2f30e42e707afe2bd987,dd39d7936257a4a2f204be894a4b5563,2017-03-09 12:00:00,67.46,9.79
4fa7a6ee60a2362874c59b86f44209b1,1,12a1fe7ddfa597220a1fc9df9a591974,d4d607350e2f8958de431e06e9247069,2017-06-07 01:00:00,74.82,37.82
4fa7a6ee60a2362874c59b86f44209b1,2,0997623ae0723d964a1a81f5ed10f004,20da897258321ee48471b4b0ae1b9f69,2017-06-07 01:00:00,34.96,12.11
509d59c48520214ba7a2a01ef94b43fb,1,26a9e100b509109b116658ce3b3f3800,3de2885951b1943c1b2ededb8fc85fc0,2018-01-13 21:00:00,22.41,34.54
0df5cb673fcebaad741fe5479432b7c9,1,89b5aab0c12169db2f12b150605fb1eb,28caaa1dc35bec2c3098f7b2500e15c0,2017-05-21 23:00:00,42.69,9.24
ab7e5d6e977c530e15aa772be4ddf2e4,1,47419b4834ae4abd36fce0acb4698db3,3240d7a14027ab7d143029a9d88f1c94,2017-11-07 12:00:00,168.03,10.49
958cbdacd31d56813cfe61bc24f6106b,1,378e65108f10d33eabe42e7db96c1163,3eb051817ba245884d560a3df4e7069a,2018-02-16 22:00:00,79.17,21.52
c0e06982add788f49db6787feeedf607,1,0f25477da55990e74910fade52380bf2,98f6fd7f7eb162f14806f8040cf0374c,2018-06-24 05:00:00,112.52,41.31
7ce02e4c2d6fc8b6d7d0ece952d85832,1,1901ef870dbf0caf588a3f87f96d40f8,3eb051817ba245884d560a3df4e7069a,2017-04-03 08:00:00,46.11,28.78
dc0f050514b931f26a99326dad665a01,1,e7ba26acab7a3d1c0cfef6833e11bafe,94a53fdef10d27c89780c2152b2bb8e9,2017-04-29 15:00:00,128.03,23.07
20efd02297ecec56113f8d7d67727fb4,1,7317591a3283daa4e212ab7c9d361cb6,3eb051817ba245884d560a3df4e7069a,2017-03-22 20:00:00,102.68,40.46
20efd02297ecec56113f8d7d67727fb4,2,6c521d13b719bb682775ee42a89e22f2,3de2885951b1943c1b2ededb8fc85fc0,2017-03-22 20:00:00,86.02,29.13
3c2cef2f2215ee0d401cd0416c05539e,1,e9ad0e9b8c9aa1e9b3b263376a74dbb7,7781321e83c501cbfef7d9ea7f8e5483,2017-07-06 14:00:00,111.13,22.45
3c2cef2f2215ee0d401cd0416c05539e,2,5c56d9bc5111d31d63be441dbd5a0c9e,f28e41225894f7f139b86bb2b596ca7c,2017-07-06 14:00:00,103.4,26.59
746c0e6b7d86678b5a502701bca5f784,1,72d3545861ea2f30e42e707afe2bd987,a45409374a27ebf28baaf744a08dd21b,2017-07-17 06:00:00,364.92,16.03
034b3b2526b81db9c0b739f3b0c4bb27,1,2f8c83e56e8d9644601bfbcbf0eebcce,20da897258321ee48471b4b0ae1b9f69,2017-12-17 06:00:00,115.59,32.65
a6a374d9646ca6f33a81481e64aba2d7,1,7249f62c08987462980cb95c19d45deb,d4d607350e2f8958de431e06e9247069,2017-02-04 01:00:00,45.07,20.44
d86db68a204affea57cb90a8bd590275,1,9adf4709ac75c344608e149e44b9e602,b788f5d1ffe575f665edcfe34f2dad3f,2017-04-25 19:00:00,23.12,38.65
f4c98a799971d61fb9257691cca06420,1,2f8c83e56e8d9644601bfbcbf0eebcce,3240d7a14027ab7d143029a9d88f1c94,2018-07-15 11:00:00,20.9,24.34
aa99d68290450a45edd0a30fb55bf7df,1,e8334da5de95d6953579c1437ab99428,28caaa1dc35bec2c3098f7b2500e15c0,2017-04-27 22:00:00,31.54,35.55
08b1c046ea66d601e1aff6f2f4e4c5cb,1,d18183d1ac2b0cfcc5c51060991121e7,dc8a49225005680f24c778a59b4e164b,2017-10-31 12:00:00,147.46,13.24
1b27c7e1620337cb6a41ebc807db5cc9,1,61935990abdd1a8fa4b05c89f10bce9c,8fd33afc91fdfa4f0d18ab95668c8477,2018-02-11 04:00:00,16.28,9.08
330804570477bd1df1bae62229f4cfba,1,5e175b664b87959ff0cd7f05ea87855e,fcef1972bbf483ce51beb80eb7e6a14c,2018-07-14 01:00:00,51.04,25.02
330804570477bd1df1bae62229f4cfba,2,0426fcc9255b30e2bdc2b74b38a56b49,98f6fd7f7eb162f14806f8040cf0374c,2018-07-14 01:00:00,29.77,26.14
bf0b24c87ec26db7885db755a75f98b2,1,12d15585b68e47fa3f175534cc4d5819,20da897258321ee48471b4b0ae1b9f69,2017-12-17 06:00:00,21.85,14.52
e3938d98f757507a0e3b8325abe8e840,1,f50d7a37a44d9fecfd85d7fa8ac97b01,b89bdf7f93e34c35ef0a573d53d2d56d,2017-01-16 15:00:00,52.73,16.58
59a39d2e0365d0cdf584be70337d1d2a,1,47419b4834ae4abd36fce0acb4698db3,7318b96d447906121f5d988f776abf09,2018-05-30 23:00:00,59.84,11.2
fcbcdcb96b32648fadebefda7299bb11,1,9c6783932ced3c0d317304b5c1dd484a,5da39a73ba3df7ff43b47ee5e1e89e7e,2017-08-23 17:00:00,124.15,41.16
345bfbb2aa1d481291878942c1981ea6,1,e723ada38c32bdb2d42a895e0fcf601f,9fddde2ea8a2b7ad2bd3cdcd27794685,2018-06-12 03:00:00,48.21,8.16
d0134e67dfb4e0bdc8408d88b44ffb05,1,a6fd0cb116e6e5c0c4cb294fe86e8e63,9fddde2ea8a2b7ad2bd3cdcd27794685,2018-04-15 08:00:00,198.41,24.2
c02a8cc75773567b52d95cce60c4f0a4,1,a65f7b8adbb44021fdde64afa75b395a,9e3c5a886aa56e6d92779574c4576cc3,2017-10-02 21:00:00,46.51,36.32
1cba4396d1a5b29a1a5fe46beced079e,1,f166cdcf762cdfbcba2aa7baf3f81c31,10d4de39161237c9e25df9a89ca8a5c4,2017-05-01 05:00:00,47.83,35.23
f3fc752d82575b1b51ee075a7c204d12,1,b93b17fbf76d15fd7d1645a0d253d966,83d5bceb5edbb8eec2baf0e02179e3f0,2018-03-24 17:00:00,30.68,13.58
313fb71e67058dfa222b88d5a351de16,1,2a9528c35ae1dbadaa2960fda85894df,28caaa1dc35bec2c3098f7b2500e15c0,2018-08-20 10:00:00,209.48,21.97
37318edaff666f94e46ba2a0f3e27bb3,1,083f64c31ce362f8c3f725feb99b2b5a,c561b8dca4364fcdf2d3f7610ba36279,2019-01-20 10:00:00,62.05,35.83
37318edaff666f94e46ba2a0f3e27bb3,2,e723ada38c32bdb2d42a895e0fcf601f,64ab851bf1fac6e7170d750705eee1d4,2019-01-20 10:00:00,80.25,40.11
37318edaff666f94e46ba2a0f3e27bb3,3,51facefad6f89f7ac2fa1da878308631,932cae01d2c65ee468d0a2a8c4e7f7dd,2019-01-20 10:00:00,88.68,29.16
bb7aeef7de1731e3402e4222946b835d,1,54e38579c0afd193f780ef2f664d5922,22498f666e51484d1b84edc3d8e049de,2019-06-01 02:00:00,78.59,27.93
725ffd6ffbddd9cf4ef022e1025283ce,1,0592bfa5b928e23f4ee4334ece920136,932cae01d2c65ee468d0a2a8c4e7f7dd,2017-07-21 10:00:00,193.99,24.16
35fd933c2cc23f4089cbc746f172a96f,1,46707cd64ceda16469df14e9389641dd,14cb056407437c3bdd20c3bfd342af08,2017-02-25 02:00:00,98.67,25.27
cf584f82d34b89eb83fc2d740c91ea34,1,582b91eef8e8035b0c00988a7ee1011a,ac2a4f71a77d95f1d7c4fe9ce1e0fffc,2017-08-06 19:00:00,128.26,39.57
54cf7750a2baad72888e552c00ae5c84,1,614c721da921cb4c95fbe976ae007b7e,28caaa1dc35bec2c3098f7b2500e15c0,2018-01-09 22:00:00,47.0,9.35
a25b19bbd44dbeca82d8426f3302278c,1,95831d58ef4c51198da5d39b42c21797,a417c09380a8a23d17eaec838892042f,2018-06-04 09:00:00,54.21,28.19
a25b19bbd44dbeca82d8426f3302278c,2,6c93a7918b60c511b8168aebac6a7c85,0b95017c5dae1201673ba8bdc38c1dec,2018-06-04 09:00:00,197.59,10.07
a8a5c8c3a945ed303e6f1bdf2b3f0b1b,1,01bf9e733f800385ef9240b652d78f10,48b763d5e519dd7e84d67c4ff0df1684,2018-04-22 16:00:00,193.09,26.49
8c83059ae684fcf6abe5b1fcf54d1238,1,8a624cbde582b678ad5229dd639fc471,5716dc2e343ada2a76e5ae787bf7e1d3,2017-06-12 20:00:00,58.85,24.3
8c83059ae684fcf6abe5b1fcf54d1238,2,2fb21e667ed17aabc9b7c9bc65a16fa9,ac2a4f71a77d95f1d7c4fe9ce1e0fffc,2017-06-12 20:00:00,22.3,14.15
8c83059ae684fcf6abe5b1fcf54d1238,3,905c7bdd74f0beae6a5943ce836435e3,3240d7a14027ab7d143029a9d88f1c94,2017-06-12 20:00:00,57.35,35.26
8fa7c6c23d5d8a24f921f178c9cfcefb,1,bab2b77dfa740cc8a43afb7ac40d4874,98f6fd7f7eb162f14806f8040cf0374c,2018-05-17 17:00:00,32.26,29.9
f97f3594552bd2850535e796cfe84ae2,1,d773f98d550c2fe9654c11d9f2e61828,3eb051817ba245884d560a3df4e7069a,2017-05-18 02:00:00,41.54,41.72
e3c10d30adfa57878722b46f64fcf169,1,a879d8f890422eb78b040f53e63949d4,14cb056407437c3bdd20c3bfd342af08,2017-01-16 08:00:00,41.79,18.29
2762be9fa3b039f480462b1635f0d2f0,1,1375ee90d6b361e43b6dca0d6fe5040b,2138afe08d38bbd8fba6abf7cdbcc653,2018-07-16 04:00:00,43.91,21.51
42f9d8572643a4f550aa528375be2f92,1,6b15c11bb113d50bdea050c6eb9ed274,ef4afa885299e5052976aab22a26f770,2018-03-15 23:00:00,32.55,40.53
2e4b8f13302e450c58817e4efb4fae54,1,5a2837b2cb8383f2bb96f6022b115c36,e3954cb17f7f6c0a07c0d116a394ed54,2018-07-27 23:00:00,16.45,30.29
dc3541e7fa068c0863ad0b29cab71e01,1,409e7a8086c5d1d69ea9f50831227592,a45409374a27ebf28baaf744a08dd21b,2018-07-05 17:00:00,198.11,17.28
dc3541e7fa068c0863ad0b29cab71e01,2,9a4ffc0c9165f2ed4c636e95025f5543,b048faa112ae5c22741b77f54c24a053,2018-07-05 17:00:00,107.38,29.48
cd47c86674345150a968cfa874d11640,1,aca58d95915a1c304b86b5a1ca6fbff8,7740d8317331874912fc7a87a4704d48,2017-04-22 20:00:00,68.94,17.15
1e1f83d8d70e9627963b933bc52bbfb4,1,bb2aa1462999394c54a7b69b1cd66b09,83d5bceb5edbb8eec2baf0e02179e3f0,2018-07-22 17:00:00,24.8,32.93
1e1f83d8d70e9627963b933bc52bbfb4,2,0b7059334cde1b6b1132567c51a40d2a,7f53a88e4efc8248e10b1a477faeb748,2018-07-22 17:00:00,77.13,33.74
4165406cd5a8f2bc9f4c028ec05a2e08,1,e723ada38c32bdb2d42a895e0fcf601f,b788f5d1ffe575f665edcfe34f2dad3f,2018-05-19 00:00:00,64.78,13.51
96b46969feb111fa42351ff84472e10c,1,8d93e14a5b1671583a67470c7d98302f,c561b8dca4364fcdf2d3f7610ba36279,2017-11-14 22:00:00,223.33,15.21
b6c53b98a5c674095ac7795824937816,1,4b91b8cb6ae66582b852b3cd9442b5e6,8fd33afc91fdfa4f0d18ab95668c8477,2017-12-01 19:00:00,41.12,11.95
77004b057e841271d8c2ccf26597af91,1,f51594943818cfd33889936a9d5817e8,9e3c5a886aa56e6d92779574c4576cc3,2018-02-17 21:00:00,104.99,33.48
77004b057e841271d8c2ccf26597af91,2,8d93e14a5b1671583a67470c7d98302f,0217ea0e896490ab4926ce5f78786140,2018-02-17 21:00:00,50.83,20.05
eed4035b22afb20265cbb014763c2109,1,6147adeb277b06674499d0a615007170,3240d7a14027ab7d143029a9d88f1c94,2018-04-13 20:00:00,49.7,26.88
eed4035b22afb20265cbb014763c2109,2,dcb9075ecdd7f460614077d39ec4ea48,5da39a73ba3df7ff43b47ee5e1e89e7e,2018-04-13 20:00:00,38.74,22.21
39f7a64278a4cc9cfd9e5c8adeefe02d,1,0426fcc9255b30e2bdc2b74b38a56b49,7318b96d447906121f5d988f776abf09,2017-03-10 11:00:00,55.57,43.9
12c2637ae9da53bc6f30a486bed3751e,1,a879d8f890422eb78b040f53e63949d4,7f53a88e4efc8248e10b1a477faeb748,2017-08-20 19:00:00,54.84,12.28
5d8aa07caa6460ce59082641bc2dc193,1,dabf984e53ff84612a1f1b61265cb9d9,7f53a88e4efc8248e10b1a477faeb748,2017-10-17 22:00:00,70.14,18.7
06637e426e4e8497504acfd63f1b39b8,1,53f3007383e96ef46d7df5d0d3b59af7,0217ea0e896490ab4926ce5f78786140,2018-02-28 18:00:00,185.7,43.23
b00e454a6c50f6d77e15559bfe5b910d,1,ae27d4321dc1e7eb711c767385351a69,ac2a4f71a77d95f1d7c4fe9ce1e0fffc,2018-07-01 02:00:00,120.66,38.06
99e1155b8e38f2f7d70ee61cc63ead20,1,1cb9b73a906d5c8cead08c8913fe8a29,3da06476f778c676750d112e8164ceec,2017-03-20 16:00:00,100.82,39.99
99e1155b8e38f2f7d70ee61cc63ead20,2,9adf4709ac75c344608e149e44b9e602,77a7e8b75e70f65f9280c5aa8dd4595b,2017-03-20 16:00:00,31.95,12.07
8d88a36b0888671afe74c3525704c077,1,8e96922772e76b516e54ac6d2ff8e87e,3da06476f778c676750d112e8164ceec,2017-07-18 09:00:00,40.13,34.66
72b14022f67983c36e1f42b8e7dd1c75,1,1139fa1234c1c3ea3d9c4e6404015ced,14cb056407437c3bdd20c3bfd342af08,2017-03-22 05:00:00,118.01,27.38
bebe06ea427cc907d7eaf3b5b957a6e9,1,c5144d98b41c504fe346f415e5267a2b,4ddb1b36272c058884a2576c1fc905f8,2018-08-19 17:00:00,67.43,26.95
ee9c33d1b4d96a28b95f45e0e029d295,1,9d6b9b626b535a19a902b73fcf39f648,c561b8dca4364fcdf2d3f7610ba36279,2017-10-07 21:00:00,84.88,17.42
38209f5684a0c5630940426df6e088cb,1,e7ba26acab7a3d1c0cfef6833e11bafe,35f789bca6b0745843c07d4393a74792,2018-06-05 02:00:00,83.77,29.81
34b34319884ce5441f6d9530411ae887,1,e1721c83ef5e4376a723fb72682b163a,c561b8dca4364fcdf2d3f7610ba36279,2017-03-30 00:00:00,197.34,33.08
bc679ccb3d036a63f324d1282fafff42,1,5d71a89864976593c92e8c93d105c8d6,28caaa1dc35bec2c3098f7b2500e15c0,2017-09-15 11:00:00,398.28,23.62
726c53f08bd782dea4750b7e15be2848,1,7d23d47995492a82b787ef8d3495311e,20da897258321ee48471b4b0ae1b9f69,2018-05-01 08:00:00,40.87,42.82
726c53f08bd782dea4750b7e15be2848,2,2d79a2d1506e50c77aa061e9336b00cb,9e3c5a886aa56e6d92779574c4576cc3,2018-05-01 08:00:00,44.4,36.27
60e2df18b6027ca63a2ea5c708eba0a8,1,0426fcc9255b30e2bdc2b74b38a56b49,e3954cb17f7f6c0a07c0d116a394ed54,2017-04-18 16:00:00,137.25,37.0
86b6a6772d7b02b096f96766aeb6518a,1,4b91b8cb6ae66582b852b3cd9442b5e6,c561b8dca4364fcdf2d3f7610ba36279,2018-08-16 02:00:00,53.03,31.88
55d7449c8f6e3160b65c0ef81d614e93,1,76492e64f55dce6d6d268b378f5242d3,35f789bca6b0745843c07d4393a74792,2017-12-04 23:00:00,99.7,26.29
053409872298e3d0cb5718cedd797f9c,1,e3a68a707e710b558639bd418b15bd94,14cb056407437c3bdd20c3bfd342af08,2018-05-08 15:00:00,74.49,23.4
5a60ae76f0a87dd9a193ddee43e21f13,1,bd5ff093c16f9bcc6243bed754ec3f33,35f789bca6b0745843c07d4393a74792,2017-01-18 12:00:00,143.03,40.43
f168ef72c245363e34a6eaac418a775e,1,7d23d47995492a82b787ef8d3495311e,0a8bb5b490494583ec86a890d7b00bdc,2017-03-11 12:00:00,73.41,41.42
2ead0be0a0b45327af8b8fb1e53b7a49,1,2f8c83e56e8d9644601bfbcbf0eebcce,66124ab4f9b21e6e586a346adc5be7d1,2017-01-06 15:00:00,43.19,40.83
d8fa1fe2fd29f979ee23e5926309156b,1,1bf645f6232452114588fc1bb2384849,a45409374a27ebf28baaf744a08dd21b,2017-02-23 17:00:00,210.03,19.85
c9e69c34a3963941b29a73ea9c013151,1,61935990abdd1a8fa4b05c89f10bce9c,fcef1972bbf483ce51beb80eb7e6a14c,2017-03-20 02:00:00,64.53,19.03
adc753265bd3f5b00dc6f1f7fd976fd5,1,cb881c32cbb02a8bd908a121d1a7ba20,5128b9b1f8ede0ca20156a7212e153a6,2018-02-05 12:00:00,356.18,39.05
987f9999cd43a1abc3f2acb629c6b5b0,1,bd1a8f4b88ffbd403b72c86d92fa675f,a45409374a27ebf28baaf744a08dd21b,2018-01-15 04:00:00,53.34,29.93
c6a35eb8378629df3f4e35ce92e9d58c,1,9adf4709ac75c344608e149e44b9e602,35f789bca6b0745843c07d4393a74792,2018-06-12 08:00:00,155.58,13.79
b8f160e41028ea565fd956b1a569ebd9,1,eb4d8f42873570a2e51109611869a217,566e3cbe9aea622fe6e987cab87b6384,2018-11-22 18:00:00,41.98,13.74
b8f160e41028ea565fd956b1a569ebd9,2,2e0fb5b38bae591eff4cc10f979c30cf,0cf477ef18c8a61624108e9a3f779cae,2018-11-22 18:00:00,403.27,19.96
24cace84f3558fdc5b5831db3c4c2fbd,1,5fdcabbf6b9cd71cf6ba745ba55871e3,c561b8dca4364fcdf2d3f7610ba36279,2019-02-09 19:00:00,92.7,25.92
0c92fa098bdc57a286bdea2c0c9da1de,1,cd4f8b2b899ac252c1e1b94a78883058,7318b96d447906121f5d988f776abf09,2017-05-10 08:00:00,286.57,20.52
0c92fa098bdc57a286bdea2c0c9da1de,2,6147adeb277b06674499d0a615007170,3eb051817ba245884d560a3df4e7069a,2017-05-10 08:00:00,21.64,31.74
7153dbad71b7fff3d1368bd94ce3a5b3,1,16591c8921ebfaa91a2bd69c450f69ee,0b95017c5dae1201673ba8bdc38c1dec,2018-02-07 04:00:00,132.5,40.02
e885493451ca2ab60238676a4a2fd5ea,1,53f3007383e96ef46d7df5d0d3b59af7,3240d7a14027ab7d143029a9d88f1c94,2017-02-25 18:00:00,266.91,14.06
3479f3865d6611996f93056c638cc8e0,1,d867888b7ff6b824152aeaec2bdfcb41,9e3c5a886aa56e6d92779574c4576cc3,2018-04-01 05:00:00,75.21,33.16
47153ea77bbe4de47a0b06937a3b94f3,1,67ce378fe5a4983ba383889adb2c6ac8,64ab851bf1fac6e7170d750705eee1d4,2018-08-05 06:00:00,66.84,41.39
96d5727852dd2c900f4ad88deb0b8863,1,564cfbd2bc92fd81039b058c2faabe0b,dc8a49225005680f24c778a59b4e164b,2017-07-15 04:00:00,60.8,34.99
5e514265b6b3c921e074cf5a31db1398,1,1cb9b73a906d5c8cead08c8913fe8a29,66124ab4f9b21e6e586a346adc5be7d1,2017-12-14 22:00:00,173.97,35.02
94bf52863830a7cf74a5e6b0780764c1,1,1bf645f6232452114588fc1bb2384849,64ab851bf1fac6e7170d750705eee1d4,2018-04-25 05:00:00,74.19,20.39
f3172b9fb0928aeb2e955825b5ee7ca9,1,7a3a6e9623ff23d3fb4fb88a2f4dd219,28caaa1dc35bec2c3098f7b2500e15c0,2017-03-27 11:00:00,42.97,19.26
50bf964eb63b25db544f06507eae1b6c,1,2cd58759e95d2761bc36dc59e134edfc,0217ea0e896490ab4926ce5f78786140,2017-02-11 14:00:00,100.62,24.18
c809029e732cccb98d83b04e3e097879,1,a137f8e467b13040cc39b9253b5ae288,c48d56502e9522d696792482a3c988e4,2017-05-16 22:00:00,484.15,12.13
6cd031a7dc401520fa4fa0ff3445b47c,1,1901ef870dbf0caf588a3f87f96d40f8,a45409374a27ebf28baaf744a08dd21b,2018-02-28 17:00:00,59.28,23.31
54058a012dc829e00a0268074b2d91fb,1,af70de702b69c95e85671b58926bffa5,8d2238e6c7bf4fbcd43cdd6de0c1ff1e,2018-05-14 20:00:00,79.99,20.04
947148e24d8fc6e9c341f9a2efb2a181,1,f94d8fcbdba3496ffa323f6990dbfad6,3de2885951b1943c1b2ededb8fc85fc0,2018-01-18 13:00:00,97.5,20.7
a04e33bd214fbee823457bfe96502ed4,1,8de1596c5a9a206a16f142a206b919aa,7318b96d447906121f5d988f776abf09,2018-07-25 21:00:00,91.11,16.95
09d35e757c09102718e741eabe69b262,1,a255e1bb07958c1f538d6b8cc607b1e9,14cb056407437c3bdd20c3bfd342af08,2017-11-10 18:00:00,341.67,17.64
934a5d8faffb1199029f745d4d351375,1,cb881c32cbb02a8bd908a121d1a7ba20,7740d8317331874912fc7a87a4704d48,2018-05-28 19:00:00,33.43,8.51
934a5d8faffb1199029f745d4d351375,2,e9ad0e9b8c9aa1e9b3b263376a74dbb7,dd39d7936257a4a2f204be894a4b5563,2018-05-28 19:00:00,27.29,18.88
6508941473d257938025eb3697efdfbe,1,18fdd2b979e5c9aa592a35497ba109d0,b788f5d1ffe575f665edcfe34f2dad3f,2017-08-18 18:00:00,241.04,21.46
e881d4ded5932f7343dab136151dcdb3,1,dd34aa1890019ed40bb401e769f753f1,9fddde2ea8a2b7ad2bd3cdcd27794685,2017-10-13 19:00:00,131.58,23.92
7c2febce81880021984dcca241192e85,1,220b9ea98a0f9508dfe2c0a0a96b3c42,9d4b2bf94d85e9c7a0017720200b2903,2017-08-15 03:00:00,61.03,42.44
53573ede27a8ffcf484c578f30f7d6e6,1,378e65108f10d33eabe42e7db96c1163,7740d8317331874912fc7a87a4704d48,2017-06-26 01:00:00,440.03,15.69
53573ede27a8ffcf484c578f30f7d6e6,2,8fe069b6eedaa8024568f42689e03e22,dc8a49225005680f24c778a59b4e164b,2017-06-26 01:00:00,160.57,10.68
642bafb026bb66701262db567887343f,1,497ec6d1081fc6dc78d9a88aef0bea4f,c561b8dca4364fcdf2d3f7610ba36279,2018-06-24 14:00:00,77.11,36.97
a3e1de7c7243ef08f83336538994e7d2,1,4b9dfd589e5d9c7ac5acc35415f00cb4,3eb051817ba245884d560a3df4e7069a,2018-08-22 20:00:00,88.44,10.7
35909433805b7c77a56b3436706b771e,1,75f8e3a87d97ac0fbd5609c4a4461663,10d4de39161237c9e25df9a89ca8a5c4,2017-12-07 08:00:00,69.71,20.64
89a9b21c229aa1476c62487f3fe140e4,1,df495037b40a9181ac09bdb799086e47,6929de738693fd9d7a89cbebb807d78a,2018-02-22 11:00:00,364.96,21.52
614b58b8b739b7723c558ee22ef004a7,1,f166cdcf762cdfbcba2aa7baf3f81c31,5716dc2e343ada2a76e5ae787bf7e1d3,2018-01-26 22:00:00,43.75,39.92
614b58b8b739b7723c558ee22ef004a7,2,f090f5a0ce6101996e3a0ba8ac8d6c7d,5128b9b1f8ede0ca20156a7212e153a6,2018-01-26 22:00:00,91.83,42.52
614b58b8b739b7723c558ee22ef004a7,3,f165d77901547950176de21f1b46ebdc,7318b96d447906121f5d988f776abf09,2018-01-26 22:00:00,112.41,33.76
907802120983fd671075ac3286010a70,1,73d39457b25f13dfb8d49848702ba49f,8fd33afc91fdfa4f0d18ab95668c8477,2017-01-20 03:00:00,30.71,36.22
06b2d29c27b19b69f43c9f5ae4c6ed5a,1,0406ff447ce40679a8c6dbc07bb3447b,5da39a73ba3df7ff43b47ee5e1e89e7e,2018-08-20 10:00:00,239.42,27.01
c556bc04f6cd5a042cb61d24add30b59,1,33261887905881dfee9bf3e11d27c09a,7f53a88e4efc8248e10b1a477faeb748,2017-08-02 06:00:00,302.24,41.04
3dffa2aa85f31c88d5f9664799415464,1,b3eda8f1026b5383a301ec030e5d8c6a,10d4de39161237c9e25df9a89ca8a5c4,2017-10-08 00:00:00,259.52,27.97
35a056373164e87948627ff2009af9ba,1,c6ac1b04dd1d6cd1c11f6bf5379ef467,0b95017c5dae1201673ba8bdc38c1dec,2017-08-25 11:00:00,63.92,30.87
18308f4c610f549e1df1d63b3b298d59,1,f186e47aa79463208cf6e8b87fd238c3,a417c09380a8a23d17eaec838892042f,2017-05-12 12:00:00,99.32,37.38
6acd5724cd752ade2844a9d65bad29aa,1,a689b4247a3a10e179c773a0e0decc3d,8d2238e6c7bf4fbcd43cdd6de0c1ff1e,2018-02-28 01:00:00,56.93,16.87
4d0f41b3aa0f14a814c676e2499cc7c2,1,06e3f9498cd34c62c4829b71ae84b81c,f67294643f8ea40a6b0ae0e39d896047,2017-07-21 22:00:00,632.05,31.09
513731aa1b1b9803f886a4fe7a33aa97,1,54ce26bec8cce2c2a518a4186f14b3f6,22498f666e51484d1b84edc3d8e049de,2018-02-17 02:00:00,15.22,26.53
8af1934e0db27d4fa79768b551465018,1,a689b4247a3a10e179c773a0e0decc3d,0a8bb5b490494583ec86a890d7b00bdc,2018-02-14 19:00:00,67.83,11.31
6174496e964e3cf5785a59525161f577,1,a175a9c3d7b102a92332a50e6992896e,46426c458d03f17af4d375c1a29319fa,2018-04-14 18:00:00,216.29,35.23
11d8f7b4d7a66a52fc9a1ff4b515cd4c,1,cf0e6d2b315c167a45d8a6ad77d0359e,7318b96d447906121f5d988f776abf09,2017-10-10 06:00:00,77.04,43.24
11d8f7b4d7a66a52fc9a1ff4b515cd4c,2,277eb0aaa247541dc8ad0899b630794d,0b95017c5dae1201673ba8bdc38c1dec,2017-10-10 06:00:00,24.58,37.47
41d2a6e96cb85bd4496035f27ec87a51,1,f51594943818cfd33889936a9d5817e8,5128b9b1f8ede0ca20156a7212e153a6,2018-02-08 10:00:00,28.62,38.4
6da0d5a3891868eb7bc8a925a393d432,1,5fa5e0aa9b11b530fd247c11bf6b8cdf,f67294643f8ea40a6b0ae0e39d896047,2018-05-28 14:00:00,118.21,8.51
8080a74e6d33c65eaa33d95b1801ea1d,1,bf51936241a64feda7edc8d8713f8f8c,64ab851bf1fac6e7170d750705eee1d4,2017-09-15 17:00:00,62.62,9.8
085287825ab3f581f02645a4a83e64c0,1,bed63da08033f5c21413d64db962c8a7,4ddb1b36272c058884a2576c1fc905f8,2017-06-29 09:00:00,123.69,26.7
82b19a0806a355729c85a324e4782698,1,0592bfa5b928e23f4ee4334ece920136,22498f666e51484d1b84edc3d8e049de,2017-07-02 22:00:00,167.02,29.56
b066ae7f2cc3d4d36cb3c9441f8fb24b,1,01a25ed1c3abb5f10c6b7074ab102c9b,7318b96d447906121f5d988f776abf09,2018-06-19 14:00:00,111.57,13.33
9dcf3c3fb57b11709e1beb1310c4f8c6,1,a84554c3a3f66c612fb70dab2f383b43,566e3cbe9aea622fe6e987cab87b6384,2017-09-26 13:00:00,590.09,39.95
c8ed9866ae5703b4f5fd2dbb6c1a3f9a,1,d18183d1ac2b0cfcc5c51060991121e7,b788f5d1ffe575f665edcfe34f2dad3f,2017-06-07 11:00:00,134.72,16.86
2b8d7660db29818b3a67db6b2e6d99c2,1,a84554c3a3f66c612fb70dab2f383b43,9d4b2bf94d85e9c7a0017720200b2903,2017-06-28 23:00:00,188.76,42.82
2b8d7660db29818b3a67db6b2e6d99c2,2,14a34f7fd90dd19bd3fbe043af1d5a1a,5716dc2e343ada2a76e5ae787bf7e1d3,2017-06-28 23:00:00,25.97,44.41
9e0577f601ab89d8840fb04b0dd87fd5,1,48769153c68813fe52555c758d55119e,d040158728e213bce6fdd7afdd84cacc,2017-12-13 01:00:00,25.53,28.11
0faacef77204e7e135783061cb002182,1,e7ba26acab7a3d1c0cfef6833e11bafe,77a7e8b75e70f65f9280c5aa8dd4595b,2018-03-15 00:00:00,46.12,26.07
0ed6653b526f53f3fe100cc5847933e1,1,aca58d95915a1c304b86b5a1ca6fbff8,566e3cbe9aea622fe6e987cab87b6384,2018-07-28 09:00:00,79.87,16.11
0ed6653b526f53f3fe100cc5847933e1,2,0ec0713dea2c7a517688d11fce4758be,4ddb1b36272c058884a2576c1fc905f8,2018-07-28 09:00:00,63.84,19.88
0ed6653b526f53f3fe100cc5847933e1,3,8d93e14a5b1671583a67470c7d98302f,c561b8dca4364fcdf2d3f7610ba36279,2018-07-28 09:00:00,134.76,8.6
7d75854f3eb1f4ef984ff5dc068b36e9,1,97777f10f2d2393f8e85140d0f9aeb70,3eb051817ba245884d560a3df4e7069a,2017-04-19 21:00:00,24.84,36.64
4c6f016ab1598c09f94944ad72e25200,1,694d7b008d388327883f13c601b158e9,98f6fd7f7eb162f14806f8040cf0374c,2017-06-02 16:00:00,132.3,36.41
05cf46ab9af78021f83de518a953aa5a,1,bf337a151e086f20bdd151b0f64ab6ec,3240d7a14027ab7d143029a9d88f1c94,2017-02-09 05:00:00,31.91,42.69
ec5981905eb20456ebd4e983e4bfa939,1,73253aa3ec170298143df5b3a58e83dd,10d4de39161237c9e25df9a89ca8a5c4,2017-02-24 20:00:00,199.59,30.25
6ef2dd6ef41431044592a707c902ada9,1,79db78628d7dd772608e2f5c61177270,48b763d5e519dd7e84d67c4ff0df1684,2017-01-24 10:00:00,30.03,23.26
6ef2dd6ef41431044592a707c902ada9,2,f186e47aa79463208cf6e8b87fd238c3,b89bdf7f93e34c35ef0a573d53d2d56d,2017-01-24 10:00:00,97.04,37.3
7873842bb259a50f0a1e290187c4a4b6,1,73d39457b25f13dfb8d49848702ba49f,dd39d7936257a4a2f204be894a4b5563,2018-04-02 12:00:00,39.12,21.8
f87ba01bc4285a2edb5464687bf4106e,1,47419b4834ae4abd36fce0acb4698db3,e3954cb17f7f6c0a07c0d116a394ed54,2018-03-23 09:00:00,115.63,17.16
f87ba01bc4285a2edb5464687bf4106e,2,47c68688ecf32053af36b8cc13087974,5128b9b1f8ede0ca20156a7212e153a6,2018-03-23 09:00:00,63.89,21.4
db2e59b016885dfcdde75749113b436a,1,5fdcabbf6b9cd71cf6ba745ba55871e3,7f53a88e4efc8248e10b1a477faeb748,2018-07-14 14:00:00,214.07,42.54
3c108cb967b9b1f9e5a472ca414c2daf,1,2d79a2d1506e50c77aa061e9336b00cb,7781321e83c501cbfef7d9ea7f8e5483,2018-02-01 04:00:00,74.42,31.83
1c8c3cd059c1a48a25e45a03db418f9f,1,8e96922772e76b516e54ac6d2ff8e87e,35f789bca6b0745843c07d4393a74792,2018-07-18 03:00:00,64.6,37.85
03f7821bd8c9fa29eda84e70d8702c30,1,8570b59fa903ae67fc568b5324acb722,64ab851bf1fac6e7170d750705eee1d4,2017-05-01 01:00:00,44.94,35.15
f821a40522803be70e2f07a5ecdc7b52,1,389589399342a09fb00ac64c949cd8d4,a417c09380a8a23d17eaec838892042f,2018-01-01 13:00:00,46.23,31.68
f821a40522803be70e2f07a5ecdc7b52,2,97777f10f2d2393f8e85140d0f9aeb70,3eb051817ba245884d560a3df4e7069a,2018-01-01 13:00:00,67.72,21.7
2f09dae6f8b81c8b45802d18b099e44d,1,6e3cdd4f55b145e470b27304545cd88d,20da897258321ee48471b4b0ae1b9f69,2018-05-15 00:00:00,99.86,42.36
07f7009a8a51819f9c315267cf9ad7aa,1,0426fcc9255b30e2bdc2b74b38a56b49,d4d607350e2f8958de431e06e9247069,2018-02-21 05:00:00,295.3,38.48
961f8ddf108b90d0feb6bae29072c5c8,1,cb80f288446f64dd5abca6e5d0b1e3eb,10d4de39161237c9e25df9a89ca8a5c4,2017-10-16 21:00:00,70.2,30.47
04b4baef945b3dd7bca96822d327e3a3,1,b8f0188efb37afaecd8563ca193e638d,83d5bceb5edbb8eec2baf0e02179e3f0,2017-07-26 06:00:00,105.51,36.04
04b4baef945b3dd7bca96822d327e3a3,2,d9b59f84edc3a1c32dea2d2d086c405f,dd39d7936257a4a2f204be894a4b5563,2017-07-26 06:00:00,37.71,11.34
04b4baef945b3dd7bca96822d327e3a3,3,5c9deee0b42a045687365a84725e134d,7740d8317331874912fc7a87a4704d48,2017-07-26 06:00:00,86.8,30.6
cf49d9fc0709e2e025244dcda74d6072,1,22ab7752c4db5a622e13418d68ab80ea,4ddb1b36272c058884a2576c1fc905f8,2018-01-07 01:00:00,62.55,29.45
795aff913e09c3b16289487a4cc6e094,1,7a3a6e9623ff23d3fb4fb88a2f4dd219,e3954cb17f7f6c0a07c0d116a394ed54,2018-04-18 01:00:00,52.63,33.3
761c2613b7fc799a8ef01628f4446f7b,1,5d71a89864976593c92e8c93d105c8d6,a45409374a27ebf28baaf744a08dd21b,2018-06-13 22:00:00,78.62,14.13
386c3ed87c6f8a0951161b26be6038a7,1,51facefad6f89f7ac2fa1da878308631,f28e41225894f7f139b86bb2b596ca7c,2017-11-19 21:00:00,194.1,12.98
951ac6961435e9f707abbbee515ea0d3,1,b2414482519894d886433603c92a7d7c,22498f666e51484d1b84edc3d8e049de,2017-10-28 01:00:00,52.07,22.64
1a890fdcf197a1772f54a47901be6a20,1,bf51936241a64feda7edc8d8713f8f8c,5128b9b1f8ede0ca20156a7212e153a6,2018-03-05 22:00:00,68.66,9.64
6d25ac2597f3a5deb14526b0d8b2a4ac,1,774c0afa7f4d908ce1fff6c08347f1da,98f6fd7f7eb162f14806f8040cf0374c,2017-03-23 07:00:00,45.72,34.71
6d25ac2597f3a5deb14526b0d8b2a4ac,2,4988e418f6c31218c1836315330f8be1,64ab851bf1fac6e7170d750705eee1d4,2017-03-23 07:00:00,70.63,28.61
6d25ac2597f3a5deb14526b0d8b2a4ac,3,01a25ed1c3abb5f10c6b7074ab102c9b,28caaa1dc35bec2c3098f7b2500e15c0,2017-03-23 07:00:00,29.36,9.95
e9ab256541b506f953cc3391d8ebb11d,1,30a5648eefe9b3d0363908bf03ece8ff,7781321e83c501cbfef7d9ea7f8e5483,2018-05-27 01:00:00,50.45,22.83
c9eaa200d3cc60be8ede02cf8fcf4d2a,1,33261887905881dfee9bf3e11d27c09a,10d4de39161237c9e25df9a89ca8a5c4,2018-05-29 16:00:00,408.42,21.1
89efff8187b05c5404ceeaeea1105dcf,1,6c93a7918b60c511b8168aebac6a7c85,c561b8dca4364fcdf2d3f7610ba36279,2017-09-25 15:00:00,145.24,44.24
88ed8d566dde53580b49914402b750d6,1,dcb9075ecdd7f460614077d39ec4ea48,14cb056407437c3bdd20c3bfd342af08,2018-01-30 05:00:00,319.59,32.07
72e317afe62ce1880164cc5d0187074b,1,c82f78fd936cd31cf7bf52447db2a7aa,a45409374a27ebf28baaf744a08dd21b,2017-12-26 20:00:00,68.96,31.13
288f8b615cc4f5231c59c70c26aae14b,1,55c551fcfba57cc8edaf37661b780ede,5da39a73ba3df7ff43b47ee5e1e89e7e,2017-08-02 05:00:00,235.45,44.0
210995a2cc2f564b67ae6237c15e1790,1,aca58d95915a1c304b86b5a1ca6fbff8,ac2a4f71a77d95f1d7c4fe9ce1e0fffc,2017-04-07 11:00:00,28.59,32.35
b48d5c1b6f83054113aefbc7c0d6c3d3,1,720b274b82a7f586e61d9cde1747f387,7f53a88e4efc8248e10b1a477faeb748,2017-11-26 21:00:00,127.76,44.51
b48d5c1b6f83054113aefbc7c0d6c3d3,2,cf0e6d2b315c167a45d8a6ad77d0359e,83d5bceb5edbb8eec2baf0e02179e3f0,2017-11-26 21:00:00,52.81,42.27
a2d0d985333910e8ea2e354c892b4a59,1,548c1d84340de049414765063e2bf9c9,ac2a4f71a77d95f1d7c4fe9ce1e0fffc,2018-07-28 18:00:00,49.46,43.53
e338b6c37f1a8f72a0f387e9f3a49ace,1,6e3cdd4f55b145e470b27304545cd88d,77a7e8b75e70f65f9280c5aa8dd4595b,2017-01-08 06:00:00,494.15,10.13
4c7cfe8954123c717dae6320ea61f108,1,f6d22a7baec76a82148b4376602a4e57,9fddde2ea8a2b7ad2bd3cdcd27794685,2017-05-08 12:00:00,37.25,8.1
c2c1c69eac2818cb7956f9538298d8db,1,b42a2d939aba0f15b21490623e1a963e,932cae01d2c65ee468d0a2a8c4e7f7dd,2018-04-25 13:00:00,108.21,27.63
375d6f24367cbf3bd67de719ea08fb3e,1,b2414482519894d886433603c92a7d7c,67f5ae02af5b8f47ceae71cfce000af0,2018-01-22 06:00:00,242.66,17.81
341e30371f835e17d8fffd02d021dc98,1,1139fa1234c1c3ea3d9c4e6404015ced,35f789bca6b0745843c07d4393a74792,2017-02-20 09:00:00,37.71,29.41
1bde7063fe02fb7351d242ba956ab298,1,636f6e5c2253e70687ad8b268eaa5841,dd39d7936257a4a2f204be894a4b5563,2018-07-22 15:00:00,178.34,36.9
c4bd7bba010a8e8062f73ff791eb586a,1,4ba172331ac3bf317b96e2d10649bcf6,0b95017c5dae1201673ba8bdc38c1dec,2019-02-01 03:00:00,28.6,36.67
6d3700ebf3ce1b5a6b2084a79b212de6,1,0f6ce9bffe7ee3628a89b0f0105291d3,d4d607350e2f8958de431e06e9247069,2019-06-25 19:00:00,95.75,36.66
a7f8c2d4cbcb7fe9e052c6a8a015a8ce,1,277eb0aaa247541dc8ad0899b630794d,6a662fce7089fc6d2877f5d90f5675f8,2017-05-24 16:00:00,20.6,10.52
a7f8c2d4cbcb7fe9e052c6a8a015a8ce,2,1901ef870dbf0caf588a3f87f96d40f8,ac2a4f71a77d95f1d7c4fe9ce1e0fffc,2017-05-24 16:00:00,200.75,8.51
a7f8c2d4cbcb7fe9e052c6a8a015a8ce,3,72d3545861ea2f30e42e707afe2bd987,3eb051817ba245884d560a3df4e7069a,2017-05-24 16:00:00,259.56,27.37
74d2bd8ec94318fb9c11a1d79c741665,1,4ba172331ac3bf317b96e2d10649bcf6,0b95017c5dae1201673ba8bdc38c1dec,2017-05-18 19:00:00,30.1,8.16
b12a3f14eafdf7ed608caf338a081a61,1,277eb0aaa247541dc8ad0899b630794d,28caaa1dc35bec2c3098f7b2500e15c0,2017-07-20 07:00:00,117.99,9.09
b4bef407559d1417c6a41868a475516b,1,01bf9e733f800385ef9240b652d78f10,94a53fdef10d27c89780c2152b2bb8e9,2017-08-09 21:00:00,79.09,18.63
40851dbab8fcc7fdf7298f09468a00a9,1,a590fd3cad6ecc57a520c3d0fbcdbf5e,9d4b2bf94d85e9c7a0017720200b2903,2018-02-06 07:00:00,96.61,12.99
d7ae0952510d729ea986345282d0c34f,1,46a56fe86f46f1b12ace1aa9103246b3,80bbae526ec0126921084dd9f75d1e3c,2017-05-25 23:00:00,35.07,23.61
fd32d0a9507ebae219510f90060230b7,1,2cd58759e95d2761bc36dc59e134edfc,f28e41225894f7f139b86bb2b596ca7c,2018-05-01 22:00:00,39.76,27.89
fd32d0a9507ebae219510f90060230b7,2,2a9528c35ae1dbadaa2960fda85894df,0a8bb5b490494583ec86a890d7b00bdc,2018-05-01 22:00:00,165.86,38.87
3365bd5e4fe9790ee9f660a98f3f5876,1,c2e79a985c238d8d71da35b94eea9db8,c561b8dca4364fcdf2d3f7610ba36279,2018-01-20 17:00:00,63.65,10.85
56fe58974f14709852b50d5cdf7d51c2,1,5fdcabbf6b9cd71cf6ba745ba55871e3,3da06476f778c676750d112e8164ceec,2018-03-20 11:00:00,72.4,36.1
56fe58974f14709852b50d5cdf7d51c2,2,baeb286bf0d0270fd4d13d551db6b844,dc8a49225005680f24c778a59b4e164b,2018-03-20 11:00:00,17.77,12.83
aaf73dacadc2ecf7883f3134a0900fea,1,6147adeb277b06674499d0a615007170,0b95017c5dae1201673ba8bdc38c1dec,2018-08-08 05:00:00,50.87,24.96
aaf73dacadc2ecf7883f3134a0900fea,2,8bea75c1b86677aa23d4526b2b54ff7a,7781321e83c501cbfef7d9ea7f8e5483,2018-08-08 05:00:00,124.66,38.79
5a340ef1e091447692b100e6b37c8bb8,1,9d6b9b626b535a19a902b73fcf39f648,b788f5d1ffe575f665edcfe34f2dad3f,2017-03-31 06:00:00,218.48,28.86
7eb8d108f5a51dbe9a64767c224733b8,1,11b461e9b15da72dd4cee27c4a94ae9f,f67294643f8ea40a6b0ae0e39d896047,2017-01-25 05:00:00,32.57,27.44
901b8db91a4f6dd44bbacd1cc6079d81,1,72f6095812ef61016082786fca00ef58,c48d56502e9522d696792482a3c988e4,2017-06-08 12:00:00,65.9,44.42
7835e67b5d1d3fe0a4ac4cc457a6b26c,1,86879aa914f573d0c9912032df85c777,7318b96d447906121f5d988f776abf09,2017-07-06 03:00:00,107.49,22.02
529b08573d182a904ade9ff9a601fc42,1,f6d22a7baec76a82148b4376602a4e57,6929de738693fd9d7a89cbebb807d78a,2017-03-18 16:00:00,353.2,13.77
073c002fdb1160425eb330dd0ee8cae8,1,3acb43a3d2c7bffb6118433b882ccd1e,8fd33afc91fdfa4f0d18ab95668c8477,2018-04-25 15:00:00,60.22,24.42
073c002fdb1160425eb330dd0ee8cae8,2,fe54ee4b80ff517323dfecd70e731dd7,20da897258321ee48471b4b0ae1b9f69,2018-04-25 15:00:00,27.71,36.23
b34b5f0729bfc0ce542cfffaa9df0fcf,1,d867888b7ff6b824152aeaec2bdfcb41,3240d7a14027ab7d143029a9d88f1c94,2018-03-29 01:00:00,81.55,27.21
19c17f740492215a9acd45f0be0bba51,1,06e3f9498cd34c62c4829b71ae84b81c,5128b9b1f8ede0ca20156a7212e153a6,2018-09-10 06:00:00,9.91,28.11
62073af1e590fd88545801d87ebf1f9e,1,a590fd3cad6ecc57a520c3d0fbcdbf5e,35f789bca6b0745843c07d4393a74792,2019-04-01 14:00:00,509.98,14.35
dfe4f17c0dac1724a6df628ee5c0eacc,1,d18183d1ac2b0cfcc5c51060991121e7,c48d56502e9522d696792482a3c988e4,2019-05-31 08:00:00,69.81,44.49
4299057dab17eb1829dc5cba5910d841,1,f50d7a37a44d9fecfd85d7fa8ac97b01,0217ea0e896490ab4926ce5f78786140,2017-11-26 12:00:00,40.3,35.12
931f7f9df7424101019fa7384727f854,1,2f8c83e56e8d9644601bfbcbf0eebcce,b048faa112ae5c22741b77f54c24a053,2017-07-03 18:00:00,18.86,16.46
216db33d73f34aa96f3f7de4880035d0,1,a255e1bb07958c1f538d6b8cc607b1e9,3da06476f778c676750d112e8164ceec,2017-08-07 11:00:00,54.33,41.74
5f3df920a76f99f16467f6d22f74562f,1,0592bfa5b928e23f4ee4334ece920136,fcef1972bbf483ce51beb80eb7e6a14c,2017-09-09 08:00:00,52.06,15.13
df58f6e1e425b5b74c05d9d1c88e4acb,1,8e4c3ab56d5d0477adc29178a0411612,98f6fd7f7eb162f14806f8040cf0374c,2017-11-15 18:00:00,16.24,41.2
5a0390411c86d33860b99046a63b6c9f,1,e3a68a707e710b558639bd418b15bd94,94a53fdef10d27c89780c2152b2bb8e9,2018-08-17 21:00:00,25.05,40.19
7610468f8cac4e320c76f9e6ac504267,1,b0c07fcc96add4dfadf75924c5b8386b,b048faa112ae5c22741b77f54c24a053,2018-03-31 14:00:00,33.38,35.79
7610468f8cac4e320c76f9e6ac504267,2,768b4f7e64215e665fc64cd0721e8b1f,67f5ae02af5b8f47ceae71cfce000af0,2018-03-31 14:00:00,45.21,39.43
7cf5e30741e1431f530f5e8fe63de1fc,1,92a81713b90ed44b951c25d54d4c5280,6929de738693fd9d7a89cbebb807d78a,2017-01-16 19:00:00,24.19,34.89
9161d0890e51dca653782b7ccac8d16e,1,389589399342a09fb00ac64c949cd8d4,932cae01d2c65ee468d0a2a8c4e7f7dd,2017-05-05 16:00:00,96.17,25.36
43000b4c993263d6480b480d4e268f27,1,ee0f65a82a131c1fccd015c1ad5900dd,22498f666e51484d1b84edc3d8e049de,2018-04-02 06:00:00,415.63,26.3
14aa1503dc31d0004eeccb784a9feea1,1,ec8be53758ab4778143b45e3b6d1f6bb,c561b8dca4364fcdf2d3f7610ba36279,2018-03-14 12:00:00,343.72,18.3
0f08437f3b00423a0892436101bb32ec,1,f50d7a37a44d9fecfd85d7fa8ac97b01,83d5bceb5edbb8eec2baf0e02179e3f0,2017-11-29 09:00:00,84.93,36.61
3b7eebe6674ccb71cf4faa6edc77be61,1,8bea75c1b86677aa23d4526b2b54ff7a,ac2a4f71a77d95f1d7c4fe9ce1e0fffc,2018-08-12 20:00:00,107.47,20.11
56c040a0db91d9dfa5e04d585037ac91,1,eb4d8f42873570a2e51109611869a217,3da06476f778c676750d112e8164ceec,2017-09-08 11:00:00,149.78,21.41
91a5ef7a345b2edcbd1f8d7f1893aed0,1,ec95b3ac0beb7c3445667c4879ba630a,2138afe08d38bbd8fba6abf7cdbcc653,2017-06-05 07:00:00,84.72,40.8
58e895c1bc1367ef5d853afc2feb27c2,1,b3eda8f1026b5383a301ec030e5d8c6a,0217ea0e896490ab4926ce5f78786140,2018-05-06 20:00:00,23.49,35.85
d9a1170032adec605ebe5f7415986e2d,1,ff69723d584fc85b2697384d801e8690,67f5ae02af5b8f47ceae71cfce000af0,2018-02-25 04:00:00,26.41,36.01
1343fa9fff0ba26bbd1517d28cfe6345,1,54ce26bec8cce2c2a518a4186f14b3f6,ac2a4f71a77d95f1d7c4fe9ce1e0fffc,2017-09-15 14:00:00,30.78,24.76
968cd2c121aaadacfb8a27efcccb9f67,1,8e96922772e76b516e54ac6d2ff8e87e,dc8a49225005680f24c778a59b4e164b,2017-10-20 12:00:00,146.71,21.92
03c4033760b1c3b9bb0ad480fffb6cbf,1,47c68688ecf32053af36b8cc13087974,66124ab4f9b21e6e586a346adc5be7d1,2017-03-18 17:00:00,64.52,8.46
867911d407f30993c334f2bc623393ab,1,73d39457b25f13dfb8d49848702ba49f,0cf477ef18c8a61624108e9a3f779cae,2018-07-20 16:00:00,65.26,32.06
4def1a69cd106cd10e08caa08119f67c,1,30a5648eefe9b3d0363908bf03ece8ff,80bbae526ec0126921084dd9f75d1e3c,2017-03-19 07:00:00,49.88,21.9
b116b9899e7e7a565b57938162ee2814,1,3b9b2d45a35055e439c59df987f255d6,9d4b2bf94d85e9c7a0017720200b2903,2017-06-14 10:00:00,27.48,12.19
618cd01a1dc904f942ff97a7db66aca5,1,ef158d5b2d007d05d66d4627e1dace6a,2138afe08d38bbd8fba6abf7cdbcc653,2017-08-26 12:00:00,26.42,11.58
90d0bea1d9bf112f07a779132d376d45,1,0ec0713dea2c7a517688d11fce4758be,0c74dc0f5a57553995560a2d3713b466,2017-03-16 06:00:00,130.75,22.34
66f9d912f46869b61cae532706f80c33,1,891f691217abb8635efeef4fd8ddbbc0,10d4de39161237c9e25df9a89ca8a5c4,2017-12-28 20:00:00,87.19,12.42
d5bc5ae0962444b7ef298ae3dd637ce9,1,614c721da921cb4c95fbe976ae007b7e,94a53fdef10d27c89780c2152b2bb8e9,2018-05-09 11:00:00,28.61,33.17
608fc6f2ae8192f72440beb764502bae,1,548e1f6b69ce1e4e19a692c90d700ea4,ef4afa885299e5052976aab22a26f770,2017-01-13 01:00:00,31.38,8.2
999cac541aebce34591a4561fa3fea1e,1,409e7a8086c5d1d69ea9f50831227592,7740d8317331874912fc7a87a4704d48,2017-05-26 01:00:00,71.65,24.89
323f58d3fdd9c36f48a56cb7f22767e3,1,220b9ea98a0f9508dfe2c0a0a96b3c42,77a7e8b75e70f65f9280c5aa8dd4595b,2017-06-03 18:00:00,224.14,31.64
bf07ac86dc492177b5f016aef6bd2327,1,0b7059334cde1b6b1132567c51a40d2a,b788f5d1ffe575f665edcfe34f2dad3f,2017-04-07 05:00:00,37.89,21.14
23956105b01c040a72f6ce92cfbb37c4,1,a3422e509e2a73240f79a8a75f8a14bd,b788f5d1ffe575f665edcfe34f2dad3f,2017-11-23 19:00:00,18.9,13.9
33c05ab2ea6f30bde87708d852b0230b,1,e6b9d31a361f6d903ad1fa330ae4ac11,3240d7a14027ab7d143029a9d88f1c94,2017-01-16 07:00:00,85.53,10.56
c2c66f9f06bb9c521a735d49e75fc829,1,735741e5fe1a1ba9c8969c5b45f8c28d,98f6fd7f7eb162f14806f8040cf0374c,2017-08-11 19:00:00,157.22,22.3
27bdfccd9095c6139491c28792d6f65e,1,5fa5e0aa9b11b530fd247c11bf6b8cdf,48b763d5e519dd7e84d67c4ff0df1684,2017-11-15 07:00:00,35.0,20.39
c7696a46090af3e08772dff7dab92589,1,e7ba26acab7a3d1c0cfef6833e11bafe,b89bdf7f93e34c35ef0a573d53d2d56d,2018-07-06 19:00:00,22.79,16.11
d8379ad103406edc5410d3d90472e005,1,86879aa914f573d0c9912032df85c777,22498f666e51484d1b84edc3d8e049de,2017-03-13 21:00:00,9.65,29.87
d8379ad103406edc5410d3d90472e005,2,a6aa59e5dc08bf29d2d33488d0c30018,4ddb1b36272c058884a2576c1fc905f8,2017-03-13 21:00:00,43.22,37.54
d8379ad103406edc5410d3d90472e005,3,a175a9c3d7b102a92332a50e6992896e,28caaa1dc35bec2c3098f7b2500e15c0,2017-03-13 21:00:00,81.72,12.31
30cec6d80afadc21c18c3b377d30e5e4,1,e9ad0e9b8c9aa1e9b3b263376a74dbb7,8fd33afc91fdfa4f0d18ab95668c8477,2017-08-18 01:00:00,43.36,33.28
cf73151c5aae52bceebf5afe088c773f,1,97777f10f2d2393f8e85140d0f9aeb70,e3954cb17f7f6c0a07c0d116a394ed54,2018-07-20 04:00:00,64.68,17.26
ecda01ef61ba802c76158d0249759160,1,1cb9b73a906d5c8cead08c8913fe8a29,3240d7a14027ab7d143029a9d88f1c94,2018-03-04 03:00:00,123.74,20.72
8ba1c9e30388045204d24b37b9e52587,1,74797b6127372b527a6a210722319050,14cb056407437c3bdd20c3bfd342af08,2017-07-06 04:00:00,32.01,25.54
b14678a6432647143489a7b677a036a7,1,1139fa1234c1c3ea3d9c4e6404015ced,9e3c5a886aa56e6d92779574c4576cc3,2018-07-29 09:00:00,97.79,27.1
414c61dd69944d007d7617eb49464397,1,b1fead13f280df1d9a6c0db952171c88,7318b96d447906121f5d988f776abf09,2017-10-16 17:00:00,125.7,16.65
a6d36bf90d2579be687885e4103ee46e,1,12a1fe7ddfa597220a1fc9df9a591974,b048faa112ae5c22741b77f54c24a053,2017-02-07 21:00:00,69.04,33.56
0ed020b8fedbbac3c1bfcce4f117b0d1,1,6147adeb277b06674499d0a615007170,fcef1972bbf483ce51beb80eb7e6a14c,2018-07-10 14:00:00,44.17,17.07
adde3e1210843e0a07840aba8d734c8b,1,378e65108f10d33eabe42e7db96c1163,46426c458d03f17af4d375c1a29319fa,2017-08-29 13:00:00,219.47,44.83
adde3e1210843e0a07840aba8d734c8b,2,fe54ee4b80ff517323dfecd70e731dd7,7781321e83c501cbfef7d9ea7f8e5483,2017-08-29 13:00:00,138.53,44.53
adde3e1210843e0a07840aba8d734c8b,3,23a13e207fd255eeac48436668bd80d7,94a53fdef10d27c89780c2152b2bb8e9,2017-08-29 13:00:00,63.19,24.52
afc3fe8ca670e4b0e041dd699c78f51f,1,2f8c83e56e8d9644601bfbcbf0eebcce,fcef1972bbf483ce51beb80eb7e6a14c,2017-01-29 00:00:00,47.34,18.8
864ae915e3a2579a7ef7b53bb6e7dddd,1,7249f62c08987462980cb95c19d45deb,9e3c5a886aa56e6d92779574c4576cc3,2018-01-03 11:00:00,85.95,37.77
5536bd5f9e2b57702c4d8acd845c7a3e,1,3ae2802354720d2d32399ffb27046f25,77a7e8b75e70f65f9280c5aa8dd4595b,2017-03-10 22:00:00,63.81,36.27
1a0742b8da6c619dc6d5bc9669c7b7db,1,0ec0713dea2c7a517688d11fce4758be,20da897258321ee48471b4b0ae1b9f69,2017-11-28 04:00:00,10.79,33.1
123ce7708e2479e726019167a275429a,1,e05277394d406f1b3ca5be2952171bf3,b048faa112ae5c22741b77f54c24a053,2017-11-25 12:00:00,159.07,19.64
b162c40acdf41c76055637fc67e76c98,1,905f9096299656e24c9d690713b22cec,0217ea0e896490ab4926ce5f78786140,2017-12-21 15:00:00,35.72,36.09
a1309026d01851b7284b73958beaba7e,1,86879aa914f573d0c9912032df85c777,67f5ae02af5b8f47ceae71cfce000af0,2017-01-28 09:00:00,98.83,42.68
733f520bddd81c693dbaef2be13ce0b0,1,aca58d95915a1c304b86b5a1ca6fbff8,dd39d7936257a4a2f204be894a4b5563,2017-05-25 04:00:00,106.2,42.92
c17aeb6ada43f6d4da19152cc819ae16,1,c777a07f6346d4ef69ef74e34ab6821c,f67294643f8ea40a6b0ae0e39d896047,2017-02-13 19:00:00,16.06,44.08
c17aeb6ada43f6d4da19152cc819ae16,2,c82f78fd936cd31cf7bf52447db2a7aa,0a8bb5b490494583ec86a890d7b00bdc,2017-02-13 19:00:00,50.07,25.97
cf1e65f01e46f12dfb579d539526a6b2,1,c36b9a0a41e02a89566a9ce7af521b94,4ddb1b36272c058884a2576c1fc905f8,2018-03-12 10:00:00,84.71,33.45
cf1e65f01e46f12dfb579d539526a6b2,2,3e245fbffa698cd2fe2390f3e7bbaefc,14cb056407437c3bdd20c3bfd342af08,2018-03-12 10:00:00,100.67,13.12
f4411023fca5976e1426fcd3e9b4983e,1,3ae2802354720d2d32399ffb27046f25,48b763d5e519dd7e84d67c4ff0df1684,2018-06-19 08:00:00,113.7,33.42
29c18ab0a633e9b4d3c456ae75c6f18d,1,d3f4a49b33baba8836c7d6fa7aa4f052,f28e41225894f7f139b86bb2b596ca7c,2018-08-02 23:00:00,49.48,17.34
88f1ded95f4086e5a5900683a6f4e342,1,c194f97f00e3a026d5b6de85390239d9,a417c09380a8a23d17eaec838892042f,2018-10-01 05:00:00,129.34,39.01
bc1d405c708c5348bb2a94b46808e849,1,1cb9b73a906d5c8cead08c8913fe8a29,f28e41225894f7f139b86bb2b596ca7c,2018-05-13 18:00:00,134.27,37.27
c719735907c2bb9d73d7966b7c8bfc72,1,d773f98d550c2fe9654c11d9f2e61828,0a8bb5b490494583ec86a890d7b00bdc,2018-02-14 23:00:00,98.35,12.88
c719735907c2bb9d73d7966b7c8bfc72,2,54e38579c0afd193f780ef2f664d5922,83d5bceb5edbb8eec2baf0e02179e3f0,2018-02-14 23:00:00,290.72,33.92
994254cc6b3441f79e7637f16d23117e,1,a6129a1c889d4b76775c30b561730c48,5da39a73ba3df7ff43b47ee5e1e89e7e,2017-02-01 11:00:00,20.05,8.54
d99af44bbe25a7b492140ce2d7884b90,1,3d44cb2cea45ba416589ada1345af934,48b763d5e519dd7e84d67c4ff0df1684,2018-05-09 21:00:00,54.2,11.47
13eb909136bbf8b3038e484010b968a0,1,e6b9d31a361f6d903ad1fa330ae4ac11,f67294643f8ea40a6b0ae0e39d896047,2018-09-11 16:00:00,37.99,44.97
c0f0c8f9d274f6e1f185ba699a1c34dc,1,27b608dc589decb075eb89c23f5cf2f3,94a53fdef10d27c89780c2152b2bb8e9,2017-09-29 14:00:00,22.39,17.7
3eaf63a512af135ed8c8c0e155458db7,1,30a5648eefe9b3d0363908bf03ece8ff,b788f5d1ffe575f665edcfe34f2dad3f,2018-06-04 17:00:00,132.64,43.84
37f13e48744f2e919784c36ec573e854,1,12a1fe7ddfa597220a1fc9df9a591974,3240d7a14027ab7d143029a9d88f1c94,2017-04-12 23:00:00,46.93,43.74
305efb29af3e0913579effadda1ad9f5,1,b8e19f568787ea2104482a220308aa5e,dd39d7936257a4a2f204be894a4b5563,2018-05-01 18:00:00,34.29,8.93
9a346b513e31d7849823f08e3abc5a7f,1,8f3dc97fe6b0da0ab98f5dbe15aede0f,5716dc2e343ada2a76e5ae787bf7e1d3,2018-07-17 07:00:00,271.79,21.08
5c82786ad0499ba76ea259d68ffd03e5,1,3db02235261e2555863e1f2a18a806ef,0217ea0e896490ab4926ce5f78786140,2017-01-19 15:00:00,490.58,35.89
dee531288d5ac91b946b851fcb6f70ec,1,cbc72f1acf08ea54b4299924c0986750,0b95017c5dae1201673ba8bdc38c1dec,2018-01-02 20:00:00,37.16,37.35
0355faea44d7acfac76eeb55e5677805,1,27b608dc589decb075eb89c23f5cf2f3,b788f5d1ffe575f665edcfe34f2dad3f,2017-06-03 16:00:00,124.02,12.47
b1c2d2897d1c5b7707790d43fdb2e8a0,1,edcabf9465f6ba53d226a8b3b674410d,932cae01d2c65ee468d0a2a8c4e7f7dd,2018-03-05 08:00:00,21.99,10.78
db79c48b8e64657225fb66f34bf8c414,1,51facefad6f89f7ac2fa1da878308631,a45409374a27ebf28baaf744a08dd21b,2017-08-08 04:00:00,13.79,17.33
80f7e73706823a769baae406ce6aecd6,1,48769153c68813fe52555c758d55119e,e3954cb17f7f6c0a07c0d116a394ed54,2018-07-16 18:00:00,58.72,36.39
c4a982f4478da6e7ebdd70a0ba589fdc,1,c82f78fd936cd31cf7bf52447db2a7aa,b048faa112ae5c22741b77f54c24a053,2018-04-20 18:00:00,100.28,35.46
0843578fd941a66c7687bc6ac99b596a,1,4b91b8cb6ae66582b852b3cd9442b5e6,64ab851bf1fac6e7170d750705eee1d4,2017-10-02 23:00:00,18.11,30.79
f4e779176366f51efb5a46ed2cdf0bb3,1,8ed8a80d84cfee39bf31c29f82bbad84,22498f666e51484d1b84edc3d8e049de,2018-06-05 12:00:00,269.73,31.6
843b76b86798644db3ce61aa1b6581bf,1,c82f78fd936cd31cf7bf52447db2a7aa,d4d607350e2f8958de431e06e9247069,2018-05-16 22:00:00,34.3,42.49
843b76b86798644db3ce61aa1b6581bf,2,255bfc1c7e3d5ee444b64ec14d16f049,7781321e83c501cbfef7d9ea7f8e5483,2018-05-16 22:00:00,167.53,10.69
fa1d05ec4ab4ba097773fc59a2c39075,1,a205e54fb1e8c09dbc20b9f24a9c589e,3da06476f778c676750d112e8164ceec,2017-11-18 18:00:00,263.98,26.18
a57fd10bb66549805a5a24459d72e9e5,1,582b91eef8e8035b0c00988a7ee1011a,8d2238e6c7bf4fbcd43cdd6de0c1ff1e,2017-04-14 05:00:00,17.89,22.06
a57fd10bb66549805a5a24459d72e9e5,2,2e0fb5b38bae591eff4cc10f979c30cf,8d2238e6c7bf4fbcd43cdd6de0c1ff1e,2017-04-14 05:00:00,24.89,26.04
a57fd10bb66549805a5a24459d72e9e5,3,aaf407f70fe761493c7e5368b1594847,566e3cbe9aea622fe6e987cab87b6384,2017-04-14 05:00:00,42.62,10.79
b2123a66b83a4bcc52275a66164b7db9,1,3f8c1097c4da2c2e1bffa27915c1604f,4ddb1b36272c058884a2576c1fc905f8,2018-03-22 17:00:00,79.39,11.1
b2123a66b83a4bcc52275a66164b7db9,2,ea98fef8d0d75e373bf2025f4a0d2b73,c561b8dca4364fcdf2d3f7610ba36279,2018-03-22 17:00:00,49.08,38.18
896a75d3ccfd250e18268dc624ed48a9,1,0ec0713dea2c7a517688d11fce4758be,b89bdf7f93e34c35ef0a573d53d2d56d,2017-09-26 12:00:00,87.92,22.46
34aae3f8e7e123417a0e07e47025e2bb,1,e8334da5de95d6953579c1437ab99428,3da06476f778c676750d112e8164ceec,2017-10-02 21:00:00,57.69,17.84
7a06aa4611082c842d90077197bc622b,1,a689b4247a3a10e179c773a0e0decc3d,d040158728e213bce6fdd7afdd84cacc,2018-06-15 00:00:00,82.18,31.77
1e7311243fedfd47aa9f17348bae04ed,1,ae27d4321dc1e7eb711c767385351a69,0b95017c5dae1201673ba8bdc38c1dec,2018-07-04 03:00:00,101.36,31.58
9425b29dc4008d41a50d01b21a6b6aaf,1,bcc57be00779250a6544e3136ea05d13,67f5ae02af5b8f47ceae71cfce000af0,2017-11-16 14:00:00,515.42,31.29
9a00c4c0d573fe2dd3dc7fcb31d3a0c6,1,ec8be53758ab4778143b45e3b6d1f6bb,0cf477ef18c8a61624108e9a3f779cae,2017-11-28 06:00:00,156.46,41.75
20728d10526b76134077f02e6bb85cc5,1,26a9e100b509109b116658ce3b3f3800,c561b8dca4364fcdf2d3f7610ba36279,2017-02-07 00:00:00,159.54,40.51
f8d9f45f8bd0ca6c275de2c489bf9377,1,1139fa1234c1c3ea3d9c4e6404015ced,77a7e8b75e70f65f9280c5aa8dd4595b,2017-01-05 16:00:00,88.57,35.96
1158d4a4b262cfdcfa56121fd9e9960d,1,e3ad64d4eab9eb022f1dc1217d024c6d,ac2a4f71a77d95f1d7c4fe9ce1e0fffc,2017-06-21 20:00:00,89.75,38.39
c570896e240b2dd59c0001e60d927c37,1,582b91eef8e8035b0c00988a7ee1011a,48b763d5e519dd7e84d67c4ff0df1684,2017-10-06 02:00:00,12.01,41.01
c20c1b4bab53839199f8b86695cec935,1,01bb819c4dfe111722af711f1b628a9d,66124ab4f9b21e6e586a346adc5be7d1,2017-06-09 15:00:00,90.66,9.56
8939882d4d049b8d841e26c7c87fee0c,1,f7eae66eca6caf9b096971018b2c550a,14cb056407437c3bdd20c3bfd342af08,2018-05-06 04:00:00,42.62,41.72
91e15e4e1490bda5054a2cc0cd5abece,1,ec95b3ac0beb7c3445667c4879ba630a,0217ea0e896490ab4926ce5f78786140,2018-07-28 05:00:00,129.62,20.22
4912ceb7aefe412bfb318ceaa540e790,1,af70de702b69c95e85671b58926bffa5,5da39a73ba3df7ff43b47ee5e1e89e7e,2017-06-08 05:00:00,81.71,41.16
366e99ba880b84e4afaa9c01f1a517fc,1,7eece88da002352ab88cddde3f2086c2,9d4b2bf94d85e9c7a0017720200b2903,2018-02-05 11:00:00,419.83,17.24
8e25ec17fe1eb1306ec6d561d37d5106,1,72f6095812ef61016082786fca00ef58,c561b8dca4364fcdf2d3f7610ba36279,2017-12-22 14:00:00,54.65,13.13
8e25ec17fe1eb1306ec6d561d37d5106,2,b3eda8f1026b5383a301ec030e5d8c6a,2138afe08d38bbd8fba6abf7cdbcc653,2017-12-22 14:00:00,278.72,40.44
572fb86243d84d8ba41d73c867bbce7e,1,5c9deee0b42a045687365a84725e134d,f67294643f8ea40a6b0ae0e39d896047,2017-02-25 08:00:00,43.01,18.61
5d2d43fddfeb6684db02634a70dd221c,1,75366b9f320f72c09dde01889803b22e,b89bdf7f93e34c35ef0a573d53d2d56d,2018-02-12 07:00:00,112.9,43.59
c50815d692cd15bb6a6675a2af383b28,1,40afbf3f3df519674d8670bda2224f96,c561b8dca4364fcdf2d3f7610ba36279,2017-06-13 22:00:00,275.51,15.85
113d74f4b9c3267c299dca89516cd9fd,1,b93b17fbf76d15fd7d1645a0d253d966,b788f5d1ffe575f665edcfe34f2dad3f,2017-07-18 16:00:00,28.02,39.3
7ef9b50b08e4eaed3a26697d1728e0f6,1,0ec0713dea2c7a517688d11fce4758be,7781321e83c501cbfef7d9ea7f8e5483,2018-08-04 17:00:00,86.61,14.33
35294a5fc57e9ad3451e22c277194818,1,01bb819c4dfe111722af711f1b628a9d,48b763d5e519dd7e84d67c4ff0df1684,2017-04-20 21:00:00,73.25,15.6
e2f6896cf76852a4fff05450a64915e6,1,f166cdcf762cdfbcba2aa7baf3f81c31,10d4de39161237c9e25df9a89ca8a5c4,2017-08-03 14:00:00,117.42,28.25
436390ca0b268aaa5da8bae781e0d564,1,891f691217abb8635efeef4fd8ddbbc0,94a53fdef10d27c89780c2152b2bb8e9,2017-05-18 17:00:00,136.1,34.73
792846ea229cc46a9ab46c07e9a95e4a,1,b2414482519894d886433603c92a7d7c,ef4afa885299e5052976aab22a26f770,2017-01-20 20:00:00,133.64,37.4
58616490dfcd8b4a0b362efc0ad6ff55,1,f48f709c49a224410ac4de854a5b1aff,dc8a49225005680f24c778a59b4e164b,2017-10-30 16:00:00,106.48,31.3
a5412d3b09f6269abf62ca27f7661dec,1,e00da49deffa20023040413c4690fb15,10d4de39161237c9e25df9a89ca8a5c4,2017-12-02 09:00:00,104.47,14.26
1745ec91cd8bcc3dcc06371cabf19c6b,1,1cb9b73a906d5c8cead08c8913fe8a29,3240d7a14027ab7d143029a9d88f1c94,2018-01-29 05:00:00,128.11,28.49
30d07f8818b4d74d06f880eb03dc0370,1,33261887905881dfee9bf3e11d27c09a,dc8a49225005680f24c778a59b4e164b,2017-08-31 14:00:00,102.91,31.71
899025e7c482fc00e64cfd610e5650c3,1,f48f709c49a224410ac4de854a5b1aff,7318b96d447906121f5d988f776abf09,2018-02-27 18:00:00,32.6,28.42
c7dd335bea05b97ceeb9aaa6bef27082,1,46a56fe86f46f1b12ace1aa9103246b3,d4d607350e2f8958de431e06e9247069,2018-05-03 04:00:00,82.87,24.67
534f7b30ed8465e1f055e55d8006bae5,1,53f3007383e96ef46d7df5d0d3b59af7,c48d56502e9522d696792482a3c988e4,2017-07-23 21:00:00,102.78,18.28
b10a8ef09d156546f725e56bb1b303db,1,24f43c62b523c0dedb87d29c4cfd0fc1,4ddb1b36272c058884a2576c1fc905f8,2017-12-27 21:00:00,22.24,34.91
fdc5cedcb3063bfb823e8c380f27768f,1,aca58d95915a1c304b86b5a1ca6fbff8,5716dc2e343ada2a76e5ae787bf7e1d3,2017-12-18 08:00:00,20.33,28.7
0a953e935cf159c0de938def617da927,1,7d23d47995492a82b787ef8d3495311e,dd39d7936257a4a2f204be894a4b5563,2018-07-20 07:00:00,175.68,20.32
a5151678e576e9dd6bbed9ad72193dc5,1,b42a2d939aba0f15b21490623e1a963e,c48d56502e9522d696792482a3c988e4,2017-11-12 22:00:00,55.62,15.41
d753c87fe50c3919e7dae30baa6eabc0,1,b7f60cdf41dc1c60a5f60735757b6b29,94a53fdef10d27c89780c2152b2bb8e9,2017-11-03 13:00:00,15.45,9.59
6f535df30fce15b176aab6168c8ccf88,1,4988e418f6c31218c1836315330f8be1,e3954cb17f7f6c0a07c0d116a394ed54,2018-02-21 04:00:00,160.89,25.27
a725382c961f1a0fb769c7864eb12388,1,3ee82983d557424191ddb9bf613d2de9,0b95017c5dae1201673ba8bdc38c1dec,2017-05-15 11:00:00,42.03,10.64
1691f502378f12430263a33ac92d3680,1,79db78628d7dd772608e2f5c61177270,7318b96d447906121f5d988f776abf09,2017-08-05 18:00:00,22.92,43.77
f6f1002a1acec4e91d675a2f636669a0,1,7249f62c08987462980cb95c19d45deb,48b763d5e519dd7e84d67c4ff0df1684,2017-06-10 05:00:00,139.55,35.8
704f66f701c3f43d2547b8a92fd831ab,1,c2e79a985c238d8d71da35b94eea9db8,dd39d7936257a4a2f204be894a4b5563,2017-02-08 14:00:00,83.01,37.27
973d6becdf1730d0d5495d0f130a0aba,1,255bfc1c7e3d5ee444b64ec14d16f049,d040158728e213bce6fdd7afdd84cacc,2017-08-23 15:00:00,74.32,34.6
2667e8899f642e9b41c3dcd4e762f8cb,1,1b1f2eb16e3255a8cbd5cc86f73936e9,8fd33afc91fdfa4f0d18ab95668c8477,2017-10-12 23:00:00,55.45,25.73
7882d3007e222edf6d12b92cbc65c13e,1,23a13e207fd255eeac48436668bd80d7,83d5bceb5edbb8eec2baf0e02179e3f0,2018-04-27 20:00:00,99.81,43.54
042281ad29fa4e52a4973135632b0366,1,05c8234b1d763a66b5f59cb0cf685878,0b95017c5dae1201673ba8bdc38c1dec,2017-09-17 17:00:00,161.63,40.62
3a80b6346adc0ab087546be3c647557b,1,ae62990c19bd4f9378ef7666b7a4c719,b048faa112ae5c22741b77f54c24a053,2018-02-07 21:00:00,45.89,20.59
95c5184213eccf02cccbd2144fc6f16f,1,ef158d5b2d007d05d66d4627e1dace6a,9e3c5a886aa56e6d92779574c4576cc3,2017-12-27 20:00:00,22.08,43.24
17f49201b20ebbd3f4a62e78d561d044,1,e39836bbe23ddfaaefad49e9c41c147e,0c74dc0f5a57553995560a2d3713b466,2017-05-19 02:00:00,163.69,9.5
6cac10db36812d5b0f1346b2954f03c7,1,53f3007383e96ef46d7df5d0d3b59af7,22498f666e51484d1b84edc3d8e049de,2018-08-01 05:00:00,58.63,37.4
c336ab4a0b75b5f88bb25f9b754c30d3,1,f80b2cea658e54a29879cf35f4719986,77a7e8b75e70f65f9280c5aa8dd4595b,2018-05-26 00:00:00,39.35,41.55
49f74a2b9708f85bc8b94082392fc32d,1,8f3dc97fe6b0da0ab98f5dbe15aede0f,20da897258321ee48471b4b0ae1b9f69,2017-11-21 06:00:00,39.69,25.25
9676e8a487c8604cb510ffa9174d0bfc,1,1139fa1234c1c3ea3d9c4e6404015ced,22498f666e51484d1b84edc3d8e049de,2018-01-06 16:00:00,112.25,18.15
d87fa072f81ad6a59ed7ced409788a75,1,a590fd3cad6ecc57a520c3d0fbcdbf5e,d040158728e213bce6fdd7afdd84cacc,2018-04-01 17:00:00,47.55,15.99
e5c1f69af9fbf715ca1c334611c3aff3,1,a879d8f890422eb78b040f53e63949d4,5da39a73ba3df7ff43b47ee5e1e89e7e,2018-02-19 02:00:00,200.65,11.28
4cf066e1a8b62ca9a0c1908c0aa0177a,1,d9750f00d5aba8ae9112fbc03d8f95f4,66124ab4f9b21e6e586a346adc5be7d1,2018-07-29 06:00:00,42.33,44.26
e45c049a775f26130443777c7ab81d02,1,cf0e6d2b315c167a45d8a6ad77d0359e,67f5ae02af5b8f47ceae71cfce000af0,2017-03-25 14:00:00,109.97,10.8
8f609c127f053e6fc75b7a6533056f33,1,21c71aa3741423b50e3e25f2cf0671c7,10d4de39161237c9e25df9a89ca8a5c4,2017-12-26 17:00:00,37.36,16.23
e489d416a1ddbcaea314864bd9acea9f,1,966be275c2fe8954cdfd9531302b7831,a45409374a27ebf28baaf744a08dd21b,2017-07-16 21:00:00,39.05,17.96
8709dfd87190beb6133fe2ff578eca82,1,92a81713b90ed44b951c25d54d4c5280,66124ab4f9b21e6e586a346adc5be7d1,2017-10-02 10:00:00,62.64,32.78
7a429c49794f69f18e8e6644f6d7607d,1,7249f62c08987462980cb95c19d45deb,9e3c5a886aa56e6d92779574c4576cc3,2017-05-14 00:00:00,70.45,20.75
7a429c49794f69f18e8e6644f6d7607d,2,12d15585b68e47fa3f175534cc4d5819,0c74dc0f5a57553995560a2d3713b466,2017-05-14 00:00:00,167.22,36.93
a246f2d5958a9a824e114722c771df14,1,649f7d888989c5abfe2b34d82db0728d,80bbae526ec0126921084dd9f75d1e3c,2017-12-17 21:00:00,25.74,31.25
9b4f6e53dfb13fc3b0f4b3afc5c363a8,1,cff2b1c4e53f9644b39e4df25c0a1feb,ef4afa885299e5052976aab22a26f770,2017-03-13 07:00:00,75.83,40.41
891e3df3e33b9157d1f410e04270c3b9,1,2fb21e667ed17aabc9b7c9bc65a16fa9,6a662fce7089fc6d2877f5d90f5675f8,2017-03-08 13:00:00,135.31,28.64
67561314e21bdad8d6c1ea631f625067,1,bb2aa1462999394c54a7b69b1cd66b09,46426c458d03f17af4d375c1a29319fa,2018-05-12 16:00:00,34.09,26.32
bf29d84c4f8b00fb2b6bf5596c983b07,1,53f3007383e96ef46d7df5d0d3b59af7,67f5ae02af5b8f47ceae71cfce000af0,2018-03-18 01:00:00,33.72,22.55
921ebfcaaa6418c584d0eb15448607a5,1,23a13e207fd255eeac48436668bd80d7,b788f5d1ffe575f665edcfe34f2dad3f,2017-04-18 07:00:00,39.77,13.6
f2d986ed2e4478eadb84c3f32f8969ef,1,c85cd7147bf695524cbc90446bcd5ce7,a45409374a27ebf28baaf744a08dd21b,2017-03-14 14:00:00,237.39,8.96
4bc5d0a9e3c3fb686676a19131732afa,1,5c0b9b10a757cb1042f525b902ed73ce,10d4de39161237c9e25df9a89ca8a5c4,2017-06-24 21:00:00,240.81,14.47
18651a363b8353c90ad2bfb278a24461,1,b42a2d939aba0f15b21490623e1a963e,3da06476f778c676750d112e8164ceec,2017-12-18 02:00:00,59.0,9.52
ab47588efba3f0834ce074f8d51826c2,1,a879d8f890422eb78b040f53e63949d4,0c74dc0f5a57553995560a2d3713b466,2018-06-02 22:00:00,167.96,31.45
0cd59a0f5758c544a1753ba1caa7c04f,1,ec50ace480a52e65afa2855967c96204,20da897258321ee48471b4b0ae1b9f69,2018-04-08 05:00:00,34.01,40.37
c081d253fcd460bd8f0e3ea76f406825,1,0406ff447ce40679a8c6dbc07bb3447b,dd39d7936257a4a2f204be894a4b5563,2017-12-29 05:00:00,633.44,8.23
fc5a4951e8f719991ea5c3431b93bf9a,1,d9b59f84edc3a1c32dea2d2d086c405f,98f6fd7f7eb162f14806f8040cf0374c,2017-09-30 00:00:00,64.39,11.99
e6aab28f066a3f4b65de0d3ac942d852,1,b93b17fbf76d15fd7d1645a0d253d966,566e3cbe9aea622fe6e987cab87b6384,2018-01-14 18:00:00,54.31,18.8
a1761dbbcdd9203d3392f49255b36a79,1,05c8234b1d763a66b5f59cb0cf685878,6a662fce7089fc6d2877f5d90f5675f8,2018-02-20 18:00:00,65.84,19.41
fda20c90fb48ca875b34fbaa529cb29f,1,4b91b8cb6ae66582b852b3cd9442b5e6,5128b9b1f8ede0ca20156a7212e153a6,2018-06-06 06:00:00,27.82,41.03
9fdd478906cc5126afedc1f370cbb7dd,1,ef158d5b2d007d05d66d4627e1dace6a,48b763d5e519dd7e84d67c4ff0df1684,2018-10-12 05:00:00,94.36,27.63
c063d44034c6430978b3bbc173c30ff6,1,c85cd7147bf695524cbc90446bcd5ce7,48b763d5e519dd7e84d67c4ff0df1684,2018-07-15 02:00:00,48.77,33.6
e0ee9c897e8840bd1330eafc62e3d6d1,1,7249f62c08987462980cb95c19d45deb,0cf477ef18c8a61624108e9a3f779cae,2018-07-24 04:00:00,281.64,35.42
b76d0f78f60049b9a9c5063227c61236,1,e9ad0e9b8c9aa1e9b3b263376a74dbb7,3eb051817ba245884d560a3df4e7069a,2018-03-24 02:00:00,34.35,29.79
b76d0f78f60049b9a9c5063227c61236,2,e3ad64d4eab9eb022f1dc1217d024c6d,67f5ae02af5b8f47ceae71cfce000af0,2018-03-24 02:00:00,118.17,11.56
0078fc810f72f4c4a319cb73d866be2d,1,d9750f00d5aba8ae9112fbc03d8f95f4,7318b96d447906121f5d988f776abf09,2018-08-03 14:00:00,144.64,21.64
505404580e47c845a4a584f39a4ddbc2,1,39b02e2ad96e684f3db0174e7938878a,14cb056407437c3bdd20c3bfd342af08,2018-06-02 16:00:00,20.22,24.13
bfe4520dd6594627bf6a2d8182498b3e,1,5c56d9bc5111d31d63be441dbd5a0c9e,48b763d5e519dd7e84d67c4ff0df1684,2017-12-29 10:00:00,306.82,14.2
fd2e1d55757e21aaeddea462a4bfced2,1,cd4f8b2b899ac252c1e1b94a78883058,f28e41225894f7f139b86bb2b596ca7c,2017-06-16 10:00:00,50.02,26.15
156a0e9a2f5680e24eb3c40cd534dffe,1,2d79a2d1506e50c77aa061e9336b00cb,a45409374a27ebf28baaf744a08dd21b,2017-04-30 20:00:00,132.58,35.34
13ee611d4e43ad3ec79f61eaa5e11793,1,9d264599c4dd8df59aec56a857311609,d4d607350e2f8958de431e06e9247069,2017-07-09 22:00:00,60.5,24.55
7bcc3786d4e9d73dc9cb7bfed7e6a8c1,1,ac3a812f765e6cb58f0d55400ec7d662,4ddb1b36272c058884a2576c1fc905f8,2017-05-15 01:00:00,83.39,32.01
950c083b69cf2f98e0ada076e945758c,1,ae27d4321dc1e7eb711c767385351a69,f28e41225894f7f139b86bb2b596ca7c,2017-11-29 16:00:00,26.13,41.4
826d6e62cc079c3156c3587b4d65fbef,1,e1721c83ef5e4376a723fb72682b163a,b048faa112ae5c22741b77f54c24a053,2018-04-14 10:00:00,65.55,20.82
9b80aa8c710a17e53b26ae53efeb8976,1,a255e1bb07958c1f538d6b8cc607b1e9,6929de738693fd9d7a89cbebb807d78a,2018-06-11 07:00:00,69.09,27.39
a3fd8f6f1a3347cba3dca0c6a24e7647,1,14a34f7fd90dd19bd3fbe043af1d5a1a,94a53fdef10d27c89780c2152b2bb8e9,2018-04-20 23:00:00,38.03,20.4
ed985f04c6b68fb61a97e3bc32228d23,1,af70de702b69c95e85671b58926bffa5,f67294643f8ea40a6b0ae0e39d896047,2017-08-08 04:00:00,23.04,21.22
e1112ae6c26172af27dbdc47e99be1d8,1,67ce378fe5a4983ba383889adb2c6ac8,77a7e8b75e70f65f9280c5aa8dd4595b,2017-11-29 10:00:00,41.16,9.9
5fba07942b94e406706a3d203b5c0147,1,f48f709c49a224410ac4de854a5b1aff,35f789bca6b0745843c07d4393a74792,2018-03-08 19:00:00,44.26,21.86
cb75805b0882dcaacce5dc3106fa0c44,1,c5144d98b41c504fe346f415e5267a2b,98f6fd7f7eb162f14806f8040cf0374c,2018-08-19 13:00:00,117.21,42.99
2d9a648fe6194e21453e5f1b36384acd,1,05c8234b1d763a66b5f59cb0cf685878,e3954cb17f7f6c0a07c0d116a394ed54,2017-08-29 17:00:00,219.67,14.14
87a041f9ddd0375faaed0c22789eae24,1,0123a348638abdf66df72cd3979aa051,8d2238e6c7bf4fbcd43cdd6de0c1ff1e,2018-05-18 18:00:00,23.1,14.37
68e625c54016b4368c83f371662cdf39,1,0d31812e30c36756d453f867b97e6224,d4d607350e2f8958de431e06e9247069,2017-07-13 11:00:00,52.0,25.28
a6038076c2020122a97892396d615c08,1,0f25477da55990e74910fade52380bf2,c48d56502e9522d696792482a3c988e4,2017-03-19 12:00:00,122.38,25.2
0275c36f65b06cc3cef980dcfda3eb86,1,6c93a7918b60c511b8168aebac6a7c85,0217ea0e896490ab4926ce5f78786140,2018-02-15 21:00:00,43.4,35.09
d91c31a0e15dd4ee217837be25555acd,1,92a81713b90ed44b951c25d54d4c5280,3eb051817ba245884d560a3df4e7069a,2018-02-23 06:00:00,158.34,42.37
337636ff8386d7370c32dc94485ab508,1,d9750f00d5aba8ae9112fbc03d8f95f4,c561b8dca4364fcdf2d3f7610ba36279,2018-08-27 23:00:00,42.23,14.75
47e9f13f04089e6dd0703ce6a8b51d7e,1,c3093b6e37e9d2e2d35ac07aaa0217d0,4ddb1b36272c058884a2576c1fc905f8,2018-01-14 00:00:00,68.63,13.25
47e9f13f04089e6dd0703ce6a8b51d7e,2,11b461e9b15da72dd4cee27c4a94ae9f,0c74dc0f5a57553995560a2d3713b466,2018-01-14 00:00:00,132.62,38.49
c083564a242cd80e36da264182c12923,1,4b9dfd589e5d9c7ac5acc35415f00cb4,0b95017c5dae1201673ba8bdc38c1dec,2017-09-15 09:00:00,235.79,11.88
c083564a242cd80e36da264182c12923,2,6c521d13b719bb682775ee42a89e22f2,0c74dc0f5a57553995560a2d3713b466,2017-09-15 09:00:00,22.91,29.81
c083564a242cd80e36da264182c12923,3,cf0e6d2b315c167a45d8a6ad77d0359e,48b763d5e519dd7e84d67c4ff0df1684,2017-09-15 09:00:00,174.39,28.77
b4c06d88b5fbe14cb42823dcb0836426,1,7317591a3283daa4e212ab7c9d361cb6,d4d607350e2f8958de431e06e9247069,2017-05-22 17:00:00,24.34,22.52
3304f93e39886ea81b328860e0f580bb,1,51b30182f7fe604f65f30779f6ee5cdb,6929de738693fd9d7a89cbebb807d78a,2017-06-28 22:00:00,87.36,19.28
37a1c676eff0602369298548c678ba62,1,a65f7b8adbb44021fdde64afa75b395a,83d5bceb5edbb8eec2baf0e02179e3f0,2018-02-20 08:00:00,129.32,40.34
4a10a7fad8f8cb0a1aa8fcd7afb03328,1,bab2b77dfa740cc8a43afb7ac40d4874,35f789bca6b0745843c07d4393a74792,2018-08-11 19:00:00,22.09,39.51
aeb6b8f0cd5e4d31dfb64b0bbb8a6b03,1,0406ff447ce40679a8c6dbc07bb3447b,77a7e8b75e70f65f9280c5aa8dd4595b,2018-05-10 13:00:00,264.68,34.96
f6b1fc5eac7827669afe7c4c13ede4c8,1,8570b59fa903ae67fc568b5324acb722,f28e41225894f7f139b86bb2b596ca7c,2017-11-02 09:00:00,132.91,40.25
b0105e4e8d12043ac5c2454e574b3ec0,1,1bff3142a5e15b5557d3f4ddd963dc72,0cf477ef18c8a61624108e9a3f779cae,2018-08-11 12:00:00,101.43,11.7
3918efdcc964a8c41c691f656f019e2c,1,6aa0426df7c0d5f769a53b4f8ff8869d,0a8bb5b490494583ec86a890d7b00bdc,2017-04-17 04:00:00,22.64,25.91
9815b2d1fcbe228923f30208737818e5,1,a879d8f890422eb78b040f53e63949d4,22498f666e51484d1b84edc3d8e049de,2017-01-03 01:00:00,24.82,44.18
004f57decc9c144753821a2755ba55e3,1,501ba8515ee68495340029c3ea11905b,9fddde2ea8a2b7ad2bd3cdcd27794685,2017-12-23 10:00:00,54.53,25.64
85d98480c177db8681d0be42291426c1,1,8ed8a80d84cfee39bf31c29f82bbad84,f67294643f8ea40a6b0ae0e39d896047,2017-03-01 09:00:00,139.93,42.54
b13b8ee87cdc6b9b3a014a9b450f7128,1,409e7a8086c5d1d69ea9f50831227592,66124ab4f9b21e6e586a346adc5be7d1,2017-05-30 23:00:00,39.61,43.71
76331e23bb23c98c92e05c5b9b534f54,1,8e4c3ab56d5d0477adc29178a0411612,932cae01d2c65ee468d0a2a8c4e7f7dd,2018-07-10 05:00:00,242.66,19.07
42fedf5f7e9fa5dc5c58bbbaf3bb1f8b,1,39b02e2ad96e684f3db0174e7938878a,b788f5d1ffe575f665edcfe34f2dad3f,2017-06-03 09:00:00,7.48,23.95
f75e0d0dccccb213d399b4152b69b3d1,1,12b2102d940c350337c86152beed0af9,0c74dc0f5a57553995560a2d3713b466,2017-04-13 08:00:00,42.04,9.95
20657718526eb0dd5ec1c270ffccb821,1,d1682e09f1f7d90413075157d8c128e7,0a8bb5b490494583ec86a890d7b00bdc,2017-07-03 11:00:00,72.64,36.49
20657718526eb0dd5ec1c270ffccb821,2,3508507af622d84204022b3c508211a5,ef4afa885299e5052976aab22a26f770,2017-07-03 11:00:00,167.33,13.05
0a885233355d371516d586c14b6a24ad,1,4b91b8cb6ae66582b852b3cd9442b5e6,8fd33afc91fdfa4f0d18ab95668c8477,2018-08-02 07:00:00,35.93,16.99
d9c40c69a02445a319913cb5f9dea644,1,47c68688ecf32053af36b8cc13087974,e3954cb17f7f6c0a07c0d116a394ed54,2017-04-28 19:00:00,866.23,10.48
cc39398d23f3853aacfdc5f3c535fb4c,1,e39836bbe23ddfaaefad49e9c41c147e,9fddde2ea8a2b7ad2bd3cdcd27794685,2018-02-18 05:00:00,34.22,41.43
521e6d7d42e79f06134710eb9f7f8fdc,1,47c68688ecf32053af36b8cc13087974,83d5bceb5edbb8eec2baf0e02179e3f0,2017-03-05 08:00:00,51.66,27.28
4ba50f41c2d20aa3f2b27c96376600ef,1,73d39457b25f13dfb8d49848702ba49f,566e3cbe9aea622fe6e987cab87b6384,2018-04-03 13:00:00,126.11,16.71
5dcedf370e93ce9e4561e8f77253486e,1,694d7b008d388327883f13c601b158e9,83d5bceb5edbb8eec2baf0e02179e3f0,2018-07-24 08:00:00,14.41,24.73
fcbd878b0e06bb2b114c35a5c30e6e96,1,06e3f9498cd34c62c4829b71ae84b81c,7781321e83c501cbfef7d9ea7f8e5483,2017-03-01 07:00:00,61.83,31.81
36ce365b353924f4da709690194162c1,1,e9aa144b9dd43675ef145064aab07015,ac2a4f71a77d95f1d7c4fe9ce1e0fffc,2017-05-04 23:00:00,63.44,43.31
36ce365b353924f4da709690194162c1,2,5a2837b2cb8383f2bb96f6022b115c36,0217ea0e896490ab4926ce5f78786140,2017-05-04 23:00:00,101.88,35.16
fec1afaa4fcdc795e8e525e36dac538b,1,b076a7dcfd0ce433ca5e151b23d3cd4c,e3954cb17f7f6c0a07c0d116a394ed54,2018-03-09 22:00:00,60.25,38.77
f519f70b60be505e4328bfc46cbc7e60,1,d9750f00d5aba8ae9112fbc03d8f95f4,ef4afa885299e5052976aab22a26f770,2018-06-04 09:00:00,114.06,8.25
c41584262f37a2361c22abff2cbe7729,1,21c71aa3741423b50e3e25f2cf0671c7,5da39a73ba3df7ff43b47ee5e1e89e7e,2017-02-04 03:00:00,27.16,22.14
8bd2e759fc1e3492bae99c003d8ad150,1,564cfbd2bc92fd81039b058c2faabe0b,35f789bca6b0745843c07d4393a74792,2017-10-13 07:00:00,183.64,33.25
3fda8388751f8769933e0e04c10a59d2,1,f51594943818cfd33889936a9d5817e8,83d5bceb5edbb8eec2baf0e02179e3f0,2017-03-10 20:00:00,27.56,31.5
8248df78ad083cd3044628f629b471d3,1,15fa9483f633cc2deba900e16a7d5d96,9e3c5a886aa56e6d92779574c4576cc3,2017-10-12 07:00:00,41.55,38.83
8248df78ad083cd3044628f629b471d3,2,d6cd315508a8ac7f862138ad0f09105c,7740d8317331874912fc7a87a4704d48,2017-10-12 07:00:00,37.84,34.13
1cdcdff6468d5fa1964311016c7be210,1,54ce26bec8cce2c2a518a4186f14b3f6,6a662fce7089fc6d2877f5d90f5675f8,2017-02-02 08:00:00,23.42,21.32
6cba47027f5115b72d97ffc4a51ee90a,1,d218c9d6c093bfb024e9bcfd9647ff9f,fcef1972bbf483ce51beb80eb7e6a14c,2017-02-01 13:00:00,119.9,44.73
15c40649b15568f9979e23ce44c11aad,1,92a81713b90ed44b951c25d54d4c5280,7740d8317331874912fc7a87a4704d48,2018-01-08 11:00:00,80.81,36.99
3d6ff0396a8fff839a0889a9c599ee2c,1,8bea75c1b86677aa23d4526b2b54ff7a,46426c458d03f17af4d375c1a29319fa,2018-04-26 19:00:00,74.59,40.53
ab2a6a442427b93ef8ee840d4a792758,1,c5144d98b41c504fe346f415e5267a2b,3eb051817ba245884d560a3df4e7069a,2018-05-08 22:00:00,40.04,12.93
3925ac0a7f7dec7c1743faf6a39d41fc,1,12d15585b68e47fa3f175534cc4d5819,5716dc2e343ada2a76e5ae787bf7e1d3,2018-05-06 05:00:00,626.99,26.0
b812a19948d3915f6ec5ee8c60a34c4b,1,d61169a1ff46a6bf094d916deb6d2fed,3de2885951b1943c1b2ededb8fc85fc0,2017-10-04 10:00:00,117.47,34.78
706df64498033771bc3bbb4b472b60f6,1,39b02e2ad96e684f3db0174e7938878a,dc8a49225005680f24c778a59b4e164b,2018-01-04 17:00:00,114.96,21.35
c196c84382f96a0fe32b62bcb40c3917,1,6aa0426df7c0d5f769a53b4f8ff8869d,932cae01d2c65ee468d0a2a8c4e7f7dd,2017-11-01 20:00:00,82.05,8.92
ff19d2a8c6f656e7bf9765b121ebf7fd,1,a38295d31e0ef546b0b6dedf4f9c4027,80bbae526ec0126921084dd9f75d1e3c,2017-08-11 18:00:00,31.18,15.79
8e9a911d9aa8561decb76586eac2bf6c,1,7eece88da002352ab88cddde3f2086c2,566e3cbe9aea622fe6e987cab87b6384,2017-02-28 06:00:00,46.42,43.8
8411974f94139184b0670682b4b15243,1,cc351e4f703e957f35ab8466b5578b00,0c74dc0f5a57553995560a2d3713b466,2018-07-26 13:00:00,89.22,28.77
194a5e83b658707774288600ad5c5f36,1,3ae2802354720d2d32399ffb27046f25,8d2238e6c7bf4fbcd43cdd6de0c1ff1e,2017-07-14 23:00:00,354.07,15.98
cbdd81d0a7c3f26e84098faca85c5e8f,1,905c7bdd74f0beae6a5943ce836435e3,932cae01d2c65ee468d0a2a8c4e7f7dd,2017-08-18 04:00:00,81.69,25.98
ffe426042d2dec8a5c25da209f9ccf07,1,ee0f65a82a131c1fccd015c1ad5900dd,e3954cb17f7f6c0a07c0d116a394ed54,2018-05-03 17:00:00,78.31,42.56
18e8edff38e6d127205f6b13dd83fc2a,1,636f6e5c2253e70687ad8b268eaa5841,fcef1972bbf483ce51beb80eb7e6a14c,2018-04-28 00:00:00,124.93,39.85
ce100ad8979d3af72c8da2e61b6e82f3,1,0f25477da55990e74910fade52380bf2,28caaa1dc35bec2c3098f7b2500e15c0,2018-02-04 12:00:00,18.53,27.29
d94ede514806a14d537548ad28e3e551,1,a65f7b8adbb44021fdde64afa75b395a,5da39a73ba3df7ff43b47ee5e1e89e7e,2017-12-28 17:00:00,17.14,18.99
4ddb98de7e35f43112e9816c63cc975a,1,fa8dae42ba54e9202099d18087623997,f67294643f8ea40a6b0ae0e39d896047,2017-05-10 23:00:00,43.18,34.79
9f5367fb82f6b1d9cdb8e652c02ff878,1,e6b9d31a361f6d903ad1fa330ae4ac11,80bbae526ec0126921084dd9f75d1e3c,2017-02-12 05:00:00,137.02,40.71
6a77ef8c865156e7b428cf140f90f3a1,1,61935990abdd1a8fa4b05c89f10bce9c,35f789bca6b0745843c07d4393a74792,2017-08-12 20:00:00,55.86,26.6
4da118b7d91ffb43c4c6a32cbb311617,1,255bfc1c7e3d5ee444b64ec14d16f049,b048faa112ae5c22741b77f54c24a053,2017-06-18 12:00:00,76.78,33.63
1b8672851bba0fcd5f859cc742f43cef,1,fa8dae42ba54e9202099d18087623997,4ddb1b36272c058884a2576c1fc905f8,2018-06-22 16:00:00,91.07,25.17
b7e4590d900e07860aa3ac8a2e5eae54,1,a205e54fb1e8c09dbc20b9f24a9c589e,c48d56502e9522d696792482a3c988e4,2017-12-28 16:00:00,40.18,12.01
44239cd497672ed8e478329586393390,1,5e175b664b87959ff0cd7f05ea87855e,b048faa112ae5c22741b77f54c24a053,2017-06-12 00:00:00,243.98,30.91
0b0adcaf159705000c1c78e7ed2d92eb,1,97777f10f2d2393f8e85140d0f9aeb70,20da897258321ee48471b4b0ae1b9f69,2017-12-26 07:00:00,93.77,10.33
23f5b1b9c01354112650899deb51d5b4,1,186b2880ab545a15669d01ff1634725b,7781321e83c501cbfef7d9ea7f8e5483,2018-05-29 04:00:00,14.81,9.32
14e1521c1450b8074e0ef21b9d26f160,1,905c7bdd74f0beae6a5943ce836435e3,0b95017c5dae1201673ba8bdc38c1dec,2017-03-13 01:00:00,47.69,17.52
f8d9033d09397f9053abc02650eee904,1,b8e19f568787ea2104482a220308aa5e,f67294643f8ea40a6b0ae0e39d896047,2017-09-19 17:00:00,137.27,27.42
7f6bb6f5715055a780d0d17a49987625,1,e7ba26acab7a3d1c0cfef6833e11bafe,f28e41225894f7f139b86bb2b596ca7c,2017-08-24 00:00:00,145.34,31.59
9cb528334c9de256e603203dd585db0d,1,5fdcabbf6b9cd71cf6ba745ba55871e3,64ab851bf1fac6e7170d750705eee1d4,2018-05-31 07:00:00,129.01,22.0
43c2a4cad944a886808b902fa350b1d4,1,d773f98d550c2fe9654c11d9f2e61828,67f5ae02af5b8f47ceae71cfce000af0,2017-12-05 21:00:00,66.4,17.42
c4bb12264e1c47d7dc7a78de7fe70e69,1,614c721da921cb4c95fbe976ae007b7e,a417c09380a8a23d17eaec838892042f,2017-09-26 08:00:00,272.7,16.65
29730710cf1e5ffa83c30f116acfe5e3,1,fc737d9211ab3d11e4eb8000ef40d162,0cf477ef18c8a61624108e9a3f779cae,2017-12-08 23:00:00,103.19,41.36
e06c05724f8a70aaea0aa62f196ba2d1,1,60a399d4e821e716eac80da1de9f6f5b,5716dc2e343ada2a76e5ae787bf7e1d3,2018-01-13 23:00:00,39.97,30.55
c27cb42cc91ae994c0d20cb69b023e3a,1,e7ba26acab7a3d1c0cfef6833e11bafe,10d4de39161237c9e25df9a89ca8a5c4,2017-01-25 22:00:00,289.15,18.91
cf527cb564c15ed6df0fd2d02a3ae5ba,1,23a13e207fd255eeac48436668bd80d7,0217ea0e896490ab4926ce5f78786140,2018-06-26 04:00:00,137.74,16.46
e7b86544d56f403a33a7bb68bbd3f066,1,d6cd315508a8ac7f862138ad0f09105c,0217ea0e896490ab4926ce5f78786140,2018-01-28 02:00:00,191.56,38.82
2db2b1118b0f264996f0226bf14eb339,1,b93b17fbf76d15fd7d1645a0d253d966,3de2885951b1943c1b2ededb8fc85fc0,2017-12-12 04:00:00,52.22,8.35
f9f9edeb20c8102eeefaacd26263e8fd,1,4ccb235539d1c7ffb27e1442fd7fe973,d4d607350e2f8958de431e06e9247069,2017-12-24 09:00:00,90.26,20.82
388bcd741f7dc802082dd7bace8404f9,1,00c59f30d103142441241bb4655ce508,5da39a73ba3df7ff43b47ee5e1e89e7e,2017-11-16 10:00:00,105.73,15.26
b2417eece5634d905939eda6373b7c42,1,c82f78fd936cd31cf7bf52447db2a7aa,4ddb1b36272c058884a2576c1fc905f8,2017-08-31 07:00:00,116.61,24.03
b1d420cbaaa90e31273626774b130b6a,1,a65f7b8adbb44021fdde64afa75b395a,10d4de39161237c9e25df9a89ca8a5c4,2018-07-03 07:00:00,14.53,24.26
c40f258b196ef555349914ba3c900f09,1,cff2b1c4e53f9644b39e4df25c0a1feb,10d4de39161237c9e25df9a89ca8a5c4,2017-10-29 04:00:00,12.18,12.63
c40f258b196ef555349914ba3c900f09,2,891f691217abb8635efeef4fd8ddbbc0,7781321e83c501cbfef7d9ea7f8e5483,2017-10-29 04:00:00,45.7,37.04
ccac575e3d8e3a9ccfd3fefdbc13c586,1,4988e418f6c31218c1836315330f8be1,77a7e8b75e70f65f9280c5aa8dd4595b,2017-07-26 12:00:00,181.05,40.18
e2ba06e62cce3122c1fd195c335d2323,1,a42d0cd7fd359f6a7450388748d90846,e3954cb17f7f6c0a07c0d116a394ed54,2017-04-17 23:00:00,66.57,22.05
5f5907ac68e5d3b19dc4a55d834d3221,1,bb2aa1462999394c54a7b69b1cd66b09,80bbae526ec0126921084dd9f75d1e3c,2017-06-04 12:00:00,51.84,34.24
6331bb8b1b0d833f7cff3b35837e3700,1,ec50ace480a52e65afa2855967c96204,67f5ae02af5b8f47ceae71cfce000af0,2018-07-26 13:00:00,91.01,11.01
0830312682ec2f421a4077920209f205,1,ae27d4321dc1e7eb711c767385351a69,dd39d7936257a4a2f204be894a4b5563,2018-04-23 12:00:00,20.98,11.2
1d9fe29b3ef85af491c1649f4a2615c0,1,277eb0aaa247541dc8ad0899b630794d,0cf477ef18c8a61624108e9a3f779cae,2017-03-31 23:00:00,42.24,43.24
40781aed54684553c46ba4fd187bce0a,1,49646b96fa3c1628892621df465568b7,2138afe08d38bbd8fba6abf7cdbcc653,2017-09-30 01:00:00,173.65,16.67
83e9859f1d6a1c2a2474faaf89f1cc00,1,ff69723d584fc85b2697384d801e8690,3eb051817ba245884d560a3df4e7069a,2018-03-18 13:00:00,34.34,20.06
3819bda3bebe21f0b09259996dc7d0d6,1,cff2b1c4e53f9644b39e4df25c0a1feb,98f6fd7f7eb162f14806f8040cf0374c,2017-12-01 06:00:00,12.23,31.72
0ae985cac5f8bce7b68ba6b6f301b46d,1,ec50ace480a52e65afa2855967c96204,10d4de39161237c9e25df9a89ca8a5c4,2018-03-10 03:00:00,190.49,17.47
3ed9c236bc5958609f4d141209011d61,1,905c7bdd74f0beae6a5943ce836435e3,0c74dc0f5a57553995560a2d3713b466,2017-01-19 06:00:00,141.9,35.01
a02f8aab8025613ada8273ca598312d9,1,55c551fcfba57cc8edaf37661b780ede,8fd33afc91fdfa4f0d18ab95668c8477,2018-04-30 07:00:00,89.79,10.48
9240d6449b3fcc37fb8618bea90829a6,1,a6129a1c889d4b76775c30b561730c48,7781321e83c501cbfef7d9ea7f8e5483,2018-02-07 20:00:00,55.03,11.47
a164a104fd504ba3b64578ba3fab58d4,1,2d79a2d1506e50c77aa061e9336b00cb,b788f5d1ffe575f665edcfe34f2dad3f,2018-08-10 05:00:00,112.23,35.94
a164a104fd504ba3b64578ba3fab58d4,2,5c56d9bc5111d31d63be441dbd5a0c9e,6a662fce7089fc6d2877f5d90f5675f8,2018-08-10 05:00:00,49.4,27.3
a164a104fd504ba3b64578ba3fab58d4,3,84182d353e711433bd90b81afbe0e6b8,9e3c5a886aa56e6d92779574c4576cc3,2018-08-10 05:00:00,67.88,33.71
582dc1b31ed89dc6d9ca8598fcb5697b,1,d867888b7ff6b824152aeaec2bdfcb41,f28e41225894f7f139b86bb2b596ca7c,2018-09-30 13:00:00,253.25,40.11
7dad0327cc581b773e5fc839e26b910e,1,a205e54fb1e8c09dbc20b9f24a9c589e,0217ea0e896490ab4926ce5f78786140,2017-02-03 12:00:00,48.58,29.18
8abf5472447f3b22e47077e57ee8224e,1,0ec0713dea2c7a517688d11fce4758be,932cae01d2c65ee468d0a2a8c4e7f7dd,2017-04-14 03:00:00,137.67,28.99
8abf5472447f3b22e47077e57ee8224e,2,5c11ab6d42f5b3f54ef4c34d5bf86f3c,fcef1972bbf483ce51beb80eb7e6a14c,2017-04-14 03:00:00,43.82,10.23
8abf5472447f3b22e47077e57ee8224e,3,26a9e100b509109b116658ce3b3f3800,932cae01d2c65ee468d0a2a8c4e7f7dd,2017-04-14 03:00:00,62.49,41.31
ad147e4118b626fe7665bbea72d49178,1,92a81713b90ed44b951c25d54d4c5280,3eb051817ba245884d560a3df4e7069a,2017-08-10 04:00:00,18.75,40.26
f2f190a94a4bea63d903581efd8c38eb,1,1bff3142a5e15b5557d3f4ddd963dc72,9d4b2bf94d85e9c7a0017720200b2903,2017-10-13 07:00:00,224.11,43.2
ee755ae3dbe5f4548d8b619060ca5e56,1,c82f78fd936cd31cf7bf52447db2a7aa,d040158728e213bce6fdd7afdd84cacc,2017-01-09 21:00:00,90.09,18.62
29e37c0f235c12e31376610a423920d1,1,39b02e2ad96e684f3db0174e7938878a,5128b9b1f8ede0ca20156a7212e153a6,2017-06-29 20:00:00,37.17,31.84
50ed97a2414c1e0724fd2a750c886db1,1,d9750f00d5aba8ae9112fbc03d8f95f4,83d5bceb5edbb8eec2baf0e02179e3f0,2018-06-04 23:00:00,97.52,30.31
58728ca3264f964287819162ca79f86c,1,0ec0713dea2c7a517688d11fce4758be,a45409374a27ebf28baaf744a08dd21b,2018-07-22 13:00:00,114.89,9.37
59d28af9b985e3829de6a89ac7ad2a28,1,9d264599c4dd8df59aec56a857311609,9e3c5a886aa56e6d92779574c4576cc3,2017-08-06 21:00:00,45.88,10.09
379af3c03a48d24b918b0a9de50af837,1,0ec0713dea2c7a517688d11fce4758be,f28e41225894f7f139b86bb2b596ca7c,2017-10-03 19:00:00,42.67,10.05
362336a214c07a4564b96ddbc1195ecf,1,baeb286bf0d0270fd4d13d551db6b844,9fddde2ea8a2b7ad2bd3cdcd27794685,2017-11-27 22:00:00,32.53,39.39
362336a214c07a4564b96ddbc1195ecf,2,3f8c1097c4da2c2e1bffa27915c1604f,a417c09380a8a23d17eaec838892042f,2017-11-27 22:00:00,70.88,22.68
362336a214c07a4564b96ddbc1195ecf,3,b93b17fbf76d15fd7d1645a0d253d966,98f6fd7f7eb162f14806f8040cf0374c,2017-11-27 22:00:00,22.33,28.45
53a4cd21ee05d3670433da84b0a97f60,1,a6129a1c889d4b76775c30b561730c48,ef4afa885299e5052976aab22a26f770,2017-10-08 04:00:00,18.93,26.05
e84eb205dec8f7914eb6b6786de54bfa,1,b1fead13f280df1d9a6c0db952171c88,98f6fd7f7eb162f14806f8040cf0374c,2018-04-15 01:00:00,67.64,10.22
1df4c2510280426bad701caf98267562,1,01bf9e733f800385ef9240b652d78f10,9fddde2ea8a2b7ad2bd3cdcd27794685,2018-01-03 23:00:00,26.5,39.77
4f23db5c9d72decffc50d3a6893cbf3f,1,d18183d1ac2b0cfcc5c51060991121e7,b788f5d1ffe575f665edcfe34f2dad3f,2017-07-07 06:00:00,188.83,30.19
d27d28bb6e6f0ae8d6e816d30355363a,1,c3093b6e37e9d2e2d35ac07aaa0217d0,6929de738693fd9d7a89cbebb807d78a,2017-11-24 17:00:00,72.1,37.86
9a3d3e97953fe33b84fa406bce2b723b,1,23a13e207fd255eeac48436668bd80d7,9fddde2ea8a2b7ad2bd3cdcd27794685,2018-01-29 22:00:00,79.55,13.35
9a3d3e97953fe33b84fa406bce2b723b,2,1139fa1234c1c3ea3d9c4e6404015ced,28caaa1dc35bec2c3098f7b2500e15c0,2018-01-29 22:00:00,26.91,9.93
f19a769d8b2a3e993de76874dfb73554,1,9118c400e336c243b139c476de3ce88b,48b763d5e519dd7e84d67c4ff0df1684,2018-07-19 21:00:00,346.63,42.86
5c5794fa1baa324bdf2184d6642eaae2,1,a42d0cd7fd359f6a7450388748d90846,ac2a4f71a77d95f1d7c4fe9ce1e0fffc,2018-08-24 23:00:00,58.49,21.92
4ef22bca9a123b42ed3f42a618a1d95a,1,548e1f6b69ce1e4e19a692c90d700ea4,fcef1972bbf483ce51beb80eb7e6a14c,2018-05-08 01:00:00,302.85,42.47
a5e59d2d6fd5bbd0217a1c490c973297,1,73253aa3ec170298143df5b3a58e83dd,5128b9b1f8ede0ca20156a7212e153a6,2017-03-27 00:00:00,30.36,44.36
a5e59d2d6fd5bbd0217a1c490c973297,2,2e0fb5b38bae591eff4cc10f979c30cf,6a662fce7089fc6d2877f5d90f5675f8,2017-03-27 00:00:00,217.46,14.01
a5e59d2d6fd5bbd0217a1c490c973297,3,27b608dc589decb075eb89c23f5cf2f3,67f5ae02af5b8f47ceae71cfce000af0,2017-03-27 00:00:00,38.32,37.61
e168ed6debb5f565598435eaa8581351,1,49646b96fa3c1628892621df465568b7,e3954cb17f7f6c0a07c0d116a394ed54,2017-02-26 04:00:00,143.12,33.33
f485ed0c1d38f943d70d9de6c97fe6c4,1,b076a7dcfd0ce433ca5e151b23d3cd4c,14cb056407437c3bdd20c3bfd342af08,2017-12-27 10:00:00,60.27,39.21
2b2ee0580ba929d7997a95029e47d7c2,1,3d44cb2cea45ba416589ada1345af934,67f5ae02af5b8f47ceae71cfce000af0,2018-03-23 19:00:00,129.15,22.1
13c582f0331cfecba144499815023053,1,b1fead13f280df1d9a6c0db952171c88,d4d607350e2f8958de431e06e9247069,2018-01-22 12:00:00,141.33,26.75
13c582f0331cfecba144499815023053,2,7249f62c08987462980cb95c19d45deb,9e3c5a886aa56e6d92779574c4576cc3,2018-01-22 12:00:00,44.16,38.73
d05dae5ceed8f7cff29ca904fd398041,1,5c11ab6d42f5b3f54ef4c34d5bf86f3c,2138afe08d38bbd8fba6abf7cdbcc653,2018-06-20 23:00:00,41.75,19.38
1fd39664542c6bb8263aa49e4335f7ab,1,eb4d8f42873570a2e51109611869a217,8fd33afc91fdfa4f0d18ab95668c8477,2017-05-13 17:00:00,371.73,18.71
3ed583d4ffd42057365c3ab5534f10a6,1,d9b59f84edc3a1c32dea2d2d086c405f,dd39d7936257a4a2f204be894a4b5563,2017-09-18 06:00:00,27.58,32.91
5fd4a95392e78e691c7c921b7ca99e59,1,0406ff447ce40679a8c6dbc07bb3447b,6a662fce7089fc6d2877f5d90f5675f8,2018-05-22 19:00:00,8.88,32.11
23d1da68878ae19b4f995de68a770e42,1,edcabf9465f6ba53d226a8b3b674410d,3240d7a14027ab7d143029a9d88f1c94,2018-06-20 14:00:00,69.28,19.53
d2faa668a35dbdc47e33fab12d66d35a,1,811414f8d9df0d0e225aed6cf0458043,48b763d5e519dd7e84d67c4ff0df1684,2018-06-13 13:00:00,37.88,39.71
dc7894ba580ee961c2eef280d0f16f10,1,1a7167c768759545832f52c48e0370cf,46426c458d03f17af4d375c1a29319fa,2017-09-29 12:00:00,106.91,30.74
16c9e74cdac87de79d6bfb759ba695e3,1,c2e79a985c238d8d71da35b94eea9db8,10d4de39161237c9e25df9a89ca8a5c4,2017-05-02 01:00:00,56.33,38.58
16c9e74cdac87de79d6bfb759ba695e3,2,e39836bbe23ddfaaefad49e9c41c147e,b048faa112ae5c22741b77f54c24a053,2017-05-02 01:00:00,166.61,14.78
16c9e74cdac87de79d6bfb759ba695e3,3,e39836bbe23ddfaaefad49e9c41c147e,6a662fce7089fc6d2877f5d90f5675f8,2017-05-02 01:00:00,44.03,25.11
d893870b83d15d0a29929f4e1a25789e,1,46a56fe86f46f1b12ace1aa9103246b3,b788f5d1ffe575f665edcfe34f2dad3f,2018-04-07 06:00:00,31.82,23.67
55f6b5b8caf24275d314266336e84b8b,1,c6ac1b04dd1d6cd1c11f6bf5379ef467,5716dc2e343ada2a76e5ae787bf7e1d3,2017-07-06 02:00:00,117.09,40.77
f21024866b83998f61390456ca2d4842,1,74bd0c938177b66137fe032c02571851,c561b8dca4364fcdf2d3f7610ba36279,2017-03-12 04:00:00,24.79,25.61
22eafee939762cd1831409a698a7e50e,1,ae27d4321dc1e7eb711c767385351a69,7740d8317331874912fc7a87a4704d48,2017-04-23 22:00:00,99.36,44.97
2db97923354309e119b50cbf9b023cf8,1,6afa828c2cd10b9febe5841fe9c96c52,4ddb1b36272c058884a2576c1fc905f8,2017-03-25 06:00:00,25.11,23.34
fcedc3bef78ebdb1743df59d233cc287,1,f6eab3a00153922123310a28c550eca8,dd39d7936257a4a2f204be894a4b5563,2018-07-21 02:00:00,42.27,23.89
ffa2eae81bb54ea8f361125d864cd667,1,c194f97f00e3a026d5b6de85390239d9,f28e41225894f7f139b86bb2b596ca7c,2018-08-09 14:00:00,209.62,22.38
ffa2eae81bb54ea8f361125d864cd667,2,ea163354a35fc9c1980495628972abbd,7781321e83c501cbfef7d9ea7f8e5483,2018-08-09 14:00:00,47.33,41.77
ffa2eae81bb54ea8f361125d864cd667,3,255bfc1c7e3d5ee444b64ec14d16f049,4ddb1b36272c058884a2576c1fc905f8,2018-08-09 14:00:00,61.46,42.11
abd6ac7fb65f3e860f330e451128b702,1,4b91b8cb6ae66582b852b3cd9442b5e6,28caaa1dc35bec2c3098f7b2500e15c0,2017-08-07 13:00:00,95.68,21.46
8c4a173354a6e6a6c36948899405f1f8,1,84182d353e711433bd90b81afbe0e6b8,3240d7a14027ab7d143029a9d88f1c94,2017-02-18 07:00:00,49.43,11.69
b87695cfde67901edf6fea8c9301d615,1,811414f8d9df0d0e225aed6cf0458043,5716dc2e343ada2a76e5ae787bf7e1d3,2018-07-24 20:00:00,118.52,21.26
b87695cfde67901edf6fea8c9301d615,2,b42a2d939aba0f15b21490623e1a963e,a45409374a27ebf28baaf744a08dd21b,2018-07-24 20:00:00,39.63,34.05
572fb96d490eb24b2da570bcdcf8b18e,1,774c0afa7f4d908ce1fff6c08347f1da,20da897258321ee48471b4b0ae1b9f69,2017-10-06 21:00:00,230.7,34.19
4e814a8e27048a882a5bc72d1a23a319,1,5d71a89864976593c92e8c93d105c8d6,77a7e8b75e70f65f9280c5aa8dd4595b,2017-01-25 18:00:00,168.65,30.4
4e814a8e27048a882a5bc72d1a23a319,2,e7ba26acab7a3d1c0cfef6833e11bafe,66124ab4f9b21e6e586a346adc5be7d1,2017-01-25 18:00:00,22.52,39.16
4ef1fba10d2aa12363a79cb58808c6a5,1,bd1a8f4b88ffbd403b72c86d92fa675f,dd39d7936257a4a2f204be894a4b5563,2017-08-01 14:00:00,52.43,26.22
176888375b5614e519b3aa8eec47c28b,1,8e96922772e76b516e54ac6d2ff8e87e,d4d607350e2f8958de431e06e9247069,2017-03-12 22:00:00,100.83,23.25
b5a0ffccd1dfe76bdbdea7b4322c1995,1,75f8e3a87d97ac0fbd5609c4a4461663,a417c09380a8a23d17eaec838892042f,2017-03-21 02:00:00,112.26,35.63
b5a0ffccd1dfe76bdbdea7b4322c1995,2,8570b59fa903ae67fc568b5324acb722,20da897258321ee48471b4b0ae1b9f69,2017-03-21 02:00:00,28.86,31.64
58b5eaaf38a0f99ba42c838bff9f320d,1,0b531932bd9419aa3ea6e5b20c760d28,8fd33afc91fdfa4f0d18ab95668c8477,2018-01-05 11:00:00,22.31,11.27
3087cdfef568efe5055bf87ea267ac4f,1,c36b9a0a41e02a89566a9ce7af521b94,c48d56502e9522d696792482a3c988e4,2017-01-16 21:00:00,91.91,42.36
2f98765aed4fac7bdb029024a12bf306,1,05c8234b1d763a66b5f59cb0cf685878,28caaa1dc35bec2c3098f7b2500e15c0,2018-03-18 15:00:00,102.52,12.91
5a11d31d8a41ea74db6b650e1811df17,1,47419b4834ae4abd36fce0acb4698db3,a417c09380a8a23d17eaec838892042f,2017-03-19 08:00:00,368.6,28.15
5a11d31d8a41ea74db6b650e1811df17,2,5fdcabbf6b9cd71cf6ba745ba55871e3,67f5ae02af5b8f47ceae71cfce000af0,2017-03-19 08:00:00,24.25,40.58
5a11d31d8a41ea74db6b650e1811df17,3,e3ad64d4eab9eb022f1dc1217d024c6d,7f53a88e4efc8248e10b1a477faeb748,2017-03-19 08:00:00,67.82,22.95
30f4795e03d29f9d918636476c6e6f35,1,0592bfa5b928e23f4ee4334ece920136,5da39a73ba3df7ff43b47ee5e1e89e7e,2018-07-18 14:00:00,70.53,39.19
3e15fdeb34641facca15ff320bb3a1e0,1,548c1d84340de049414765063e2bf9c9,3de2885951b1943c1b2ededb8fc85fc0,2018-08-26 09:00:00,59.4,12.44
88900afef133204170074b65faf35a4f,1,a255e1bb07958c1f538d6b8cc607b1e9,94a53fdef10d27c89780c2152b2bb8e9,2019-01-16 23:00:00,90.67,40.28
81781648966d6eb41f949a11a051547e,1,546252e7f43ba0524459bd6ec0f63229,fcef1972bbf483ce51beb80eb7e6a14c,2018-07-27 00:00:00,47.52,18.71
d3666e1018c9131170e688e82bba1b9c,1,92a81713b90ed44b951c25d54d4c5280,dd39d7936257a4a2f204be894a4b5563,2017-03-01 14:00:00,110.5,37.01
6d87266fa6d56545a79fdd8ce41e3c70,1,186b2880ab545a15669d01ff1634725b,10d4de39161237c9e25df9a89ca8a5c4,2017-06-23 16:00:00,137.91,32.6
6d87266fa6d56545a79fdd8ce41e3c70,2,614c721da921cb4c95fbe976ae007b7e,ac2a4f71a77d95f1d7c4fe9ce1e0fffc,2017-06-23 16:00:00,40.49,13.87
6d87266fa6d56545a79fdd8ce41e3c70,3,0406ff447ce40679a8c6dbc07bb3447b,20da897258321ee48471b4b0ae1b9f69,2017-06-23 16:00:00,162.21,12.52
691949e26f08c08db6ed62d6472d91ee,1,ea163354a35fc9c1980495628972abbd,7f53a88e4efc8248e10b1a477faeb748,2017-08-21 17:00:00,269.86,42.78
691949e26f08c08db6ed62d6472d91ee,2,57d337d34fd80bbb592c11072444d301,566e3cbe9aea622fe6e987cab87b6384,2017-08-21 17:00:00,357.15,39.05
0c5023b5f63b7158454b7d38c8daf6b4,1,255bfc1c7e3d5ee444b64ec14d16f049,5128b9b1f8ede0ca20156a7212e153a6,2018-06-08 09:00:00,72.91,9.82
591c1ed70bb31dc6bf46a40d719178e3,1,ec50ace480a52e65afa2855967c96204,4ddb1b36272c058884a2576c1fc905f8,2018-06-29 07:00:00,80.82,27.13
591c1ed70bb31dc6bf46a40d719178e3,2,28e333b64e8adc4b772420411e43fbd2,98f6fd7f7eb162f14806f8040cf0374c,2018-06-29 07:00:00,41.81,19.51
591c1ed70bb31dc6bf46a40d719178e3,3,f186e47aa79463208cf6e8b87fd238c3,9d4b2bf94d85e9c7a0017720200b2903,2018-06-29 07:00:00,258.29,8.77
86a4ef706b779bb9739b8e04973b0a10,1,8a2db2e63bfda8a6705fddf566fadca0,3de2885951b1943c1b2ededb8fc85fc0,2018-08-05 02:00:00,31.36,32.66
b0abc45fcbd26e854f9114f169ec5a20,1,a137f8e467b13040cc39b9253b5ae288,14cb056407437c3bdd20c3bfd342af08,2018-12-13 11:00:00,217.79,27.78
9219d23bc7d059ba38f1c43dca772a53,1,cbc72f1acf08ea54b4299924c0986750,dd39d7936257a4a2f204be894a4b5563,2019-05-22 13:00:00,5.83,43.84
cb346e5b8ba8d656b29301d1199117fe,1,8bea75c1b86677aa23d4526b2b54ff7a,a45409374a27ebf28baaf744a08dd21b,2018-06-30 05:00:00,246.89,9.89
55cdc5c6185a45a47522073b6b6a76b5,1,84182d353e711433bd90b81afbe0e6b8,d4d607350e2f8958de431e06e9247069,2017-04-16 00:00:00,27.13,27.48
58e33a0c300224713cd653c7e08b9177,1,f7eae66eca6caf9b096971018b2c550a,28caaa1dc35bec2c3098f7b2500e15c0,2017-02-04 17:00:00,58.71,32.87
d38eff7c90b36f478b4c4dd1953b8035,1,84182d353e711433bd90b81afbe0e6b8,0cf477ef18c8a61624108e9a3f779cae,2017-01-05 20:00:00,154.73,28.5
9049ed0c9a13b77ebc4692d27600edca,1,3f8c1097c4da2c2e1bffa27915c1604f,c561b8dca4364fcdf2d3f7610ba36279,2017-12-02 07:00:00,236.16,15.14
ae5baf1dec459b9eb7425aa1693a7605,1,768b4f7e64215e665fc64cd0721e8b1f,6a662fce7089fc6d2877f5d90f5675f8,2018-04-15 07:00:00,37.32,30.72
d2b45510d7b446594b98452343f8a275,1,a137f8e467b13040cc39b9253b5ae288,7740d8317331874912fc7a87a4704d48,2017-12-18 03:00:00,648.77,11.75
d2b45510d7b446594b98452343f8a275,2,c8d0f9e5991965ea98d00c2c17d30f32,0b95017c5dae1201673ba8bdc38c1dec,2017-12-18 03:00:00,151.65,25.07
4aff5bdc044337a54f8788ede5b4f21f,1,97777f10f2d2393f8e85140d0f9aeb70,c561b8dca4364fcdf2d3f7610ba36279,2018-07-18 06:00:00,52.0,35.85
9807a077ea56646edd82d4bd0ac03112,1,a6aa59e5dc08bf29d2d33488d0c30018,dc8a49225005680f24c778a59b4e164b,2017-07-06 21:00:00,106.53,36.93
518a19e429b9aa24f833c0a2baa545e9,1,46a56fe86f46f1b12ace1aa9103246b3,7781321e83c501cbfef7d9ea7f8e5483,2017-02-12 18:00:00,85.81,8.96
7f331ead28089c29e55ed31a72e63b3e,1,1bff3142a5e15b5557d3f4ddd963dc72,f67294643f8ea40a6b0ae0e39d896047,2017-09-03 05:00:00,124.87,28.77
faf9fd1584f84800477beea0bb596656,1,48769153c68813fe52555c758d55119e,8fd33afc91fdfa4f0d18ab95668c8477,2017-01-08 21:00:00,51.29,30.62
ba68d8868ce16d40f8f908e5821f6689,1,c8d0f9e5991965ea98d00c2c17d30f32,5716dc2e343ada2a76e5ae787bf7e1d3,2017-05-27 12:00:00,64.62,20.53
ba68d8868ce16d40f8f908e5821f6689,2,0123a348638abdf66df72cd3979aa051,80bbae526ec0126921084dd9f75d1e3c,2017-05-27 12:00:00,27.47,21.57
7d93a7de85789ee5aac233732effbbed,1,5c11ab6d42f5b3f54ef4c34d5bf86f3c,46426c458d03f17af4d375c1a29319fa,2017-09-22 03:00:00,60.48,31.2
89711599861c9b5f113b7b6b3179f0b7,1,3508507af622d84204022b3c508211a5,9e3c5a886aa56e6d92779574c4576cc3,2017-11-12 21:00:00,117.27,27.31
89711599861c9b5f113b7b6b3179f0b7,2,76876c624c61845efa7e5d9405d1fb63,77a7e8b75e70f65f9280c5aa8dd4595b,2017-11-12 21:00:00,212.48,35.03
3b93503f589c898f1d004b24c59b2bca,1,df4e713ef64e3dfcbfbeac7aefc59738,6a662fce7089fc6d2877f5d90f5675f8,2017-04-08 19:00:00,114.81,25.92
1b657a6b09787000768e974d6a2f3280,1,ec95b3ac0beb7c3445667c4879ba630a,94a53fdef10d27c89780c2152b2bb8e9,2017-01-16 21:00:00,114.79,22.28
b773293f768f5fc2e235e8a2cc50fe63,1,38d5101f423cad9d193e478302b34254,48b763d5e519dd7e84d67c4ff0df1684,2017-05-24 06:00:00,39.13,9.18
d2c465eacac1844b8cbf77e810f86f4e,1,d9750f00d5aba8ae9112fbc03d8f95f4,66124ab4f9b21e6e586a346adc5be7d1,2017-07-16 17:00:00,103.04,27.4
9c32fd49d96d0974647290974c81ea26,1,4b9dfd589e5d9c7ac5acc35415f00cb4,8d2238e6c7bf4fbcd43cdd6de0c1ff1e,2018-04-28 12:00:00,41.01,44.02
0afa1dfaedcb14d5aff4fc8d23c958dc,1,12b2102d940c350337c86152beed0af9,20da897258321ee48471b4b0ae1b9f69,2017-05-31 04:00:00,20.26,33.36
7d11ef393adca8c7ff09e70c2a48960d,1,01bb819c4dfe111722af711f1b628a9d,67f5ae02af5b8f47ceae71cfce000af0,2017-10-31 03:00:00,61.5,18.62
3e21fdb741ee3556cf9dce145a9ea522,1,b8f0188efb37afaecd8563ca193e638d,7781321e83c501cbfef7d9ea7f8e5483,2017-08-16 20:00:00,77.99,23.64
20aad2731c6ef0da446981261e96bb6b,1,9d6b9b626b535a19a902b73fcf39f648,98f6fd7f7eb162f14806f8040cf0374c,2017-06-26 22:00:00,22.03,30.93
4c695a0b216997760a9f4085ac7c9190,1,ec6a37ad81b15db988cc4d49669b29b8,4ddb1b36272c058884a2576c1fc905f8,2018-03-06 01:00:00,43.47,18.61
2f2b8a744e4211e1638cee092794c9a4,1,4988e418f6c31218c1836315330f8be1,3eb051817ba245884d560a3df4e7069a,2017-02-07 05:00:00,249.18,39.14
bec027f7387b2e0f4460817ad13dd184,1,1cb9b73a906d5c8cead08c8913fe8a29,22498f666e51484d1b84edc3d8e049de,2017-05-03 16:00:00,118.84,40.92
c42eb83efc6330de622bd1ea5bff04ad,1,28e333b64e8adc4b772420411e43fbd2,46426c458d03f17af4d375c1a29319fa,2017-02-19 11:00:00,47.32,8.57
7648cba55d74ff7f80ae3d98ba478fd2,1,55c551fcfba57cc8edaf37661b780ede,8d2238e6c7bf4fbcd43cdd6de0c1ff1e,2017-03-03 23:00:00,64.35,44.53
d04aeed19bc135716d6e5b88f1983a50,1,378e65108f10d33eabe42e7db96c1163,c561b8dca4364fcdf2d3f7610ba36279,2017-06-12 08:00:00,60.29,42.5
79861b75c207713a0469f55d18fdaefc,1,a205e54fb1e8c09dbc20b9f24a9c589e,35f789bca6b0745843c07d4393a74792,2017-07-17 19:00:00,120.15,16.25
14190b4f6fe52124d08d20a1ffaa247d,1,f6d22a7baec76a82148b4376602a4e57,7318b96d447906121f5d988f776abf09,2018-02-21 07:00:00,127.91,41.2
ad13375359d9ffb2a223d3b458ff0c41,1,cd4f8b2b899ac252c1e1b94a78883058,67f5ae02af5b8f47ceae71cfce000af0,2017-08-20 22:00:00,69.44,33.52
5deb235681ad7c3b3e9b058e166f8cbd,1,af70de702b69c95e85671b58926bffa5,f28e41225894f7f139b86bb2b596ca7c,2017-01-21 00:00:00,68.84,39.89
2a3f4d7263586b15e0df54d327e21f8a,1,1a7167c768759545832f52c48e0370cf,f67294643f8ea40a6b0ae0e39d896047,2018-08-19 22:00:00,115.95,35.73
2a3f4d7263586b15e0df54d327e21f8a,2,b3eda8f1026b5383a301ec030e5d8c6a,0a8bb5b490494583ec86a890d7b00bdc,2018-08-19 22:00:00,44.35,8.4
525fe2317e3879f895cd19e805b974ec,1,f7eae66eca6caf9b096971018b2c550a,dd39d7936257a4a2f204be894a4b5563,2017-11-12 13:00:00,99.5,29.42
2c2bcc0e2b69a1e0af1fbbd6aae1834d,1,7eece88da002352ab88cddde3f2086c2,566e3cbe9aea622fe6e987cab87b6384,2018-05-14 07:00:00,84.92,34.19
3d7078868bdc6510ea318e128eb9e366,1,95831d58ef4c51198da5d39b42c21797,b788f5d1ffe575f665edcfe34f2dad3f,2018-09-07 02:00:00,158.13,36.99
ea9987d2f6da52d30da317212cac90a7,1,a590fd3cad6ecc57a520c3d0fbcdbf5e,77a7e8b75e70f65f9280c5aa8dd4595b,2017-04-11 10:00:00,88.78,18.06
d22a4cddba05260f17f9a03e1466821b,1,0f6ce9bffe7ee3628a89b0f0105291d3,3240d7a14027ab7d143029a9d88f1c94,2018-07-21 18:00:00,90.58,26.2
65ad220fe97fadb434d3ec6e32313d46,1,75366b9f320f72c09dde01889803b22e,28caaa1dc35bec2c3098f7b2500e15c0,2018-01-23 17:00:00,113.77,18.79
65ad220fe97fadb434d3ec6e32313d46,2,950df1a07aaf20019912316afd9e8e20,64ab851bf1fac6e7170d750705eee1d4,2018-01-23 17:00:00,19.63,35.89
d8878260bacab7f76291a8b41e41083b,1,47c68688ecf32053af36b8cc13087974,9fddde2ea8a2b7ad2bd3cdcd27794685,2018-01-25 06:00:00,119.44,31.46
04033c5181c83a6ea06cb649ce43c271,1,61935990abdd1a8fa4b05c89f10bce9c,dc8a49225005680f24c778a59b4e164b,2018-03-25 05:00:00,312.09,16.7
5c01b91bc1597635be5156bcbe6ee782,1,47419b4834ae4abd36fce0acb4698db3,c48d56502e9522d696792482a3c988e4,2018-07-15 01:00:00,23.56,33.18
371d1ce48998442685ca98df8316da16,1,ae27d4321dc1e7eb711c767385351a69,d4d607350e2f8958de431e06e9247069,2018-05-29 09:00:00,219.93,8.38
7099b85ab408ec621c9f15fd1fc174fe,1,df4e713ef64e3dfcbfbeac7aefc59738,83d5bceb5edbb8eec2baf0e02179e3f0,2018-07-17 14:00:00,58.75,23.63
dfe24b995f478acf19ddf1e9d8e04009,1,3d44cb2cea45ba416589ada1345af934,64ab851bf1fac6e7170d750705eee1d4,2017-03-04 15:00:00,74.95,12.11
084873e765c87c8ca5d955ce9526be4f,1,c82f78fd936cd31cf7bf52447db2a7aa,5da39a73ba3df7ff43b47ee5e1e89e7e,2017-06-29 08:00:00,70.02,42.72
5954369a164dd2dd9ea49978bef9b1f6,1,548e1f6b69ce1e4e19a692c90d700ea4,b788f5d1ffe575f665edcfe34f2dad3f,2017-03-21 01:00:00,61.91,22.79
d81bd31a6d50111d9d0338d56f66b39d,1,774c0afa7f4d908ce1fff6c08347f1da,5716dc2e343ada2a76e5ae787bf7e1d3,2017-09-28 14:00:00,118.98,43.08
27464d3e993c1e2b356af924f02f955c,1,51facefad6f89f7ac2fa1da878308631,7781321e83c501cbfef7d9ea7f8e5483,2018-06-22 16:00:00,171.77,23.88
d177f2833e6e9a4aa8a81da326c21d2a,1,1cb9b73a906d5c8cead08c8913fe8a29,7740d8317331874912fc7a87a4704d48,2017-08-07 19:00:00,82.49,35.63
fe28ba06ec739e22e952fcca363bab4a,1,a137f8e467b13040cc39b9253b5ae288,35f789bca6b0745843c07d4393a74792,2017-06-30 12:00:00,72.62,33.23
5a2b65ab3f4aed385f934b0fe7df694b,1,a689b4247a3a10e179c773a0e0decc3d,dc8a49225005680f24c778a59b4e164b,2017-09-18 21:00:00,154.78,36.54
5a2b65ab3f4aed385f934b0fe7df694b,2,cc351e4f703e957f35ab8466b5578b00,932cae01d2c65ee468d0a2a8c4e7f7dd,2017-09-18 21:00:00,46.49,24.51
5a2b65ab3f4aed385f934b0fe7df694b,3,389589399342a09fb00ac64c949cd8d4,80bbae526ec0126921084dd9f75d1e3c,2017-09-18 21:00:00,136.39,14.13
ddd8ceb6a4d3d2e348eb6222a47f7b5b,1,7a3a6e9623ff23d3fb4fb88a2f4dd219,c48d56502e9522d696792482a3c988e4,2017-10-18 20:00:00,81.31,26.96
58e0320d7a10930747b58bb58a9faf2f,1,cb80f288446f64dd5abca6e5d0b1e3eb,e3954cb17f7f6c0a07c0d116a394ed54,2018-03-29 07:00:00,51.7,10.88
471b20383b60446ec13a179989a0685e,1,a175a9c3d7b102a92332a50e6992896e,8fd33afc91fdfa4f0d18ab95668c8477,2018-07-07 02:00:00,92.51,24.63
a8cd021a31f7ee6b4cfe40eb06ba1d8b,1,c2e79a985c238d8d71da35b94eea9db8,7740d8317331874912fc7a87a4704d48,2017-04-19 12:00:00,49.43,43.76
83b0f80e8064b287980e5bf7011ab1b2,1,cb80f288446f64dd5abca6e5d0b1e3eb,dd39d7936257a4a2f204be894a4b5563,2017-01-24 04:00:00,127.84,15.23
d66806685c722c55d80c6d2a22dd7bf3,1,649f7d888989c5abfe2b34d82db0728d,35f789bca6b0745843c07d4393a74792,2017-06-29 09:00:00,264.17,42.35
829578938199ac210374f34d61981181,1,9d6b9b626b535a19a902b73fcf39f648,20da897258321ee48471b4b0ae1b9f69,2017-02-26 05:00:00,78.59,21.25
8035c0b2ebcbe691d533f5ff4bb2c536,1,a84554c3a3f66c612fb70dab2f383b43,35f789bca6b0745843c07d4393a74792,2018-01-23 01:00:00,347.91,13.4
cf384f192f234b70dc4265f4a83bffb7,1,cc351e4f703e957f35ab8466b5578b00,b788f5d1ffe575f665edcfe34f2dad3f,2017-03-22 04:00:00,89.98,40.17
56a1f8e2f5298b8302d13793440553b4,1,cd4f8b2b899ac252c1e1b94a78883058,0cf477ef18c8a61624108e9a3f779cae,2017-05-01 22:00:00,104.93,17.16
56a1f8e2f5298b8302d13793440553b4,2,a42d0cd7fd359f6a7450388748d90846,0a8bb5b490494583ec86a890d7b00bdc,2017-05-01 22:00:00,136.16,28.05
55f725e394a60409abe1c69153430b1e,1,ea18d32c7a9a8ef5c11bd1c4ffe3f366,2138afe08d38bbd8fba6abf7cdbcc653,2017-05-01 01:00:00,52.81,37.19
d2b25bdd918d014feb70eef4f71fa95a,1,b7f60cdf41dc1c60a5f60735757b6b29,9e3c5a886aa56e6d92779574c4576cc3,2017-09-03 07:00:00,73.88,39.77
11c8deebe0e10ce69bb8fd430bf387a2,1,1139fa1234c1c3ea3d9c4e6404015ced,932cae01d2c65ee468d0a2a8c4e7f7dd,2017-02-03 09:00:00,118.28,14.96
841184fe0544b1994730d9c36e3e1c9e,1,e9aa144b9dd43675ef145064aab07015,66124ab4f9b21e6e586a346adc5be7d1,2018-08-06 06:00:00,61.01,37.77
550f538bb7810da3bba0e2c0629d83a7,1,6e3cdd4f55b145e470b27304545cd88d,3de2885951b1943c1b2ededb8fc85fc0,2018-06-25 05:00:00,77.37,12.6
2c3cc29ab7e658dbf6fe60443fe47f0d,1,01bb819c4dfe111722af711f1b628a9d,c561b8dca4364fcdf2d3f7610ba36279,2018-06-27 19:00:00,89.07,35.3
56af145a2f0214e217ababa27f3871f4,1,a137f8e467b13040cc39b9253b5ae288,ac2a4f71a77d95f1d7c4fe9ce1e0fffc,2017-12-26 06:00:00,44.76,10.36
56af145a2f0214e217ababa27f3871f4,2,ae62990c19bd4f9378ef7666b7a4c719,94a53fdef10d27c89780c2152b2bb8e9,2017-12-26 06:00:00,99.21,33.63
56af145a2f0214e217ababa27f3871f4,3,76492e64f55dce6d6d268b378f5242d3,35f789bca6b0745843c07d4393a74792,2017-12-26 06:00:00,34.49,19.52
d8cb294326d8a1f9b39a15fa5b4bc036,1,f80b2cea658e54a29879cf35f4719986,0b95017c5dae1201673ba8bdc38c1dec,2018-04-16 21:00:00,40.49,26.27
d8cb294326d8a1f9b39a15fa5b4bc036,2,c8d0f9e5991965ea98d00c2c17d30f32,5716dc2e343ada2a76e5ae787bf7e1d3,2018-04-16 21:00:00,20.96,37.44
d8cb294326d8a1f9b39a15fa5b4bc036,3,6147adeb277b06674499d0a615007170,28caaa1dc35bec2c3098f7b2500e15c0,2018-04-16 21:00:00,46.03,9.58
dbf1f1542c63f89b728b3598f54b3571,1,905c7bdd74f0beae6a5943ce836435e3,0c74dc0f5a57553995560a2d3713b466,2018-03-11 10:00:00,32.17,37.38
dbf1f1542c63f89b728b3598f54b3571,2,57d337d34fd80bbb592c11072444d301,20da897258321ee48471b4b0ae1b9f69,2018-03-11 10:00:00,48.32,8.2
c5621922ec916ea98b6729d0180944b4,1,614c721da921cb4c95fbe976ae007b7e,80bbae526ec0126921084dd9f75d1e3c,2018-04-29 10:00:00,41.65,19.98
40dfa59a6a3aab9e9640cefcef3ffdd6,1,ec50ace480a52e65afa2855967c96204,67f5ae02af5b8f47ceae71cfce000af0,2017-04-29 03:00:00,134.37,25.26
31ed8dfab1413ca7e335d23ff670dc24,1,8de1596c5a9a206a16f142a206b919aa,28caaa1dc35bec2c3098f7b2500e15c0,2017-04-15 01:00:00,159.92,40.66
6170c8b4573db45b71c1ce8af7d7b1d9,1,44d7df9a238b05b72b64777c6177a771,932cae01d2c65ee468d0a2a8c4e7f7dd,2018-05-10 17:00:00,52.12,16.55
10c09a2ceaf7a95328ebfc4bbe631d51,1,6147adeb277b06674499d0a615007170,3da06476f778c676750d112e8164ceec,2017-03-31 05:00:00,299.93,34.84
d21a93dc0c4d0bfc092e9b1b6471c2c0,1,5c0b9b10a757cb1042f525b902ed73ce,2138afe08d38bbd8fba6abf7cdbcc653,2017-04-29 20:00:00,40.54,34.27
8b5d5aaf8b363edd875fbe9c44926202,1,220b9ea98a0f9508dfe2c0a0a96b3c42,5716dc2e343ada2a76e5ae787bf7e1d3,2017-06-24 10:00:00,60.24,29.16
ae4267728b4c3504772a6d4bce6fd84d,1,b8f0188efb37afaecd8563ca193e638d,e3954cb17f7f6c0a07c0d116a394ed54,2018-02-22 18:00:00,144.31,37.54
17d22c6a961ff37bbe31307b9ee240d1,1,0328c136629ef3d8dd1ca267530ddda6,14cb056407437c3bdd20c3bfd342af08,2017-07-02 15:00:00,35.05,27.8
1c9e05b4c73d4922923382abb971d7c1,1,7eece88da002352ab88cddde3f2086c2,5716dc2e343ada2a76e5ae787bf7e1d3,2018-01-12 17:00:00,138.77,42.92
287fe1abeec09c1a8c8b992830b7b750,1,cb881c32cbb02a8bd908a121d1a7ba20,9d4b2bf94d85e9c7a0017720200b2903,2017-04-06 18:00:00,171.49,24.37
a2752d76faf3c9c0c501bed265310d5b,1,40afbf3f3df519674d8670bda2224f96,98f6fd7f7eb162f14806f8040cf0374c,2017-06-07 23:00:00,137.88,16.51
524a430b42f8da638b49b87c3e7e2098,1,0b7059334cde1b6b1132567c51a40d2a,5128b9b1f8ede0ca20156a7212e153a6,2017-03-14 19:00:00,236.42,26.6
e0813a074f0ac825ec380f2df45a38b4,1,57d337d34fd80bbb592c11072444d301,c48d56502e9522d696792482a3c988e4,2017-07-13 19:00:00,139.37,28.26
1d816760bb10a38d04aa3398975a7a37,1,e8b3d763f4ff3f3a4d9dbaeb553d2625,0a8bb5b490494583ec86a890d7b00bdc,2017-07-12 17:00:00,21.96,15.35
c12fea40f4922364f3d5c6e4549a7bed,1,a175a9c3d7b102a92332a50e6992896e,77a7e8b75e70f65f9280c5aa8dd4595b,2017-03-19 00:00:00,81.84,38.57
d38bf2ffba948e81cb16dde92658082c,1,27b608dc589decb075eb89c23f5cf2f3,b048faa112ae5c22741b77f54c24a053,2018-08-21 11:00:00,28.6,40.83
e566982523a94f8bb498586e42bd3935,1,c777a07f6346d4ef69ef74e34ab6821c,a45409374a27ebf28baaf744a08dd21b,2017-01-23 11:00:00,60.09,16.39
1ad0df114eedab880b468e77a20b2d63,1,bcc57be00779250a6544e3136ea05d13,7781321e83c501cbfef7d9ea7f8e5483,2017-11-02 08:00:00,235.22,26.05
7a49c5a7b2e28ddf4ee317b40387da88,1,5e175b664b87959ff0cd7f05ea87855e,9d4b2bf94d85e9c7a0017720200b2903,2017-03-09 10:00:00,173.47,36.66
bc27faeb687ac02deaea27be47a92445,1,98874bfec1369c65ae2ae3413f59e4f2,5128b9b1f8ede0ca20156a7212e153a6,2017-04-21 03:00:00,59.18,10.52
531c10d22c5c99d2343aa67ebd577957,1,3d44cb2cea45ba416589ada1345af934,dc8a49225005680f24c778a59b4e164b,2017-11-20 16:00:00,81.26,12.34
cfa9c86edead0e249689e6b0fe798e32,1,bf337a151e086f20bdd151b0f64ab6ec,ac2a4f71a77d95f1d7c4fe9ce1e0fffc,2017-11-20 01:00:00,13.53,27.94
adcf4c664f414a69ad4612cc2dafcf5e,1,720b274b82a7f586e61d9cde1747f387,0b95017c5dae1201673ba8bdc38c1dec,2018-03-01 03:00:00,106.56,24.15
3b075a6359b42c1146d1fc5cbb9e8e6f,1,cb881c32cbb02a8bd908a121d1a7ba20,10d4de39161237c9e25df9a89ca8a5c4,2017-09-05 17:00:00,114.89,33.92
75322170f993de57cec0b7ce4b171efd,1,548e1f6b69ce1e4e19a692c90d700ea4,98f6fd7f7eb162f14806f8040cf0374c,2017-11-03 11:00:00,71.32,22.83
239040408d6173f2cad203fbbb124fc7,1,ae62990c19bd4f9378ef7666b7a4c719,4ddb1b36272c058884a2576c1fc905f8,2018-05-03 06:00:00,25.27,11.83
36daf56584083d9d0ed2923dd9834420,1,220b9ea98a0f9508dfe2c0a0a96b3c42,4ddb1b36272c058884a2576c1fc905f8,2017-10-03 22:00:00,87.72,44.66
ea71fc0eefcaa9d2258e95243261f27c,1,3e245fbffa698cd2fe2390f3e7bbaefc,20da897258321ee48471b4b0ae1b9f69,2018-06-08 05:00:00,52.91,19.17
a5d30b9c5d5fa7d3ce4acefcdc13ae19,1,73253aa3ec170298143df5b3a58e83dd,35f789bca6b0745843c07d4393a74792,2017-07-29 07:00:00,28.11,24.82
96febf1df8624c2bc40fae827fb27891,1,4b91b8cb6ae66582b852b3cd9442b5e6,dd39d7936257a4a2f204be894a4b5563,2017-08-27 15:00:00,105.26,29.98
431e5ca628eef57928848e975a699dab,1,bb2aa1462999394c54a7b69b1cd66b09,7740d8317331874912fc7a87a4704d48,2018-07-13 01:00:00,354.65,42.87
0ade6c31fcdd7b08904ba1718212520f,1,0426fcc9255b30e2bdc2b74b38a56b49,7781321e83c501cbfef7d9ea7f8e5483,2017-09-26 13:00:00,75.74,37.97
0e05985231b1cf87a0193b479df58c2d,1,76492e64f55dce6d6d268b378f5242d3,566e3cbe9aea622fe6e987cab87b6384,2017-11-23 04:00:00,66.43,13.59
7b214449d563bf66dff027bb2217ac2e,1,bcc57be00779250a6544e3136ea05d13,5128b9b1f8ede0ca20156a7212e153a6,2017-08-27 23:00:00,308.4,22.66
b2d21a7e613c07eca627025177babb3b,1,409e7a8086c5d1d69ea9f50831227592,48b763d5e519dd7e84d67c4ff0df1684,2018-08-14 01:00:00,32.99,9.56
bb52a663a401bc47294f08cc2197f7b7,1,0f6ce9bffe7ee3628a89b0f0105291d3,f28e41225894f7f139b86bb2b596ca7c,2018-06-04 14:00:00,129.69,36.81
824923f6926392a1a74b03a81c0eb646,1,0328c136629ef3d8dd1ca267530ddda6,46426c458d03f17af4d375c1a29319fa,2018-08-22 03:00:00,42.95,31.62
203637679d3f625728858b9cc9e40ef4,1,ff69723d584fc85b2697384d801e8690,0b95017c5dae1201673ba8bdc38c1dec,2018-03-19 22:00:00,9.48,8.07
bebf7630adc9f7217c1338388a3d0f6c,1,b1fead13f280df1d9a6c0db952171c88,0217ea0e896490ab4926ce5f78786140,2017-07-30 20:00:00,24.48,13.55
ec14897375afbb89afa075e7ba992325,1,dabf984e53ff84612a1f1b61265cb9d9,0217ea0e896490ab4926ce5f78786140,2017-10-28 23:00:00,54.43,35.59
99a0afd80771e287905020dc7e6653b5,1,18fdd2b979e5c9aa592a35497ba109d0,7740d8317331874912fc7a87a4704d48,2017-02-02 09:00:00,10.79,43.67
99a0afd80771e287905020dc7e6653b5,2,d9750f00d5aba8ae9112fbc03d8f95f4,c48d56502e9522d696792482a3c988e4,2017-02-02 09:00:00,51.72,9.24
196c6dc8e503d716b953544e072f1955,1,5c9deee0b42a045687365a84725e134d,8d2238e6c7bf4fbcd43cdd6de0c1ff1e,2018-07-11 16:00:00,80.82,13.8
368efa54149332a459ae3fb779bf3ba7,1,1bff3142a5e15b5557d3f4ddd963dc72,83d5bceb5edbb8eec2baf0e02179e3f0,2017-02-27 16:00:00,19.08,22.09
673466fdefa60f335f8ab0e30a098467,1,15fa9483f633cc2deba900e16a7d5d96,9e3c5a886aa56e6d92779574c4576cc3,2018-06-14 10:00:00,23.22,39.99
f571f2d32f453a76c3ea0a5ee2d9fa59,1,bcc57be00779250a6544e3136ea05d13,a417c09380a8a23d17eaec838892042f,2017-09-16 09:00:00,92.6,8.49
f571f2d32f453a76c3ea0a5ee2d9fa59,2,6e3cdd4f55b145e470b27304545cd88d,9e3c5a886aa56e6d92779574c4576cc3,2017-09-16 09:00:00,80.96,36.92
b1cce1619bdfc44703557f4f4c86fe01,1,aca58d95915a1c304b86b5a1ca6fbff8,46426c458d03f17af4d375c1a29319fa,2017-07-09 13:00:00,53.38,16.05
2dfa753b9214faf8457326fda3a2f7f5,1,bb2aa1462999394c54a7b69b1cd66b09,932cae01d2c65ee468d0a2a8c4e7f7dd,2018-06-23 01:00:00,134.91,21.19
b2b05ccbabaa49db56581d143a968d50,1,186b2880ab545a15669d01ff1634725b,7781321e83c501cbfef7d9ea7f8e5483,2017-01-13 08:00:00,42.95,42.2
fe8994f27a1400a5aaaa76a899e00029,1,6c521d13b719bb682775ee42a89e22f2,5716dc2e343ada2a76e5ae787bf7e1d3,2018-06-04 02:00:00,63.95,29.25
cb7b03e9a341fa77c517fa95855ac022,1,39b02e2ad96e684f3db0174e7938878a,8fd33afc91fdfa4f0d18ab95668c8477,2018-05-10 07:00:00,147.4,42.93
14ce462789ab086a908269549fbcb2b1,1,277eb0aaa247541dc8ad0899b630794d,b89bdf7f93e34c35ef0a573d53d2d56d,2018-01-30 16:00:00,49.54,38.21
a767df033a0b5b0d39915bfccd526e64,1,76876c624c61845efa7e5d9405d1fb63,28caaa1dc35bec2c3098f7b2500e15c0,2018-07-09 00:00:00,41.68,14.09
2af53bbae558904934899ff30503812f,1,0123a348638abdf66df72cd3979aa051,5da39a73ba3df7ff43b47ee5e1e89e7e,2017-06-10 05:00:00,75.67,17.5
f4e5fdb55c8ebe831dce690892eaef88,1,b076a7dcfd0ce433ca5e151b23d3cd4c,28caaa1dc35bec2c3098f7b2500e15c0,2017-03-09 08:00:00,39.24,25.17
050cf1e6657030ff4efa632d4b2ef2b1,1,fe54ee4b80ff517323dfecd70e731dd7,5128b9b1f8ede0ca20156a7212e153a6,2017-05-04 23:00:00,47.22,36.08
bb9a86d68fa6228d47bafd4261388aad,1,7249f62c08987462980cb95c19d45deb,7318b96d447906121f5d988f776abf09,2017-08-20 12:00:00,16.26,32.94
bb9a86d68fa6228d47bafd4261388aad,2,902f34650b5707209cd8758ba5a1c825,46426c458d03f17af4d375c1a29319fa,2017-08-20 12:00:00,25.11,9.19
e293663330fa62235252ead221127a4d,1,f090f5a0ce6101996e3a0ba8ac8d6c7d,64ab851bf1fac6e7170d750705eee1d4,2017-09-30 15:00:00,47.9,26.06
d65b17e03f344fe712a50d3f73b8f06a,1,a6aa59e5dc08bf29d2d33488d0c30018,9fddde2ea8a2b7ad2bd3cdcd27794685,2018-06-03 06:00:00,25.05,25.95
d65b17e03f344fe712a50d3f73b8f06a,2,b93b17fbf76d15fd7d1645a0d253d966,80bbae526ec0126921084dd9f75d1e3c,2018-06-03 06:00:00,31.72,23.97
36fde0807f74e8d361fc0cdcdcb3be81,1,f7eae66eca6caf9b096971018b2c550a,7318b96d447906121f5d988f776abf09,2017-04-12 18:00:00,70.27,22.06
4e61125e0a31cbfa05f0b34b7bae0ac4,1,4ba172331ac3bf317b96e2d10649bcf6,c48d56502e9522d696792482a3c988e4,2018-01-11 18:00:00,48.64,20.69
e5379fd0230f7d44bd78da81ae1e68e4,1,0406ff447ce40679a8c6dbc07bb3447b,28caaa1dc35bec2c3098f7b2500e15c0,2018-06-28 06:00:00,51.16,30.28
0dabf86b8a1659e5957b3d060b10f84a,1,a205e54fb1e8c09dbc20b9f24a9c589e,22498f666e51484d1b84edc3d8e049de,2017-10-07 00:00:00,98.09,27.57
f809bd434fccbfcd4b12c617e2d79fd9,1,0328c136629ef3d8dd1ca267530ddda6,9d4b2bf94d85e9c7a0017720200b2903,2017-12-14 16:00:00,34.55,34.2
ea631029bb2de18e0591dcc5bf28d3e4,1,46707cd64ceda16469df14e9389641dd,0a8bb5b490494583ec86a890d7b00bdc,2018-07-19 11:00:00,95.08,34.31
894ba14bf9fab26f51fdeedf6f36a9c9,1,8567c80534f541c0c8c5eb2a7490adeb,dc8a49225005680f24c778a59b4e164b,2017-08-15 05:00:00,286.23,10.51
06098bc95030b8ec75c19ae3056666e3,1,3508507af622d84204022b3c508211a5,22498f666e51484d1b84edc3d8e049de,2018-02-24 19:00:00,89.7,27.28
a5ec89512b2e982367ecdf6fc221cac4,1,49646b96fa3c1628892621df465568b7,7781321e83c501cbfef7d9ea7f8e5483,2018-03-02 21:00:00,65.73,17.83
794deba8b275fc8cd0d4d137f0d27cb3,1,fe54ee4b80ff517323dfecd70e731dd7,0217ea0e896490ab4926ce5f78786140,2017-09-14 09:00:00,162.66,9.32
d0219bdfc557387335a3dd256525645e,1,f166cdcf762cdfbcba2aa7baf3f81c31,6a662fce7089fc6d2877f5d90f5675f8,2017-03-05 22:00:00,318.96,28.96
d2b5b9f2418352c2316e76d37fe7a5b4,1,cd4f8b2b899ac252c1e1b94a78883058,7318b96d447906121f5d988f776abf09,2018-03-31 11:00:00,141.43,40.75
9d9b038bc0f1b5d23be11bd0f15a47d0,1,f5948a545f804eeb143a9aff659b0105,0cf477ef18c8a61624108e9a3f779cae,2018-07-14 20:00:00,61.93,17.26
31237ee4973365d272df95ff2d455678,1,33261887905881dfee9bf3e11d27c09a,9d4b2bf94d85e9c7a0017720200b2903,2018-03-14 12:00:00,149.61,23.01
31237ee4973365d272df95ff2d455678,2,73d39457b25f13dfb8d49848702ba49f,d4d607350e2f8958de431e06e9247069,2018-03-14 12:00:00,90.61,38.87
b0372c9235f3e7dd566dc2093d0130b7,1,df495037b40a9181ac09bdb799086e47,c48d56502e9522d696792482a3c988e4,2017-10-06 19:00:00,104.93,32.05
026f167de30950f97a1028c3ed84c7a3,1,51facefad6f89f7ac2fa1da878308631,20da897258321ee48471b4b0ae1b9f69,2018-06-19 23:00:00,35.53,15.95
6725b98c32c193ff8b049bbf3d690065,1,9c6783932ced3c0d317304b5c1dd484a,66124ab4f9b21e6e586a346adc5be7d1,2017-05-12 21:00:00,46.81,19.26
df2738ac4fc5e0a694dfe71650b403ff,1,89b5aab0c12169db2f12b150605fb1eb,f28e41225894f7f139b86bb2b596ca7c,2018-02-07 08:00:00,57.87,23.49
eca09df2121683551d23144792e916a1,1,5c56d9bc5111d31d63be441dbd5a0c9e,a45409374a27ebf28baaf744a08dd21b,2017-01-10 08:00:00,72.77,44.16
5340b3b699c0ba3aaaad82a74d4e715f,1,af70de702b69c95e85671b58926bffa5,c561b8dca4364fcdf2d3f7610ba36279,2018-03-01 15:00:00,72.34,29.0
825e30d2346683adc68faf12bd02c8fb,1,eb053fc41b656dab2de46e91e8e6e840,3de2885951b1943c1b2ededb8fc85fc0,2018-05-16 05:00:00,35.87,15.89
751f880400d4daf42193657e330c6855,1,11b461e9b15da72dd4cee27c4a94ae9f,0cf477ef18c8a61624108e9a3f779cae,2018-06-22 15:00:00,79.66,35.86
4c9a62759543c8ae95f7c4b4c308cbdb,1,7a3a6e9623ff23d3fb4fb88a2f4dd219,9d4b2bf94d85e9c7a0017720200b2903,2017-03-27 16:00:00,27.13,14.24
07ab04ec75cf5b32a655f42737fa203c,1,4988e418f6c31218c1836315330f8be1,9d4b2bf94d85e9c7a0017720200b2903,2017-08-28 19:00:00,19.95,12.31
8311a3360d7653fe55bf103fa6ffaa62,1,af70de702b69c95e85671b58926bffa5,66124ab4f9b21e6e586a346adc5be7d1,2017-07-07 05:00:00,97.26,29.39
89a829aa142577ada9af3a059f7c8651,1,4ccb235539d1c7ffb27e1442fd7fe973,66124ab4f9b21e6e586a346adc5be7d1,2018-07-04 05:00:00,37.66,22.04
d82c39bce53696d81a4673ec78237588,1,9a4ffc0c9165f2ed4c636e95025f5543,dc8a49225005680f24c778a59b4e164b,2018-06-21 12:00:00,85.06,35.32
d82c39bce53696d81a4673ec78237588,2,a137f8e467b13040cc39b9253b5ae288,83d5bceb5edbb8eec2baf0e02179e3f0,2018-06-21 12:00:00,62.69,17.88
9e3c5f314e91c9f8231b392cbbba8321,1,f6eab3a00153922123310a28c550eca8,f28e41225894f7f139b86bb2b596ca7c,2018-04-14 00:00:00,83.31,21.99
145df5f473bdc17c37f5a6c9acadb6d9,1,0f6ce9bffe7ee3628a89b0f0105291d3,10d4de39161237c9e25df9a89ca8a5c4,2018-07-06 23:00:00,44.94,12.3
357774991d04f5c4c15e4aafaad4f643,1,76492e64f55dce6d6d268b378f5242d3,5716dc2e343ada2a76e5ae787bf7e1d3,2018-11-11 10:00:00,22.24,35.73
357774991d04f5c4c15e4aafaad4f643,2,97777f10f2d2393f8e85140d0f9aeb70,3eb051817ba245884d560a3df4e7069a,2018-11-11 10:00:00,41.0,28.82
98d8b69958d6fa81bc951432b5547345,1,e05277394d406f1b3ca5be2952171bf3,9e3c5a886aa56e6d92779574c4576cc3,2019-02-07 11:00:00,317.1,10.51
a37572589a17d8504bf49d13b4b60591,1,0f6ce9bffe7ee3628a89b0f0105291d3,7f53a88e4efc8248e10b1a477faeb748,2019-03-18 08:00:00,182.3,28.2
69ff1191ac584c167fbaf0b948aacd0a,1,1bf645f6232452114588fc1bb2384849,14cb056407437c3bdd20c3bfd342af08,2018-02-22 11:00:00,81.42,31.87
cb66839be81c4c161072d09b0aba474a,1,00c59f30d103142441241bb4655ce508,7318b96d447906121f5d988f776abf09,2018-06-26 15:00:00,71.22,34.91
cb66839be81c4c161072d09b0aba474a,2,0328c136629ef3d8dd1ca267530ddda6,b048faa112ae5c22741b77f54c24a053,2018-06-26 15:00:00,230.03,44.87
7ef5383dceb0559517946e7f4cd27f56,1,a42d0cd7fd359f6a7450388748d90846,66124ab4f9b21e6e586a346adc5be7d1,2018-05-17 02:00:00,15.83,15.02
4d020ff2d9a1cf95fbabb543270c3c3d,1,3ee82983d557424191ddb9bf613d2de9,46426c458d03f17af4d375c1a29319fa,2017-11-17 03:00:00,60.27,39.06
2b8e69634d27b06905146e32de67ed32,1,fc737d9211ab3d11e4eb8000ef40d162,9fddde2ea8a2b7ad2bd3cdcd27794685,2017-07-15 09:00:00,55.94,9.08
f10f41406aa2fcc7e8d00c769bdfd91d,1,b2a6e468d02b124380913ac10463750e,0cf477ef18c8a61624108e9a3f779cae,2018-06-06 03:00:00,75.42,29.71
df668c9985af9ca3bf9546dcdf2c3adf,1,97777f10f2d2393f8e85140d0f9aeb70,a45409374a27ebf28baaf744a08dd21b,2017-12-08 07:00:00,353.39,10.73
d0f88c1edfec2d7edbbf300bf053526e,1,5a2837b2cb8383f2bb96f6022b115c36,fcef1972bbf483ce51beb80eb7e6a14c,2018-01-19 20:00:00,49.76,18.35
e681b071378ca8bb041d45f5d10fe0a5,1,16591c8921ebfaa91a2bd69c450f69ee,20da897258321ee48471b4b0ae1b9f69,2017-08-31 03:00:00,75.83,20.7
34662d81df2a93e09d6a85c6d5ac4492,1,8fe069b6eedaa8024568f42689e03e22,3de2885951b1943c1b2ededb8fc85fc0,2017-09-04 18:00:00,329.66,40.98
19730453981bc548f02bb279e0e225fd,1,5c11ab6d42f5b3f54ef4c34d5bf86f3c,2138afe08d38bbd8fba6abf7cdbcc653,2017-12-02 05:00:00,37.72,42.37
4f1a9d593dd92173ce1de4b870f80cbe,1,01bb819c4dfe111722af711f1b628a9d,0217ea0e896490ab4926ce5f78786140,2018-03-02 01:00:00,14.88,39.44
cbbcd7ff199cdb5960294fe48bdb348f,1,768b4f7e64215e665fc64cd0721e8b1f,932cae01d2c65ee468d0a2a8c4e7f7dd,2018-04-30 23:00:00,90.05,34.22
b40ae22efb91beaa7cff0d7da52328ff,1,1a7167c768759545832f52c48e0370cf,9d4b2bf94d85e9c7a0017720200b2903,2018-10-12 10:00:00,166.47,13.92
be65cf3dd0313c13d6e087afc96209ef,1,bf51936241a64feda7edc8d8713f8f8c,64ab851bf1fac6e7170d750705eee1d4,2017-07-14 10:00:00,206.39,32.05
e81227327e12ff9bac4bb92f3d321357,1,dcb9075ecdd7f460614077d39ec4ea48,6a662fce7089fc6d2877f5d90f5675f8,2018-02-06 19:00:00,26.56,44.05
3aacac45e53b499425d7b12783c88104,1,a689b4247a3a10e179c773a0e0decc3d,3eb051817ba245884d560a3df4e7069a,2018-05-12 02:00:00,86.98,27.07
0d756bea2d5ddcda71a3cb338b01b0c2,1,0592bfa5b928e23f4ee4334ece920136,a45409374a27ebf28baaf744a08dd21b,2017-08-11 01:00:00,71.02,17.68
894e1f0bb884c6c94786dd5fa5d015d7,1,b42a2d939aba0f15b21490623e1a963e,5da39a73ba3df7ff43b47ee5e1e89e7e,2017-05-05 10:00:00,41.5,31.52
184dab1468bb59d3f836c96448f74721,1,8a624cbde582b678ad5229dd639fc471,d4d607350e2f8958de431e06e9247069,2017-02-13 00:00:00,50.65,38.41
304182fde201ed0cfcd248f8edeb0253,1,ec6a37ad81b15db988cc4d49669b29b8,7781321e83c501cbfef7d9ea7f8e5483,2018-08-06 17:00:00,35.47,29.96
b08b5c22d4eafd19799cf2483a175c81,1,e3a68a707e710b558639bd418b15bd94,66124ab4f9b21e6e586a346adc5be7d1,2017-01-23 04:00:00,63.22,10.22
7d9177d264b9e4126553c2b83338ec24,1,8570b59fa903ae67fc568b5324acb722,7781321e83c501cbfef7d9ea7f8e5483,2017-10-17 19:00:00,140.85,36.88
cd8074b7b47827ed264930134a82a7ea,1,b7f60cdf41dc1c60a5f60735757b6b29,fcef1972bbf483ce51beb80eb7e6a14c,2018-02-07 18:00:00,103.87,15.72
39bf468b577529ae47b2d92ec49e2d01,1,a6129a1c889d4b76775c30b561730c48,f28e41225894f7f139b86bb2b596ca7c,2017-10-04 05:00:00,32.23,37.31
6b32497bdd1ed4085d6fc14aa095e132,1,a137f8e467b13040cc39b9253b5ae288,b048faa112ae5c22741b77f54c24a053,2018-05-02 21:00:00,284.08,13.25
9ddb99b072c704154b4e170e9ec68909,1,22ab7752c4db5a622e13418d68ab80ea,0b95017c5dae1201673ba8bdc38c1dec,2018-06-26 00:00:00,103.39,23.23
20ca37b95f4527d6dd14d35e3af4e2dc,1,cb881c32cbb02a8bd908a121d1a7ba20,dc8a49225005680f24c778a59b4e164b,2018-04-11 01:00:00,38.16,26.88
eab0a8261fa5c02566e8dfefae36a967,1,05c8234b1d763a66b5f59cb0cf685878,2138afe08d38bbd8fba6abf7cdbcc653,2018-08-23 08:00:00,241.76,8.14
d079bf467f74594bf9384b4c5ad87125,1,5c9deee0b42a045687365a84725e134d,80bbae526ec0126921084dd9f75d1e3c,2018-02-17 19:00:00,113.25,31.04
d0005fd0b8ffce23069cf9fe74fefd13,1,2f8c83e56e8d9644601bfbcbf0eebcce,e3954cb17f7f6c0a07c0d116a394ed54,2017-03-03 06:00:00,279.27,29.73
f10257a56212c80266d7553978495f53,1,2cd58759e95d2761bc36dc59e134edfc,67f5ae02af5b8f47ceae71cfce000af0,2017-02-01 03:00:00,116.16,36.6
f10257a56212c80266d7553978495f53,2,00c59f30d103142441241bb4655ce508,2138afe08d38bbd8fba6abf7cdbcc653,2017-02-01 03:00:00,40.11,19.82
55531aed6718ea95c97bed8e91b665cc,1,6147adeb277b06674499d0a615007170,9d4b2bf94d85e9c7a0017720200b2903,2018-08-17 13:00:00,30.77,28.74
b14438034968db32196da162e6399b35,1,4b91b8cb6ae66582b852b3cd9442b5e6,9e3c5a886aa56e6d92779574c4576cc3,2017-03-06 23:00:00,73.76,27.56
40fff2f66c16354ca8da04a7393bfd5f,1,7eece88da002352ab88cddde3f2086c2,64ab851bf1fac6e7170d750705eee1d4,2018-08-17 20:00:00,45.88,31.84
e6ee06e4be7364429180de3b3ad9d536,1,4b9dfd589e5d9c7ac5acc35415f00cb4,b89bdf7f93e34c35ef0a573d53d2d56d,2017-07-09 18:00:00,21.95,41.33
39238eddf050480430a222acb1b34e8c,1,5d71a89864976593c92e8c93d105c8d6,ef4afa885299e5052976aab22a26f770,2018-01-15 08:00:00,65.45,25.34
b2120875cf702de579448aadfb306592,1,bab2b77dfa740cc8a43afb7ac40d4874,3eb051817ba245884d560a3df4e7069a,2018-08-23 17:00:00,76.63,39.67
c0f0ef36a40c3bb9f26d37eb8d2d4e03,1,4988e418f6c31218c1836315330f8be1,48b763d5e519dd7e84d67c4ff0df1684,2017-04-21 14:00:00,34.77,40.5
9d62abe11de8e57ed38622885e80bf26,1,6afa828c2cd10b9febe5841fe9c96c52,7318b96d447906121f5d988f776abf09,2017-07-15 05:00:00,92.33,22.04
d6e9cc7c9b2cc6b26881bd60ef3737ef,1,cd4f8b2b899ac252c1e1b94a78883058,94a53fdef10d27c89780c2152b2bb8e9,2017-05-20 02:00:00,115.85,22.72
a06c69065312a340ab9c0a80a13cc87e,1,b2a6e468d02b124380913ac10463750e,66124ab4f9b21e6e586a346adc5be7d1,2017-01-14 22:00:00,73.88,28.01
c9d39a2725644d8a09ed377f65467cfd,1,902f34650b5707209cd8758ba5a1c825,dc8a49225005680f24c778a59b4e164b,2018-07-14 09:00:00,97.92,44.11
72e5ac507706090de80a3e28cc2ac789,1,af70de702b69c95e85671b58926bffa5,fcef1972bbf483ce51beb80eb7e6a14c,2018-08-22 11:00:00,30.08,13.34
20f1bdcc18e12cbf231b22372d6584ec,1,9c6783932ced3c0d317304b5c1dd484a,0a8bb5b490494583ec86a890d7b00bdc,2017-11-09 05:00:00,236.53,8.68
30b76ffe7265275d02aa254f64cd54a9,1,ae62990c19bd4f9378ef7666b7a4c719,5128b9b1f8ede0ca20156a7212e153a6,2017-04-10 03:00:00,103.78,18.5
87657d1028d29c08e987a8de153a2a30,1,cb881c32cbb02a8bd908a121d1a7ba20,7f53a88e4efc8248e10b1a477faeb748,2017-03-28 22:00:00,51.71,37.94
61623bef4de7bb27c194c25a1136c096,1,5c0b9b10a757cb1042f525b902ed73ce,9d4b2bf94d85e9c7a0017720200b2903,2018-06-27 07:00:00,158.01,36.88
26050196f2fbdac136850ced7d99b3ec,1,bd5ff093c16f9bcc6243bed754ec3f33,6929de738693fd9d7a89cbebb807d78a,2017-11-13 03:00:00,49.25,43.08
db2359ece80d2012155e0dc961e21b85,1,eb053fc41b656dab2de46e91e8e6e840,5716dc2e343ada2a76e5ae787bf7e1d3,2018-02-27 18:00:00,220.75,10.61
120161c06c228aba27ac4fb7600d828d,1,1bf645f6232452114588fc1bb2384849,0b95017c5dae1201673ba8bdc38c1dec,2017-10-26 05:00:00,67.79,22.32
becc8b1bc598006a4e1cea922f78c321,1,2f8c83e56e8d9644601bfbcbf0eebcce,7f53a88e4efc8248e10b1a477faeb748,2018-05-22 23:00:00,28.12,26.19
d75c6c2dd4c4a4abfd99ddd8a8a1f9cc,1,aaf407f70fe761493c7e5368b1594847,b89bdf7f93e34c35ef0a573d53d2d56d,2018-04-09 13:00:00,32.57,22.86
ea7ff80858f02579631e2e41f09c31bc,1,23a13e207fd255eeac48436668bd80d7,2138afe08d38bbd8fba6abf7cdbcc653,2018-01-28 11:00:00,57.24,37.29
202112a8615abe5f316f40433d49362e,1,905f9096299656e24c9d690713b22cec,f67294643f8ea40a6b0ae0e39d896047,2018-03-02 05:00:00,187.21,20.25
5aa1031d8d23398cb538dc0138141d7e,1,f6eab3a00153922123310a28c550eca8,b89bdf7f93e34c35ef0a573d53d2d56d,2018-08-16 16:00:00,47.17,11.24
fe9500ab563df88815d1208980ffaee8,1,d61169a1ff46a6bf094d916deb6d2fed,c48d56502e9522d696792482a3c988e4,2018-11-08 21:00:00,45.48,22.89
fdbcb7e25da7b09febeab9d7e798054f,1,8e4c3ab56d5d0477adc29178a0411612,ef4afa885299e5052976aab22a26f770,2018-05-15 17:00:00,105.04,16.93
6f2aa5c5654e83f6cd22d7b95756df54,1,e6b9d31a361f6d903ad1fa330ae4ac11,9e3c5a886aa56e6d92779574c4576cc3,2018-04-23 19:00:00,91.29,32.86
26413a68074abc71b82b68128a8d7ecc,1,cbc72f1acf08ea54b4299924c0986750,9d4b2bf94d85e9c7a0017720200b2903,2018-04-30 22:00:00,191.15,37.23
aaf7921f05c5e5808eb4faa3b04844e9,1,46a56fe86f46f1b12ace1aa9103246b3,d4d607350e2f8958de431e06e9247069,2018-08-03 01:00:00,54.18,35.25
aaf7921f05c5e5808eb4faa3b04844e9,2,255bfc1c7e3d5ee444b64ec14d16f049,dc8a49225005680f24c778a59b4e164b,2018-08-03 01:00:00,79.66,31.43
9e96f644c6db1d77a1b72d0ab6123aeb,1,735741e5fe1a1ba9c8969c5b45f8c28d,46426c458d03f17af4d375c1a29319fa,2018-02-22 01:00:00,109.96,29.58
d25e434c37d8d41df35bb72a6b4eda44,1,e00da49deffa20023040413c4690fb15,35f789bca6b0745843c07d4393a74792,2017-12-20 11:00:00,30.37,37.15
4df911df2ca04b5984405a46cbf27106,1,277eb0aaa247541dc8ad0899b630794d,e3954cb17f7f6c0a07c0d116a394ed54,2017-08-07 09:00:00,65.36,24.6
7ccad5d606fa386462f9b1f646931954,1,c6ac1b04dd1d6cd1c11f6bf5379ef467,b788f5d1ffe575f665edcfe34f2dad3f,2018-01-02 20:00:00,57.32,20.27
7a732407e7005cf09fbc535eadce74f6,1,0426fcc9255b30e2bdc2b74b38a56b49,8d2238e6c7bf4fbcd43cdd6de0c1ff1e,2017-01-20 21:00:00,87.82,15.8
78fc8716fe8ce2e28661cad06af27ff4,1,0ec0713dea2c7a517688d11fce4758be,10d4de39161237c9e25df9a89ca8a5c4,2018-06-01 00:00:00,26.67,12.02
685fbe1bcc6bf4db6c0318b53982f87f,1,76492e64f55dce6d6d268b378f5242d3,8fd33afc91fdfa4f0d18ab95668c8477,2018-01-04 22:00:00,398.61,21.45
b0c3bc629100b08e77ea26f0bd9bdcf0,1,edcabf9465f6ba53d226a8b3b674410d,932cae01d2c65ee468d0a2a8c4e7f7dd,2017-09-28 04:00:00,68.61,23.88
56f4fdf9645ebe9b1a339b77cd8d044e,1,53f3007383e96ef46d7df5d0d3b59af7,b89bdf7f93e34c35ef0a573d53d2d56d,2018-01-30 18:00:00,505.54,20.28
087993a1fc32c016c793b529210c497a,1,bd5ff093c16f9bcc6243bed754ec3f33,9fddde2ea8a2b7ad2bd3cdcd27794685,2017-03-30 12:00:00,49.1,28.34
2fcfaaefb6201155a0df18e19abcf128,1,cb80f288446f64dd5abca6e5d0b1e3eb,dc8a49225005680f24c778a59b4e164b,2018-08-09 19:00:00,27.81,11.17
1309d2ecce1b102a2d30e3ca38290fcb,1,902f34650b5707209cd8758ba5a1c825,3de2885951b1943c1b2ededb8fc85fc0,2017-12-28 08:00:00,111.75,14.47
5ba47d15fe02c8d5b0e25e74e4195bd1,1,9d6b9b626b535a19a902b73fcf39f648,64ab851bf1fac6e7170d750705eee1d4,2017-06-06 07:00:00,32.34,26.22
