order_id,customer_id,order_status,order_purchase_timestamp,order_approved_at,order_delivered_carrier_date,order_delivered_customer_date,order_estimated_delivery_date
5804550b6c0c32f90dfabe46dbd3e865,8f381c01d5ce0626d1b6075581d1d226,delivered,2017-02-28 07:00:00,2017-02-28 13:00:00,2017-03-02 13:00:00,2017-03-07 13:00:00,2017-03-22 07:00:00
348f9ce0603bc183bd75f95ccea95510,54de2c80d08d13dff3dcd264c4b27b21,delivered,2018-05-08 23:00:00,2018-05-08 23:00:00,2018-05-11 23:00:00,2018-05-14 23:00:00,2018-05-22 23:00:00
efa52c8a56a049431c687714e2901d96,c993f819a7a581e8610114f423226464,delivered,2017-01-22 21:00:00,2017-01-23 11:00:00,2017-01-25 11:00:00,2017-02-08 11:00:00,2017-02-14 21:00:00
868592d25fb68406b6658a3452630028,2dd2d8c076da387584d621487fa372cd,delivered,2018-06-06 11:00:00,2018-06-07 09:00:00,2018-06-11 09:00:00,2018-06-29 09:00:00,2018-06-26 11:00:00
6d150b06561c9af39f021a1983239ba9,771ad3fe0a8857a5957e8c663aeceaf8,delivered,2018-06-16 11:00:00,2018-06-17 00:00:00,2018-06-21 00:00:00,2018-07-05 00:00:00,2018-07-13 11:00:00
30cdf14946434f21d86f4bb4aefc6ef1,c4bb4aced0c8da67bec62bbe4d7ec4b1,delivered,2017-12-04 08:00:00,2017-12-04 12:00:00,2017-12-09 12:00:00,2017-12-20 12:00:00,2017-12-16 08:00:00
7ff2e80a027a76dcbce0caeff17fa5c0,4e39f65a20db4294dfae180393d797e7,delivered,2018-01-19 04:00:00,2018-01-19 15:00:00,2018-01-22 15:00:00,2018-02-01 15:00:00,2018-02-13 04:00:00
1ab444a72be26bd117deace84dfd3ecd,e50dede5a395b8677397d1a1f6419405,delivered,2017-12-03 18:00:00,2017-12-03 23:00:00,2017-12-04 23:00:00,2017-12-29 23:00:00,2017-12-30 18:00:00
798b2f02aa2fd9d1b5ad09f5d161a381,6ea4b4054f4c3f0b34a73f9dded5c017,delivered,2017-07-31 04:00:00,2017-07-31 22:00:00,2017-08-03 22:00:00,2017-08-24 22:00:00,2017-08-18 04:00:00
a8b97820e92c5b92627967a3753439c0,6e9c92babbb5e0379e23faf9e66414db,delivered,2017-09-13 05:00:00,2017-09-13 23:00:00,2017-09-14 23:00:00,2017-09-29 23:00:00,2017-09-26 05:00:00
bfeeb533acf59149b1c9d0dca38cc35f,12bcf09006d6fba776509bcd0b6d35d7,delivered,2017-08-01 16:00:00,2017-08-02 02:00:00,2017-08-06 02:00:00,2017-08-15 02:00:00,2017-08-25 16:00:00
ad68fb4502deb2e6c37a927babe05b22,13dca1542b1fc2ab640eb68ebdcf6fd4,delivered,2017-05-08 17:00:00,2017-05-09 07:00:00,2017-05-12 07:00:00,2017-05-20 07:00:00,2017-05-26 17:00:00
0b44676d2ac39be9b958d1532afa5f6a,aa03081bd4986a31d5dbcbeecc0338d3,delivered,2017-08-14 03:00:00,2017-08-14 06:00:00,2017-08-17 06:00:00,2017-08-30 06:00:00,2017-09-12 03:00:00
693da46c37f39aace2ad828b113c9f25,0b3f953a5e75788f9fb886b2a662cb92,delivered,2017-11-23 03:00:00,2017-11-23 22:00:00,2017-11-27 22:00:00,2017-12-03 22:00:00,2017-12-22 03:00:00
b462931f966456be80e022c83b803c61,bde78473a3fdd59c82d29bf861e3178b,canceled,2018-04-16 03:00:00,2018-04-16 10:00:00,,,2018-05-01 03:00:00
8a1055c534b0738e3e04078257bd0ca8,54ce20eabb9d92c0d8d0b8db3aa06694,delivered,2017-10-23 00:00:00,2017-10-23 21:00:00,2017-10-25 21:00:00,2017-11-18 21:00:00,2017-11-11 00:00:00
4d9802023fbc75e09b1911122d2ae08e,6c8c5d0e3eb366fd3291bc95b8bf9cae,delivered,2017-11-15 05:00:00,2017-11-15 19:00:00,2017-11-17 19:00:00,2017-11-28 19:00:00,2017-12-12 05:00:00
7dcfe9245fcf5c22b9b03c1abaf9706d,802ddcc4dc956e3103491b410111fa05,delivered,2017-06-08 06:00:00,2017-06-08 19:00:00,2017-06-12 19:00:00,2017-06-26 19:00:00,2017-07-02 06:00:00
073bca43ad2a3a7cb4e10c33a1861de1,5c85a58cd0290d6bebe55cc408d57cf7,delivered,2017-09-06 15:00:00,2017-09-07 11:00:00,2017-09-09 11:00:00,2017-09-20 11:00:00,2017-10-02 15:00:00
16c068e8de922cf1ba47680feca04629,e05bc7eac0a15dbc695f34ffbbe30fd2,delivered,2018-08-24 09:00:00,2018-08-25 03:00:00,2018-08-28 03:00:00,2018-09-04 03:00:00,2018-09-13 09:00:00
2a873e02a2ed50b9de4cf8bc1bf43b9f,9fda15ace9b87e7aa0786a1f70d3b5f7,delivered,2017-09-23 13:00:00,2017-09-23 15:00:00,2017-09-27 15:00:00,2017-10-03 15:00:00,2017-10-13 13:00:00
50b281c0ffdba2ee57d3ec63e3e103bb,ae8e60755eebc618562827686df0ac3c,delivered,2017-12-12 19:00:00,2017-12-13 06:00:00,2017-12-17 06:00:00,2018-01-01 06:00:00,2017-12-25 19:00:00
f521cf35a358c4d3fc76627b00cd11a8,301c8108a904babd69c2aa1783d1677a,shipped,2018-05-12 19:00:00,2018-05-13 05:00:00,2018-05-14 05:00:00,,2018-06-04 19:00:00
ac4dcd33d51528af4d25298f164b85f0,cbfc721c7f78042820bb859a08207d4e,processing,2018-10-18 19:00:00,2018-10-19 09:00:00,,,2018-11-02 19:00:00
394b5d35df377ff855327432b118cad6,cba88a28172730d87df102c2b9b4c225,shipped,2018-07-02 20:00:00,2018-07-03 20:00:00,2018-07-08 20:00:00,,2018-07-24 20:00:00
93b0d27e61547769f43dd74050392a8c,da73dae0209e6e485e24038e92a593c8,delivered,2018-08-30 20:00:00,2018-08-31 05:00:00,2018-09-01 05:00:00,2018-09-22 05:00:00,2018-09-28 20:00:00
bf3f51d52557c82c488c6ea499f9a338,25bdab1474ae4b96ae133adc7ff5088e,delivered,2018-11-24 20:00:00,2018-11-25 18:00:00,2018-11-26 18:00:00,2018-12-18 18:00:00,2018-12-16 20:00:00
592aa87bfd853cf8793228b9ad8ac4bc,6c24dcaa566082e1646cd3c18c45fc9e,delivered,2018-12-29 20:00:00,2018-12-30 08:00:00,2018-12-31 08:00:00,2019-01-19 08:00:00,2019-01-19 20:00:00
faf36aec1e0a71570d6ed01ef1efa963,2dfc6b9c794febeff96277e55b078b11,delivered,2017-02-27 03:00:00,2017-02-27 13:00:00,2017-03-04 13:00:00,2017-03-20 13:00:00,2017-03-15 03:00:00
b198047f4612d4247ac067a69297eaac,fcc2ed1892aef13c963bd56405e514ff,delivered,2018-06-06 07:00:00,2018-06-07 01:00:00,2018-06-09 01:00:00,2018-06-24 01:00:00,2018-07-03 07:00:00
ccee6b1c727dda848e023ef0015ce9f4,2e106355b1f9ab31995ec9dedcac41f8,delivered,2017-05-01 05:00:00,2017-05-01 06:00:00,2017-05-03 06:00:00,2017-05-24 06:00:00,2017-05-19 05:00:00
9b2e18c05a24591dff2e1955fc6bc66b,e92915a385cd74bf501c93a3b1f22be5,delivered,2018-08-14 15:00:00,2018-08-14 21:00:00,2018-08-15 21:00:00,2018-09-08 21:00:00,2018-08-27 15:00:00
b261ad5ca214245cfecfdd7244f760a8,bb909511a12b61ae121017873429ce3b,delivered,2017-05-27 17:00:00,2017-05-28 15:00:00,2017-05-31 15:00:00,2017-06-21 15:00:00,2017-06-24 17:00:00
ba73aa4e86c71c162cfcbb3f1f9deccd,ecf678c0c8613afa1ae17565f3a80aa0,delivered,2017-08-16 12:00:00,2017-08-17 06:00:00,2017-08-21 06:00:00,2017-08-27 06:00:00,2017-09-13 12:00:00
f978d269a3a22f35b9b513c7eb1efddc,0d88893344725ab7bc44a417914ba9bb,delivered,2017-05-27 12:00:00,2017-05-28 12:00:00,2017-05-30 12:00:00,2017-06-23 12:00:00,2017-06-21 12:00:00
6c8a30c1f2ca2002f650885202bce2e0,dfd5988eceefd2c97e2b73ceedf98b8d,delivered,2017-10-20 17:00:00,2017-10-21 16:00:00,2017-10-23 16:00:00,2017-11-10 16:00:00,2017-11-16 17:00:00
919fa02ea194c7b1bcef40f800926d61,368b7d6843c6b5324b25c4837bae0f3b,delivered,2017-10-25 09:00:00,2017-10-25 18:00:00,2017-10-30 18:00:00,2017-11-03 18:00:00,2017-11-20 09:00:00
89534e152ea37b78e466c9376da7c95b,5d4f97154c9df0495fd2bec365363c77,delivered,2017-08-20 15:00:00,2017-08-20 18:00:00,2017-08-24 18:00:00,2017-09-17 18:00:00,2017-09-15 15:00:00
c7c432a0c3af3d93c0476d80532bd70a,209f839fb6ddbd11ae864837ccc10250,delivered,2018-07-18 15:00:00,2018-07-19 07:00:00,2018-07-23 07:00:00,2018-07-30 07:00:00,2018-08-02 15:00:00
1d71f339c44842af47f8b6f13fdd0e2b,2fd6129a82e09d39bab008df2709f5b2,delivered,2019-01-22 15:00:00,2019-01-23 13:00:00,2019-01-25 13:00:00,2019-02-18 13:00:00,2019-02-16 15:00:00
38c6430f3b3ed7bdfae96dd3a2209a31,b33d9c7c4e733dcc866482ee6844a0e3,delivered,2017-02-22 12:00:00,2017-02-23 03:00:00,2017-02-24 03:00:00,2017-03-15 03:00:00,2017-03-19 12:00:00
c53d1af98d40aeb2aed690cc037f5347,ab40256118cd99c91c8d23b44dea5200,delivered,2018-01-08 10:00:00,2018-01-08 20:00:00,2018-01-11 20:00:00,2018-01-25 20:00:00,2018-02-07 10:00:00
b62b9f628ced48ea6b0ffa793113b13a,20b998300b37346827571245b8845902,delivered,2017-07-26 17:00:00,2017-07-27 17:00:00,2017-08-01 17:00:00,2017-08-15 17:00:00,2017-08-18 17:00:00
9b72a9fe669e098d63e73896c784ef4b,8fffe8456257ae9c82601132c02fb24f,delivered,2017-06-19 14:00:00,2017-06-19 19:00:00,2017-06-20 19:00:00,2017-06-28 19:00:00,2017-07-19 14:00:00
f8e351ea9aebbc3ea1f7815758f34359,a60da1aa005bbf731dbe4a3c88db3692,delivered,2017-09-12 06:00:00,2017-09-12 08:00:00,2017-09-17 08:00:00,2017-09-28 08:00:00,2017-09-28 06:00:00
c0bde748dbb464a3cec79642a13a9da2,94e7eb2a343402ef44cfa6ba5302e6e2,delivered,2018-03-29 07:00:00,2018-03-29 21:00:00,2018-03-31 21:00:00,2018-04-16 21:00:00,2018-04-21 07:00:00
232585b486daf596b96c2da019a8ec19,670a858cf86b2e95a52680b3e8bcd007,delivered,2017-09-09 14:00:00,2017-09-09 14:00:00,2017-09-14 14:00:00,2017-09-20 14:00:00,2017-10-03 14:00:00
1f81e0978b2a3730a0a2e9bd447809c0,b1299cb78b248c7e0e4ddb723e6a41f1,delivered,2018-05-06 04:00:00,2018-05-06 05:00:00,2018-05-07 05:00:00,2018-05-27 05:00:00,2018-05-27 04:00:00
e4a35a102674d1ff6cdcd3beadef5777,2e6df7e89980236855b8572087cd9444,delivered,2017-07-02 13:00:00,2017-07-02 22:00:00,2017-07-07 22:00:00,2017-07-19 22:00:00,2017-07-25 13:00:00
5a44914362908017c47d336f2e8f2f7f,20a62edffea95b7352b3a0d117278924,delivered,2017-10-13 04:00:00,2017-10-13 17:00:00,2017-10-17 17:00:00,2017-11-11 17:00:00,2017-11-07 04:00:00
2233212af5264ea279533cb78ef1a114,5cc624ef04643f52d9c099f6fe709416,delivered,2017-01-03 06:00:00,2017-01-03 07:00:00,2017-01-06 07:00:00,2017-01-20 07:00:00,2017-01-19 06:00:00
d4c0df2891b5fcb40331bd0d13ba8d24,3ebb527c1438e799242ac30f5d80a53b,delivered,2017-01-31 04:00:00,2017-01-31 08:00:00,2017-02-02 08:00:00,2017-02-20 08:00:00,2017-02-16 04:00:00
fa59607b60a7ca57858117a1178926f3,f91e8b9b45967e762824162dee7385d8,shipped,2017-08-21 13:00:00,2017-08-22 12:00:00,2017-08-24 12:00:00,,2017-09-03 13:00:00
c1ab639802cf63a898dc4031363fbae9,10b8c1c51b4142aa8aa431e929aaaa7e,delivered,2017-09-03 09:00:00,2017-09-03 15:00:00,2017-09-08 15:00:00,2017-09-17 15:00:00,2017-09-16 09:00:00
2672a20cc66a5821ceb7f2d6808eadf2,19db533e80ea83afbdcfc159e581c1bc,delivered,2017-12-06 13:00:00,2017-12-07 01:00:00,2017-12-11 01:00:00,2018-01-01 01:00:00,2017-12-19 13:00:00
91206a372703c75df540838e13331679,9b5c4b589c425665ff3c03a6357544ee,delivered,2018-02-01 07:00:00,2018-02-01 22:00:00,2018-02-02 22:00:00,2018-02-05 22:00:00,2018-02-17 07:00:00
db646a3368b666d666a3f3db496042b0,dbe7a3335d0c82050a22be567cfe8ab0,delivered,2017-05-07 18:00:00,2017-05-08 15:00:00,2017-05-10 15:00:00,2017-05-27 15:00:00,2017-05-30 18:00:00
77eee00f7743c1045953ff9017efd203,ab4d738c7657e37cdfc8e06063629509,delivered,2017-03-16 07:00:00,2017-03-16 21:00:00,2017-03-17 21:00:00,2017-03-22 21:00:00,2017-04-02 07:00:00
67b2916c461ea8aa11baf6162448ef43,15663d1a2d15420ba2bc67154087be6a,delivered,2018-03-10 08:00:00,2018-03-11 06:00:00,2018-03-15 06:00:00,2018-03-31 06:00:00,2018-04-07 08:00:00
1d15571c51001ab9dd42da677fdbabc1,25c1ae41ef0ec9cb756aae2de58118d1,delivered,2017-01-15 04:00:00,2017-01-16 01:00:00,2017-01-20 01:00:00,2017-01-31 01:00:00,2017-02-12 04:00:00
8d8142152d4900585f84e3c56daa8c7e,757576022d02223fed2532e51d0678b7,delivered,2018-06-20 10:00:00,2018-06-21 03:00:00,2018-06-25 03:00:00,2018-07-10 03:00:00,2018-07-11 10:00:00
32103c491d4ff1c8618e72a78d34dd83,74629fb5c6e19fd7390e9f57363d2fb5,delivered,2017-10-24 13:00:00,2017-10-24 16:00:00,2017-10-27 16:00:00,2017-11-13 16:00:00,2017-11-18 13:00:00
6e15c527fe2a0cbc927ae04ef58b8c61,2ba009ec55c874415145c6f899960a38,delivered,2018-06-16 23:00:00,2018-06-17 11:00:00,2018-06-19 11:00:00,2018-07-11 11:00:00,2018-07-10 23:00:00
97e1bc36c520d50fa0ff349802f4298f,6ffad35606905ba517e03df517df85b3,delivered,2017-11-27 06:00:00,2017-11-28 01:00:00,2017-12-03 01:00:00,2017-12-08 01:00:00,2017-12-27 06:00:00
e504d1c64312153d484f7f7c244f52f4,1b6960311f683d6f988c89dbed5cea4e,delivered,2017-04-24 14:00:00,2017-04-24 16:00:00,2017-04-28 16:00:00,2017-05-12 16:00:00,2017-05-12 14:00:00
05e5d46189344b060790eeb49b2a1376,315e4e801f20c257ed348e324126fa8f,delivered,2018-06-19 23:00:00,2018-06-20 23:00:00,2018-06-22 23:00:00,2018-07-01 23:00:00,2018-07-12 23:00:00
9569f8cb1a574cee64903d65f63d3295,47f50a35b7a745e2e327119fd895ccea,delivered,2017-07-22 21:00:00,2017-07-23 15:00:00,2017-07-26 15:00:00,2017-08-03 15:00:00,2017-08-09 21:00:00
5b9525062f981e44ca782f586dec4b0d,529b3b96cf1d46be2e0e343d1d59b308,delivered,2018-02-12 00:00:00,2018-02-12 06:00:00,2018-02-15 06:00:00,2018-03-01 06:00:00,2018-02-28 00:00:00
7fa797087e7279cecd7f65f60cb68029,3276ab7532b9fc5651f37a1fd03a9ed2,delivered,2018-03-22 10:00:00,2018-03-22 18:00:00,2018-03-26 18:00:00,2018-04-01 18:00:00,2018-04-06 10:00:00
146b9fbc667cf7885887f3d2c0f1fa3a,5133577b465101734d0e391db9272714,delivered,2017-04-08 13:00:00,2017-04-08 23:00:00,2017-04-12 23:00:00,2017-05-04 23:00:00,2017-04-21 13:00:00
e2213776427ae4720d700c8bde36390a,b0309415ef21db2c0143d636fd54225b,delivered,2018-01-13 17:00:00,2018-01-13 20:00:00,2018-01-14 20:00:00,2018-01-26 20:00:00,2018-01-27 17:00:00
4bd600e6c425d02043892f66178029e9,39d007627b92a41dbb19f0fec5cbfedd,delivered,2017-10-15 10:00:00,2017-10-15 21:00:00,2017-10-20 21:00:00,2017-10-30 21:00:00,2017-11-02 10:00:00
c7af75de33f92a87837261239ed7a652,de2bfe5873d2939ef99dd6d562b51781,delivered,2017-08-13 11:00:00,2017-08-13 13:00:00,2017-08-16 13:00:00,2017-09-01 13:00:00,2017-08-30 11:00:00
98139b312d389d1f6716d461307fc576,4b43f87331a580d76c2ec07eed92b753,delivered,2018-01-27 23:00:00,2018-01-28 18:00:00,2018-02-01 18:00:00,2018-02-20 18:00:00,2018-02-21 23:00:00
2f615360182047f700cb9caabbdfb574,49b8f7ba98a7fea2b4b2ce1449b9e124,delivered,2017-12-22 20:00:00,2017-12-23 18:00:00,2017-12-28 18:00:00,2018-01-15 18:00:00,2018-01-12 20:00:00
fd8bb697ae1782f6913864740473b982,d1a529db0b90b03d1c00b89578fa3b84,delivered,2018-05-16 07:00:00,2018-05-16 14:00:00,2018-05-21 14:00:00,2018-06-09 14:00:00,2018-06-02 07:00:00
07e95e6d7f71eef65b7117bd24421191,fe7c7d6ea8cc45153862abcfdb3437bb,delivered,2017-06-01 13:00:00,2017-06-02 12:00:00,2017-06-06 12:00:00,2017-06-20 12:00:00,2017-06-19 13:00:00
02223c10f82f2dc31c35730b49d52453,58d4d949cad6d3efcae2f489f7d8e086,delivered,2018-04-11 18:00:00,2018-04-12 15:00:00,2018-04-14 15:00:00,2018-05-01 15:00:00,2018-04-27 18:00:00
b69415c7160452b7f424b79c27b0816b,8f8d4107c4d5ac13f561d900aa52cdf3,delivered,2017-10-18 16:00:00,2017-10-19 15:00:00,2017-10-21 15:00:00,2017-11-06 15:00:00,2017-11-17 16:00:00
2ef17a908bbb8f3f760e36aaa0d980ba,ed57a5c89110f6984c1e172a15e9bee4,delivered,2017-11-05 09:00:00,2017-11-05 22:00:00,2017-11-06 22:00:00,2017-11-13 22:00:00,2017-12-03 09:00:00
67273710203d54c96485525ed858f464,c15da5470db4897a4b188a0de0b7d818,delivered,2018-07-11 18:00:00,2018-07-12 08:00:00,2018-07-17 08:00:00,2018-08-03 08:00:00,2018-07-24 18:00:00
9fa870407c260521ce3ce7ce01a6c260,efc08273fd397fe7b819b15d4f968a84,delivered,2017-11-05 20:00:00,2017-11-05 23:00:00,2017-11-06 23:00:00,2017-11-09 23:00:00,2017-11-21 20:00:00
3d9d542aa84fa67fbe9e01a9d18c7fde,24458bad2f4f914c058b5ee1a2ddd15a,delivered,2018-03-19 04:00:00,2018-03-20 03:00:00,2018-03-25 03:00:00,2018-04-03 03:00:00,2018-04-15 04:00:00
0255b13b46e32efc75566ff1b91ace28,e1e68d3577c8c29723a9654df679d544,canceled,2017-02-13 11:00:00,2017-02-13 22:00:00,,,2017-03-03 11:00:00
b2a0f8512121cc4f425ca2e38682d62f,a8ae013ac6807bb481c974a0ed6ae39f,delivered,2018-08-13 22:00:00,2018-08-14 16:00:00,2018-08-17 16:00:00,2018-09-07 16:00:00,2018-09-06 22:00:00
12a85ff7bffbbc83d8c8018409943e76,1d4e2772401fb5a69ca5b74f0fda6ca4,delivered,2018-03-07 02:00:00,2018-03-07 13:00:00,2018-03-12 13:00:00,2018-04-04 13:00:00,2018-03-19 02:00:00
917bc86668747b44c63e23bf5c0c309c,01572a56e4aeb85f23fbe8f2cf5cbd7f,delivered,2017-07-28 01:00:00,2017-07-28 03:00:00,2017-07-31 03:00:00,2017-08-08 03:00:00,2017-08-25 01:00:00
b409b85563f2fc26405a8f9ed4018a45,ec1a1adc4a36a7c0f0cc4f56d24289ea,delivered,2017-01-24 07:00:00,2017-01-24 12:00:00,2017-01-27 12:00:00,2017-02-01 12:00:00,2017-02-22 07:00:00
b3fdc2b89c291269e781c4cc9058e121,f2aff86fce3fde9a12aa5ab47e59a0d1,delivered,2017-03-05 07:00:00,2017-03-05 08:00:00,2017-03-08 08:00:00,2017-03-13 08:00:00,2017-03-30 07:00:00
7b6fb65b8d70600f04a1dd66bce88f22,af001605ae93b319611f98efdc3c423a,delivered,2018-07-02 19:00:00,2018-07-03 19:00:00,2018-07-07 19:00:00,2018-08-01 19:00:00,2018-07-18 19:00:00
5983ce94506a8dd30b31324f485835db,2e3b5fd6704532d5207073f00e80ea41,delivered,2017-02-28 02:00:00,2017-02-28 09:00:00,2017-03-03 09:00:00,2017-03-10 09:00:00,2017-03-24 02:00:00
14150ad9479fea147c781b989f32fd3e,f358206db49bc1ef692c6843e6824710,delivered,2017-02-25 11:00:00,2017-02-25 15:00:00,2017-03-02 15:00:00,2017-03-12 15:00:00,2017-03-18 11:00:00
611b92ab34aababd397574330b5ed148,71ab471162794a6e61f14c98dcdeadc8,delivered,2018-05-23 00:00:00,2018-05-23 13:00:00,2018-05-28 13:00:00,2018-06-01 13:00:00,2018-06-13 00:00:00
4295f5c984d77929c4ddfe54917c4f11,b81ed083929614b56c8073b776a81a27,delivered,2017-10-22 17:00:00,2017-10-23 05:00:00,2017-10-27 05:00:00,2017-11-06 05:00:00,2017-11-07 17:00:00
f74445960979140877689441024559a5,709de505046b96f976751903719d722f,delivered,2017-09-28 05:00:00,2017-09-29 01:00:00,2017-10-04 01:00:00,2017-10-13 01:00:00,2017-10-23 05:00:00
db847c06d84d6427adaad2f90420521e,41e7ebbaf9ac1a4f42516974fdf1d205,delivered,2017-03-04 22:00:00,2017-03-05 15:00:00,2017-03-06 15:00:00,2017-03-28 15:00:00,2017-03-23 22:00:00
e9707c9e266a8b90ee28b2f44a76a0ea,0b6b99445e4908c8290a42d207f9ee87,delivered,2017-10-29 19:00:00,2017-10-29 22:00:00,2017-11-03 22:00:00,2017-11-12 22:00:00,2017-11-20 19:00:00
89f9c43e6b074c79bbe43aa78c58fff0,a15cf032930e7347ff70abaa80e51b3d,delivered,2018-04-21 19:00:00,2018-04-22 11:00:00,2018-04-23 11:00:00,2018-05-15 11:00:00,2018-05-18 19:00:00
5cbf7ee6ea258d831391d18a8171d955,8f7a1e435a1ba9db146691895ca43e71,delivered,2018-09-02 19:00:00,2018-09-03 14:00:00,2018-09-05 14:00:00,2018-09-22 14:00:00,2018-09-27 19:00:00
b61d1f438df8dff9c3f86f2d436c9e18,6b2b0c271eec04802ab1803803f89c7b,shipped,2019-01-26 19:00:00,2019-01-27 18:00:00,2019-01-28 18:00:00,,2019-02-08 19:00:00
b33aa6b97a239f3cc1f6028b4a0efbe5,6f8963b3d5b5c24cbd9e599373230f23,delivered,2018-02-23 20:00:00,2018-02-24 01:00:00,2018-03-01 01:00:00,2018-03-20 01:00:00,2018-03-09 20:00:00
f1eef895d06176b30abc36fc24a887a1,f41978cd2daca88bc1de6d58518e58fd,delivered,2017-11-27 12:00:00,2017-11-28 11:00:00,2017-11-30 11:00:00,2017-12-16 11:00:00,2017-12-25 12:00:00
31f436eacc8abd6989b4db808a32484a,e401461af5b92b3c0a2cbb1be70cf274,delivered,2017-01-29 19:00:00,2017-01-29 19:00:00,2017-02-01 19:00:00,2017-02-10 19:00:00,2017-02-19 19:00:00
8349c078bc4b2732a170920c7416386b,46af040d55d8a81a81ceb20e281f45ff,delivered,2017-03-18 10:00:00,2017-03-18 12:00:00,2017-03-21 12:00:00,2017-03-25 12:00:00,2017-04-12 10:00:00
842ca512f369c68316b5cf7ae0389eb7,a280771032d5ad8721bd1db7485873c1,delivered,2017-08-22 10:00:00,2017-08-23 09:00:00,2017-08-25 09:00:00,2017-08-28 09:00:00,2017-09-16 10:00:00
e595e3fae18258d2f681db3f1cc41c62,380bd4cb18b666f84ba0768a7b2021f7,delivered,2018-01-01 17:00:00,2018-01-02 02:00:00,2018-01-06 02:00:00,2018-01-23 02:00:00,2018-01-23 17:00:00
42bd31c4660fdc406cd9dc3f7123bc96,cf1ca02164315fc269464f3f514f6fd9,delivered,2017-09-25 21:00:00,2017-09-26 05:00:00,2017-09-30 05:00:00,2017-10-10 05:00:00,2017-10-17 21:00:00
89238eb6d690efa92830affafc37337a,32ccf39d8914bc965cb2703335e0edd6,delivered,2017-02-20 16:00:00,2017-02-21 14:00:00,2017-02-23 14:00:00,2017-03-07 14:00:00,2017-03-09 16:00:00
d17bd6cc2195e07366979d0fa7c02a59,60bb380bc8b7bcd0d0207ede1fa70e6b,delivered,2017-10-06 23:00:00,2017-10-07 07:00:00,2017-10-08 07:00:00,2017-10-13 07:00:00,2017-10-20 23:00:00
7bbccb5d474f92058f9d737568054a24,f785dcc138e591c417d2efe76df5fa4a,delivered,2018-01-21 09:00:00,2018-01-22 07:00:00,2018-01-27 07:00:00,2018-02-15 07:00:00,2018-02-09 09:00:00
b062259e524a16520958b354268e81b4,d5963842567e8c74bd92232a4fbb831a,delivered,2017-09-16 13:00:00,2017-09-17 02:00:00,2017-09-18 02:00:00,2017-09-29 02:00:00,2017-10-04 13:00:00
3286af002a8be2891f19297ebf86ad63,851ab93f297eef2f037ce599c1c353c4,delivered,2018-01-20 04:00:00,2018-01-20 07:00:00,2018-01-21 07:00:00,2018-02-06 07:00:00,2018-02-16 04:00:00
ed55169f54867db3efaaf79135eb0106,767f509578dc340b4051391c9ac1ad69,delivered,2018-01-16 16:00:00,2018-01-16 20:00:00,2018-01-14 16:00:00,2018-02-06 20:00:00,2018-02-12 16:00:00
41374168ef2ecdc9673c984bc4596172,9fdf4b1b5e05b8b14e45a736bab4eb77,delivered,2018-03-13 18:00:00,2018-03-14 14:00:00,2018-03-16 14:00:00,2018-03-21 14:00:00,2018-04-12 18:00:00
dfe6b58979b8023d2a3189ba24b17e45,25807a2c9d6ba3b5cda898b5edf6cca4,delivered,2017-08-10 02:00:00,2017-08-10 04:00:00,2017-08-11 04:00:00,2017-08-18 04:00:00,2017-09-07 02:00:00
8ed2de161ec80917af7440014023539b,c9f99d37b1f20ebf7d76c495710fc415,delivered,2018-03-24 17:00:00,2018-03-25 13:00:00,2018-03-28 13:00:00,2018-04-05 13:00:00,2018-04-05 17:00:00
80b710a640f66fdeea7255845e6e187a,e939f79018177e4a5415668e4f75c3d1,delivered,2018-09-20 17:00:00,2018-09-21 12:00:00,2018-09-24 12:00:00,2018-09-28 12:00:00,2018-10-10 17:00:00
b4a4cb8027379316b69b8391e4ee8f51,9ce85b7d0761dc0c5e99c56809c70e3d,delivered,2018-11-15 17:00:00,2018-11-15 21:00:00,2018-11-16 21:00:00,2018-12-02 21:00:00,2018-11-30 17:00:00
8166356cb04fbce932dcea5b9bc88efe,4688d6120b64e782718296af2c2e8ba0,delivered,2017-10-01 02:00:00,2017-10-01 22:00:00,2017-10-02 22:00:00,2017-10-14 22:00:00,2017-10-21 02:00:00
bcf4ced1c17e3dc0bf5628b930eb0400,dd558095e6c75732f151ff15a46ee99e,delivered,2017-11-12 21:00:00,2017-11-12 22:00:00,2017-11-16 22:00:00,2017-12-11 22:00:00,2017-12-03 21:00:00
58cfd9666f110436b3c28ec5fe66c4fa,35edff389197107c89b702ed27dc3b65,delivered,2018-08-23 12:00:00,2018-08-24 09:00:00,2018-08-27 09:00:00,2018-09-05 09:00:00,2018-09-14 12:00:00
5ba62f73e9c41f0d2fe68a5219a7361b,e729b06fa5db8ca35630202155afb783,delivered,2018-03-08 15:00:00,2018-03-09 05:00:00,2018-03-14 05:00:00,2018-03-22 05:00:00,2018-03-20 15:00:00
e2f7e7ea4cf2fdf8ec1f5d972a983090,831fd30229fd9b08074f645997d3d50e,delivered,2018-08-15 12:00:00,2018-08-16 10:00:00,2018-08-21 10:00:00,2018-08-30 10:00:00,2018-09-14 12:00:00
afd13c738cc19913788664f31993edfe,583f097d28c9d68c7a3338e001440fa3,delivered,2018-07-23 11:00:00,2018-07-23 17:00:00,2018-07-27 17:00:00,2018-08-20 17:00:00,2018-08-16 11:00:00
c06e6481996337aa9c4e166200684d9c,d2bfbc31805f6a69570078c15cbe693e,delivered,2017-08-29 11:00:00,2017-08-29 13:00:00,2017-08-31 13:00:00,2017-09-07 13:00:00,2017-09-25 11:00:00
20f5128d51abac77292fadf7032124e8,ce9205aecdb5782a678b941fdcca9a71,delivered,2017-04-14 20:00:00,2017-04-15 08:00:00,2017-04-19 08:00:00,2017-04-22 08:00:00,2017-05-11 20:00:00
3296c4c04201938b971444b7b522f610,ef263a84f2bd509b564d36b601c7ea8b,delivered,2017-03-23 04:00:00,2017-03-23 23:00:00,2017-03-27 23:00:00,2017-04-12 23:00:00,2017-04-05 04:00:00
656e5170bd1a2704880136fc095f6d43,bb5e14d65b745fdd1c9746949884f76d,delivered,2017-05-01 04:00:00,2017-05-01 06:00:00,2017-05-06 06:00:00,2017-05-12 06:00:00,2017-05-17 04:00:00
1429ef31b9b3c0eefaf2be80833bde78,61c50cc819e32dbee1cd2b70cffe7547,delivered,2017-11-10 04:00:00,2017-11-11 00:00:00,2017-11-14 00:00:00,2017-11-30 00:00:00,2017-12-04 04:00:00
48f006a3ad9f0e532e671517e8e52412,660f475f9ac88b740bb5c276abe377f3,delivered,2018-04-17 04:00:00,2018-04-17 17:00:00,2018-04-19 17:00:00,2018-04-22 17:00:00,2018-05-12 04:00:00
be1924aadab712f6764231c326daf6d1,71c316bed297cb6658ab766f51d41c6a,delivered,2017-12-18 10:00:00,2017-12-19 03:00:00,2017-12-21 03:00:00,2018-01-14 03:00:00,2018-01-11 10:00:00
21b6eb84899fad03ebd235736012a24e,3c168418fd5baf207da23e1bbe7a3168,delivered,2017-10-18 17:00:00,2017-10-18 20:00:00,2017-10-19 20:00:00,2017-11-03 20:00:00,2017-11-05 17:00:00
282f0aa6730f8b28ecaf549ed37dcef3,4949ded776c31071c1bf7df87ead63bc,delivered,2017-08-19 12:00:00,2017-08-19 17:00:00,2017-08-23 17:00:00,2017-09-04 17:00:00,2017-08-31 12:00:00
f3ac2f5e1749939daf326af578cf536a,a02072d991be0c2a2a9d0c6a3ffc1e13,delivered,2017-11-29 19:00:00,2017-11-30 18:00:00,2017-12-05 18:00:00,2017-12-28 18:00:00,2017-12-23 19:00:00
eb8f54d8df40fe0454cd67b4d67f017d,9aa03078cdbe6de61c74cdfda4316e6c,delivered,2018-04-18 16:00:00,2018-04-18 23:00:00,2018-04-22 23:00:00,2018-04-27 23:00:00,2018-04-30 16:00:00
c99496ab6db7fa7e70a6d78ba64e2384,a117b86482f59390ed696cb3b774b61d,delivered,2018-01-08 12:00:00,2018-01-08 16:00:00,2018-01-11 16:00:00,2018-02-01 16:00:00,2018-01-23 12:00:00
06a4093b49d693b1859353fa25e4e633,23d86a4fc2e60c0509268f85982c7129,delivered,2018-08-05 08:00:00,2018-08-05 19:00:00,2018-08-10 19:00:00,2018-08-24 19:00:00,2018-08-26 08:00:00
9e5364dc7a1afd6767e56f19844e2e8b,ff018ec6dec78f9ebed6491482330e6e,delivered,2018-01-08 23:00:00,2018-01-09 10:00:00,2018-01-11 10:00:00,2018-02-01 10:00:00,2018-02-05 23:00:00
d1a33332d882ce3cbf0aabdfd708bdc7,031f9724e80368e2a37dafcae9a6df13,delivered,2018-04-16 18:00:00,2018-04-17 10:00:00,2018-04-19 10:00:00,2018-04-28 10:00:00,2018-05-09 18:00:00
30a4c4b0be3c7c84176350f54708b42e,8d4e46c5440910e29bf072e7fab87bb6,delivered,2017-07-01 01:00:00,2017-07-01 03:00:00,2017-07-03 03:00:00,2017-07-22 03:00:00,2017-07-22 01:00:00
a48339f7c7036a4c7150f94fe2f2cf57,b850b4401c8cd498e7ad595bdc739cbc,delivered,2018-08-19 13:00:00,2018-08-20 09:00:00,2018-08-25 09:00:00,2018-09-11 09:00:00,2018-08-31 13:00:00
ac482af26e988798c2ac0d6d10c88179,2dc5852129c2f1f97eebf53978731a4e,delivered,2017-11-23 16:00:00,2017-11-24 06:00:00,2017-11-27 06:00:00,2017-12-20 06:00:00,2017-12-22 16:00:00
84372286f4eabfa5535fd8d22839d888,a99f8c039c310930286ef693da341653,canceled,2018-02-04 16:00:00,2018-02-05 12:00:00,,,2018-02-24 16:00:00
6d70881b52647c6f060fd3b65f9c11f0,d5221c404b77cf1c418495a4b777dcb9,delivered,2017-08-02 21:00:00,2017-08-03 07:00:00,2017-08-08 07:00:00,2017-08-28 07:00:00,2017-08-20 21:00:00
ec7172e77028eb2d5e9432d689b3889d,46aaf71457baa888a3beb4450e5d8626,delivered,2017-03-02 03:00:00,2017-03-02 18:00:00,2017-03-04 18:00:00,2017-03-09 18:00:00,2017-03-24 03:00:00
ad7bb3c532f0b15c554047fe5cb9635c,75f73b073a4962d177e43d33523e901f,canceled,2017-08-08 05:00:00,2017-08-08 13:00:00,,,2017-08-20 05:00:00
c7d4a10f8eec22a4f966f9c21796b7b1,90b7f26f135769cbbc03daa7112e1621,delivered,2018-02-16 05:00:00,2018-02-16 10:00:00,2018-02-21 10:00:00,2018-02-26 10:00:00,2018-03-18 05:00:00
d40666259faa218001a069a24b37617d,932204fb66c67afa057ff1dfe3af8541,delivered,2018-07-06 05:00:00,2018-07-06 05:00:00,2018-07-08 05:00:00,2018-07-21 05:00:00,2018-07-31 05:00:00
a87da2af3ae8160aedafea5450b9e04a,dedcc2ff53d47caf11bb797af464a31f,delivered,2018-07-08 11:00:00,2018-07-08 20:00:00,2018-07-10 20:00:00,2018-07-26 20:00:00,2018-07-28 11:00:00
5c1faf7b81c4dda8ccbf1dfe173e13d9,fc32edb435d8053130e423e16a45d1e9,delivered,2018-10-27 11:00:00,2018-10-28 03:00:00,2018-10-25 11:00:00,2018-11-15 03:00:00,2018-11-08 11:00:00
27dfc6e084c469b120c13845025fc70f,908844002d675be33fbe5756d8f02d41,delivered,2017-02-16 04:00:00,2017-02-16 19:00:00,2017-02-17 19:00:00,2017-02-21 19:00:00,2017-03-06 04:00:00
43e2ecafd767a0d7e8b2f81a5f88fe99,a0147ab96755e34c4e5a4392343e623f,delivered,2017-07-23 04:00:00,2017-07-23 04:00:00,2017-07-24 04:00:00,2017-08-06 04:00:00,2017-08-04 04:00:00
4fb9ef37002f4aeea308f1eacf367c1b,9a6ff965db5ed35a2268645f70bf1783,delivered,2018-01-06 04:00:00,2018-01-06 12:00:00,2018-01-08 12:00:00,2018-01-21 12:00:00,2018-02-04 04:00:00
fcd62aba93c1392f8453d8038519469e,973da9cbab196705764f6842f9553aad,delivered,2017-12-03 22:00:00,2017-12-04 22:00:00,2017-12-06 22:00:00,2017-12-19 22:00:00,2017-12-28 22:00:00
47808b87beb5ba0f1e2964f1709adc95,8bbec11943472a289f0e570b74047ec7,delivered,2018-04-08 06:00:00,2018-04-08 22:00:00,2018-04-11 22:00:00,2018-04-24 22:00:00,2018-04-25 06:00:00
ddf194d4f75ef2cf153d5754f086424a,fbfbd9f98da4f9166fa8736973db49d0,canceled,2017-12-22 09:00:00,2017-12-22 14:00:00,,,2018-01-09 09:00:00
33c32015dbb93bf66c8c4bac9c130aa7,f4836de8f1337e7d8a73483e26ecd1dc,delivered,2017-08-20 22:00:00,2017-08-21 10:00:00,2017-08-24 10:00:00,2017-09-08 10:00:00,2017-09-17 22:00:00
f1c056ba95ff7d9dbd5a0760b9d9c1dc,1f9bd2b466c4ce9be483f4f123f3e5c5,delivered,2017-08-20 08:00:00,2017-08-20 14:00:00,2017-08-24 14:00:00,2017-08-31 14:00:00,2017-09-09 08:00:00
b1020282b5b2e008e0516aaa2b1feecd,95c127e66d0879b4776e3a29a07c68c2,delivered,2017-09-19 03:00:00,2017-09-19 18:00:00,2017-09-22 18:00:00,2017-10-02 18:00:00,2017-10-17 03:00:00
a48687d4cb295e19d694a5279720b88f,1b98a0e39a068a930ac7256b61f13c8c,shipped,2018-06-16 21:00:00,2018-06-17 15:00:00,2018-06-18 15:00:00,,2018-07-05 21:00:00
d9743ff074e5418dbaa380fa07438e60,cd4901c969824369ebb102534ad2a7ba,delivered,2017-12-03 03:00:00,2017-12-03 14:00:00,2017-12-06 14:00:00,2017-12-20 14:00:00,2017-12-22 03:00:00
9f2e444a501bcf4467f3e4bfa3b31be6,17269541b8d11a8fea07219819eead26,delivered,2017-11-21 09:00:00,2017-11-21 14:00:00,2017-11-25 14:00:00,2017-12-04 14:00:00,2017-12-11 09:00:00
629f1962ebd795f5220e674e6591d99b,5a929d27886766415714fc0bb7447158,delivered,2017-09-27 04:00:00,2017-09-28 03:00:00,2017-10-01 03:00:00,2017-10-23 03:00:00,2017-10-27 04:00:00
94b5933984c11826d910498c2fa17fe6,698e098131369512916e1089ff9558a3,delivered,2018-07-24 17:00:00,2018-07-25 11:00:00,2018-07-29 11:00:00,2018-08-09 11:00:00,2018-08-16 17:00:00
8dd7b77df9fb722da51c7d2ab3bfbdab,b7b24f20592cfe25b858e2033a52b383,delivered,2017-04-18 19:00:00,2017-04-19 02:00:00,2017-04-23 02:00:00,2017-05-04 02:00:00,2017-05-18 19:00:00
a96bc76137179e4565706108fc78090e,2223ab94f157f169c3ad6ffdb4479e70,delivered,2018-05-18 13:00:00,2018-05-19 06:00:00,2018-05-22 06:00:00,2018-06-04 06:00:00,2018-06-06 13:00:00
b3700e9292f1da69674f6635f236b2ee,181af69a16cfa21154f0327b1e978ef7,shipped,2018-05-22 23:00:00,2018-05-23 11:00:00,2018-05-27 11:00:00,,2018-06-18 23:00:00
5f868f8baec616940f2434918e9ff74a,fb6503ea0f9733429b2d43a3e119e331,delivered,2018-06-26 23:00:00,2018-06-26 23:00:00,2018-07-01 23:00:00,2018-07-04 23:00:00,2018-07-08 23:00:00
899f7cfbef6f5d6a09ed1c7c9f40ce6a,07c478ba71f27f0fd1a9af91d079fe4e,delivered,2018-06-04 04:00:00,2018-06-04 07:00:00,2018-06-07 07:00:00,2018-06-19 07:00:00,2018-06-19 04:00:00
cf979ff07afd0718ebced334fb7b00c7,eaa6fc450f01fe855bbaf3ac0aa5aaf2,delivered,2017-07-12 12:00:00,2017-07-13 09:00:00,2017-07-18 09:00:00,2017-07-24 09:00:00,2017-08-09 12:00:00
c94ee2f0fe068b4e7f63abb84e4f4dd0,6388f6dc9c12e3c97bee45828fae46a9,delivered,2017-04-17 10:00:00,2017-04-18 10:00:00,2017-04-19 10:00:00,2017-05-08 10:00:00,2017-04-30 10:00:00
51ffdef6b6608a3138b89fc4e47172b1,2f8a637df330dc59750d456e19412cae,delivered,2017-02-15 06:00:00,2017-02-15 12:00:00,2017-02-19 12:00:00,2017-02-28 12:00:00,2017-03-17 06:00:00
ec13d7c3e1c7222342186e6dab24f74a,9f2be8ba3f05344c9947c98a24447277,delivered,2017-02-15 04:00:00,2017-02-15 22:00:00,2017-02-18 22:00:00,2017-02-27 22:00:00,2017-03-07 04:00:00
b70bc594ae4fd45ff48fab0641a9edd3,bd76bb2ff1896bad2ad88bca53cf14e1,shipped,2017-07-07 17:00:00,2017-07-08 05:00:00,2017-07-11 05:00:00,,2017-07-28 17:00:00
f979549bc44c5c7880ed319cef016e79,a9b24a990a8260b6c4e57a9298d516b9,delivered,2017-05-27 14:00:00,2017-05-27 20:00:00,2017-05-30 20:00:00,2017-06-03 20:00:00,2017-06-26 14:00:00
514b30a9f6d4461c8c1046bf24b37794,293db7fa8e8ded4549adb07b874f7c5c,delivered,2017-09-09 19:00:00,2017-09-10 16:00:00,2017-09-11 16:00:00,2017-09-27 16:00:00,2017-10-07 19:00:00
7d957e47aed14cec3cd7e0eabf817a17,e9058f29731da6ec63032bd49db564b5,delivered,2017-10-17 21:00:00,2017-10-18 08:00:00,2017-10-22 08:00:00,2017-11-09 08:00:00,2017-11-02 21:00:00
f3cecaaf71a2f6c173cab4e3bbc3553b,75e8abfe6af01106e23509a86bcfdfa4,delivered,2017-08-02 12:00:00,2017-08-02 23:00:00,2017-08-05 23:00:00,2017-08-18 23:00:00,2017-08-26 12:00:00
0d06d89169808e3c9fa3fe4bdebf96d3,c64ab8bff4aae84ad5382419e798d9bf,delivered,2017-11-16 12:00:00,2017-11-16 22:00:00,2017-11-21 22:00:00,2017-11-29 22:00:00,2017-12-10 12:00:00
54ddbff40d81339dde952d1ddcbc5e3f,eb9060cb02381c49057eccfa15f3b747,delivered,2017-04-10 02:00:00,2017-04-10 12:00:00,2017-04-13 12:00:00,2017-04-22 12:00:00,2017-04-26 02:00:00
611e6047790a474e6185e21be156df17,22b6995e0a14b309c173d1d918d98279,delivered,2017-05-31 14:00:00,2017-06-01 14:00:00,2017-06-02 14:00:00,2017-06-23 14:00:00,2017-06-23 14:00:00
853b0173fb66bcaf47be30eb836fad38,31286dc840b1fb20d9ebb4955d7ecb5f,delivered,2018-03-04 05:00:00,2018-03-04 05:00:00,2018-03-08 05:00:00,2018-03-21 05:00:00,2018-03-21 05:00:00
55ec2b7860094db3b265293e45314fd0,ac01e53db1fe69b80936312c636dfeba,delivered,2018-04-27 12:00:00,2018-04-28 04:00:00,2018-05-02 04:00:00,2018-05-18 04:00:00,2018-05-19 12:00:00
b91d8c4c02781c40134e2bd9dd1ad072,165effd1c76476513ca872f2cd2c4a30,delivered,2017-06-07 18:00:00,2017-06-08 04:00:00,2017-06-13 04:00:00,2017-06-18 04:00:00,2017-06-23 18:00:00
81f10d042f576e777148c0070faf26b4,dc63df5edd712dc59780fe9bad18c723,delivered,2017-10-22 23:00:00,2017-10-23 04:00:00,2017-10-25 04:00:00,2017-11-05 04:00:00,2017-11-07 23:00:00
29489bdac1199d43480d0cf3406d5351,aefbe3b3f7d7f5c0e3fb7b87a7a3bc7a,delivered,2018-06-28 00:00:00,2018-06-28 02:00:00,2018-07-02 02:00:00,2018-07-16 02:00:00,2018-07-11 00:00:00
68e438e05a575306b0dc80e80aee5a68,2ba95b909654a5e43a65860330b6857a,delivered,2018-07-14 23:00:00,2018-07-15 13:00:00,2018-07-18 13:00:00,2018-08-02 13:00:00,2018-08-09 23:00:00
28876b7f64694f537f5085e7058cdd44,32a02b53565a4a4245590d60265fd5c1,delivered,2018-02-05 15:00:00,2018-02-06 08:00:00,2018-02-09 08:00:00,2018-02-19 08:00:00,2018-02-23 15:00:00
a165c37d56ad3649289a2abca1aa8c49,4ed9974ff4f48fdc0351d8007d91dbcc,delivered,2018-06-21 15:00:00,2018-06-22 10:00:00,2018-06-26 10:00:00,2018-07-18 10:00:00,2018-07-06 15:00:00
f7294c21208bc725e6e005dd31c2bddb,b2c5b9b954c06524cb37a85d93c4ad32,delivered,2018-07-23 10:00:00,2018-07-24 06:00:00,2018-07-29 06:00:00,2018-08-08 06:00:00,2018-08-22 10:00:00
392c5f423f203c2279477aa80f1c0455,c71b3b67d907a3145d20d8de24a11c7f,delivered,2017-10-10 22:00:00,2017-10-11 08:00:00,2017-10-14 08:00:00,2017-11-05 08:00:00,2017-11-06 22:00:00
a4dc6a67a6d18c910760d4080678fe13,4bcd6e4d24e117163449131842d01a0b,delivered,2017-01-12 09:00:00,2017-01-12 11:00:00,2017-01-15 11:00:00,2017-02-01 11:00:00,2017-01-28 09:00:00
539cbe4f2d914e296541f57452ea13b8,a575c5c76f2ba37ea0fef51e0684e438,delivered,2018-01-20 17:00:00,2018-01-21 17:00:00,2018-01-22 17:00:00,2018-02-14 17:00:00,2018-02-10 17:00:00
b1d06d8a655f9c8cca2ba8f5a44e3b1c,6a961ac0865162a60fe917808b8c6b6e,delivered,2018-05-20 12:00:00,2018-05-20 14:00:00,2018-05-22 14:00:00,2018-06-08 14:00:00,2018-06-06 12:00:00
e1b39d6494e2a33d14a3ffe6b3aac060,5971116a01d4bcf67dd0a74b952e653e,delivered,2017-08-02 07:00:00,2017-08-02 12:00:00,2017-08-06 12:00:00,2017-08-15 12:00:00,2017-08-18 07:00:00
bc57003e91f91586c27f9590333c8c30,34a11999dfcdd21aeede901cbe2904f8,delivered,2018-02-01 03:00:00,2018-02-02 01:00:00,2018-02-04 01:00:00,2018-02-25 01:00:00,2018-02-22 03:00:00
f0154f90db7be180aac21afbfc9db15b,cb8553f6490c344298c3fa3d8f928bca,delivered,2018-05-19 15:00:00,2018-05-20 10:00:00,2018-05-21 10:00:00,2018-05-24 10:00:00,2018-05-31 15:00:00
eea7a67fee1cb89a74f935ca4341fd0e,244f802b4d53280e1ebd55b6e60584a2,delivered,2018-06-26 15:00:00,2018-06-26 21:00:00,2018-06-27 21:00:00,2018-07-20 21:00:00,2018-07-08 15:00:00
10217062a81798500b45cb04e5bc89c0,93a69684036599fcf91070e02cce4cce,shipped,2018-11-08 15:00:00,2018-11-08 23:00:00,2018-11-11 23:00:00,,2018-11-26 15:00:00
5f8e74df29f5010c8b6a4c9778f4223b,d21a537574cd4a415e072fb29919be91,delivered,2018-12-30 15:00:00,2018-12-31 02:00:00,2019-01-05 02:00:00,2019-01-25 02:00:00,2019-01-15 15:00:00
57765dc6994a77f925220779a0041dd5,fb932692dc160e3deb159f5b81a05782,delivered,2017-02-13 10:00:00,2017-02-14 09:00:00,2017-02-16 09:00:00,2017-03-09 09:00:00,2017-03-01 10:00:00
bff49e0659e3f0f693b78bab38151095,648e85ebd1c1a2dba82a113285eb4279,delivered,2018-07-16 12:00:00,2018-07-17 12:00:00,2018-07-18 12:00:00,2018-07-28 12:00:00,2018-08-11 12:00:00
73dd8d3140e10b51112858041243161c,ae34097ac6ac61e7d3e14d832f8af5db,shipped,2017-05-04 06:00:00,2017-05-04 19:00:00,2017-05-07 19:00:00,,2017-05-28 06:00:00
7d84dae5af5235bcf8ab33f4f2f9ade1,59debc39e171582b9ec78199964dce39,processing,2018-03-09 22:00:00,2018-03-10 10:00:00,,,2018-03-23 22:00:00
8921349feccb853bcd227ff2635fa3f3,90a71d24b2772e3146556f9a7692f681,delivered,2018-05-30 05:00:00,2018-05-30 06:00:00,2018-06-02 06:00:00,2018-06-23 06:00:00,2018-06-14 05:00:00
7e4c410bd87534bf9564d4c1aedb4262,dd95b4d7570edab239323a072ec3f8e0,delivered,2017-02-14 09:00:00,2017-02-14 23:00:00,2017-02-15 23:00:00,2017-02-21 23:00:00,2017-03-03 09:00:00
2334fcc4e022ede0ed88bddae8180064,3e447305eb55920d81d231cb66bd5d42,delivered,2018-01-02 15:00:00,2018-01-02 20:00:00,2018-01-03 20:00:00,2018-01-24 20:00:00,2018-01-19 15:00:00
23167b59cfbbf4e3e160e35b4da7f632,02447c1087d01cf295e81a3944113459,delivered,2018-06-22 21:00:00,2018-06-23 04:00:00,2018-06-27 04:00:00,2018-07-06 04:00:00,2018-07-10 21:00:00
dee4254b0afc13fb6e8f19bcc09b61e4,0f46bb1168094564433121ffd3f63623,delivered,2018-01-06 07:00:00,2018-01-06 19:00:00,2018-01-07 19:00:00,2018-01-16 19:00:00,2018-01-29 07:00:00
eac7c57bfc96fd06ce8b30cea67155cd,76e9efdc47e4b3f364ad2b394702fe75,delivered,2017-02-10 11:00:00,2017-02-11 04:00:00,2017-02-16 04:00:00,2017-03-01 04:00:00,2017-03-03 11:00:00
3d4a49aee83f6a2a52fc6f48e7e337c4,ed441085502426c63a53de538375e8f9,delivered,2017-10-23 19:00:00,2017-10-24 06:00:00,2017-10-27 06:00:00,2017-11-05 06:00:00,2017-11-14 19:00:00
cf407865a5c11300e32457302ede3051,565e040dd4946414a22966c4ca39d65a,delivered,2017-07-30 19:00:00,2017-07-31 02:00:00,2017-08-04 02:00:00,2017-08-22 02:00:00,2017-08-19 19:00:00
1bab13ac9863bb207d53c706fb5078f7,a0cbfeca6d7e39bcfb48ac140d0de136,delivered,2017-07-23 08:00:00,2017-07-23 20:00:00,2017-07-26 20:00:00,2017-08-01 20:00:00,2017-08-08 08:00:00
d73c92595a8258cb8d783a9bed87adb6,4448cbb9c07126f39213f6439a898be7,delivered,2017-08-14 19:00:00,2017-08-14 19:00:00,2017-08-19 19:00:00,2017-09-09 19:00:00,2017-09-05 19:00:00
d97eb35599870266dc63a196946320bc,6f68d3b34ef97a7dabd13f1a3d201440,delivered,2017-04-20 00:00:00,2017-04-20 06:00:00,2017-04-22 06:00:00,2017-04-28 06:00:00,2017-05-04 00:00:00
3b1bf755e600fd684a69ed38b705e692,3faf1b34462e27af67b4c8975a6f9b6b,delivered,2017-08-12 10:00:00,2017-08-13 01:00:00,2017-08-14 01:00:00,2017-09-07 01:00:00,2017-09-11 10:00:00
faaa53fc094a8492d88d11dd321a3244,cf6579ec87eb754a995ef5bd84653d5f,delivered,2018-08-23 20:00:00,2018-08-23 21:00:00,2018-08-25 21:00:00,2018-08-30 21:00:00,2018-09-09 20:00:00
113ff40f13b96213b6684e199a463e70,3204c06df61a84b9cec74f48046606f6,delivered,2017-06-21 07:00:00,2017-06-21 15:00:00,2017-06-23 15:00:00,2017-07-13 15:00:00,2017-07-06 07:00:00
747738793eec05dc7660302f477eb375,c87d01c292e8c8b15e003828d5935e79,delivered,2017-09-05 19:00:00,2017-09-05 22:00:00,2017-09-07 22:00:00,2017-09-15 22:00:00,2017-09-18 19:00:00
e7775ef59ab9ae1b1d93c7bd4c66b4ed,d789c6245e14901bfea59d94998c603a,delivered,2017-07-31 02:00:00,2017-07-31 14:00:00,2017-08-03 14:00:00,2017-08-17 14:00:00,2017-08-12 02:00:00
3ed04e680d250730f5a98c9a6a71dec5,2162d1b7769ac8923466b8f9e1e3e199,shipped,2018-04-22 11:00:00,2018-04-23 07:00:00,2018-04-24 07:00:00,,2018-05-15 11:00:00
062e07785f0b5135856638c8a173e274,37fc511b826f081a0651a8970f54c086,delivered,2018-07-30 08:00:00,2018-07-30 18:00:00,2018-08-04 18:00:00,2018-08-21 18:00:00,2018-08-22 08:00:00
64f75c1046983234624695b99deb7a4b,17db46133242f61cea3d19b2c3198f41,delivered,2017-05-28 04:00:00,2017-05-28 05:00:00,2017-05-31 05:00:00,2017-06-03 05:00:00,2017-06-13 04:00:00
1d3ea32c7e54da1eac304971ecc11ecb,2a6504e1fb2fbe8cea46391177e2f124,delivered,2017-03-09 07:00:00,2017-03-09 21:00:00,2017-03-12 21:00:00,2017-04-03 21:00:00,2017-04-01 07:00:00
e1789474380d4643c891e9bcd83060dc,393f80798e15673425e17dadd2f62f9d,shipped,2017-09-21 03:00:00,2017-09-21 17:00:00,2017-09-23 17:00:00,,2017-10-20 03:00:00
96a2e79d6576d828f5517659ed86a0c9,7dea9676ff6fb946e10d14907c8c9267,delivered,2017-11-12 07:00:00,2017-11-12 20:00:00,2017-11-14 20:00:00,2017-11-26 20:00:00,2017-12-01 07:00:00
4a9ab305222bf62a085e05182d756dd3,78a118df0088ca760d25c8d0fde90c2d,canceled,2018-01-19 07:00:00,2018-01-19 18:00:00,,,2018-02-18 07:00:00
9b2dceee765bb06910a012b2237c56bb,48d160c69cdc546cd4f0fd631259d654,delivered,2018-07-02 07:00:00,2018-07-02 12:00:00,2018-07-07 12:00:00,2018-07-13 12:00:00,2018-07-29 07:00:00
c536c0a248504c6b12cd1aebb9076ff3,263a484e2048ba6e72ec6f04ff8bb891,delivered,2017-06-01 03:00:00,2017-06-01 13:00:00,2017-06-06 13:00:00,2017-06-16 13:00:00,2017-06-28 03:00:00
a88d37de6c1f0650b517272df7797643,becac08c53b04133d0d709562205f294,delivered,2017-11-28 14:00:00,2017-11-29 14:00:00,2017-11-26 14:00:00,2017-12-29 14:00:00,2017-12-15 14:00:00
360824da33a37a7480469354f82258a7,d306e664c5857b6b7b98ac6e1ac6e2bf,delivered,2017-12-12 00:00:00,2017-12-12 21:00:00,2017-12-17 21:00:00,2017-12-28 21:00:00,2018-01-09 00:00:00
4cdf506343c3698873037257390ff1c0,9744ceb0d5b5984b50af9b53ec4f9838,delivered,2018-08-09 07:00:00,2018-08-09 08:00:00,2018-08-11 08:00:00,2018-09-04 08:00:00,2018-09-08 07:00:00
daf09b921da9c3c5c798c498499d5830,8d676a99a94a356788ba1f6f36a25607,delivered,2018-05-24 18:00:00,2018-05-25 06:00:00,2018-05-30 06:00:00,2018-06-12 06:00:00,2018-06-10 18:00:00
df8b6c1c27d3584cfb99ac3e1383883b,118f1972a396fc578c76560fb109e971,delivered,2017-11-13 17:00:00,2017-11-13 17:00:00,2017-11-15 17:00:00,2017-11-20 17:00:00,2017-12-03 17:00:00
31b5276f88e941fdb0850679d0b21f98,85a7797f290c07eb5793f1952553ff33,delivered,2017-03-06 05:00:00,2017-03-07 05:00:00,2017-03-10 05:00:00,2017-03-13 05:00:00,2017-03-28 05:00:00
00f3e86630260bb173f1df2609502a6c,0abe31afe664780332f9130d5e6e5122,delivered,2017-11-26 20:00:00,2017-11-26 20:00:00,2017-11-29 20:00:00,2017-12-22 20:00:00,2017-12-18 20:00:00
421ebad4b226f24a230d27b8ff97588e,f6cdd0d1aa31e22b4cda3e1cf0657d73,delivered,2017-04-20 01:00:00,2017-04-20 05:00:00,2017-04-23 05:00:00,2017-05-06 05:00:00,2017-05-15 01:00:00
4c2bfa96a86c1d888d67e82ce8048c91,4c15b7ec8bcae422b0c37157decc0209,delivered,2018-07-17 18:00:00,2018-07-18 06:00:00,2018-07-19 06:00:00,2018-07-31 06:00:00,2018-08-11 18:00:00
d27a1a33f5110f36bce4808b2b5bce12,206ce216b54a126dba8f459237ea3bed,delivered,2017-01-18 15:00:00,2017-01-19 07:00:00,2017-01-21 07:00:00,2017-02-06 07:00:00,2017-01-30 15:00:00
973a905867d1cb6f1d5720cdfa5223bb,005f33377f67c68a9af20d53a5f97430,delivered,2018-03-07 08:00:00,2018-03-07 16:00:00,2018-03-09 16:00:00,2018-03-30 16:00:00,2018-03-24 08:00:00
1f8cedcdc91ceaaea5e0ecfdb96ca7ff,25a0f9e224f6548d7273799834d244cd,delivered,2017-04-20 10:00:00,2017-04-20 20:00:00,2017-04-24 20:00:00,2017-05-09 20:00:00,2017-05-18 10:00:00
47820b9c488fedb62404c66d49869729,e19d4f0a1c44413569d4de06342ed9b4,delivered,2018-06-21 09:00:00,2018-06-22 09:00:00,2018-06-23 09:00:00,2018-07-11 09:00:00,2018-07-19 09:00:00
dcac309645957a60194d397db09dcd19,413b4e2085a3a4735eeefb7fb8a35c0c,delivered,2017-04-23 08:00:00,2017-04-23 17:00:00,2017-04-27 17:00:00,2017-04-30 17:00:00,2017-05-07 08:00:00
cdf9d1d6b22ed234404c86f16cc2e20f,c3a02289b88ba4454e6c2baebb8cea35,delivered,2017-06-19 08:00:00,2017-06-19 14:00:00,2017-06-23 14:00:00,2017-07-17 14:00:00,2017-07-19 08:00:00
7792be47347837520b3b81a9ddd652a8,6925f2d53b36c46e2312271fe55b5c65,delivered,2017-12-10 08:00:00,2017-12-11 07:00:00,2017-12-12 07:00:00,2017-12-18 07:00:00,2018-01-08 08:00:00
f0329337a10d27dcbf153b908971b1bb,992bba0eca857fe44014c0f8ce2fbaf4,delivered,2018-02-01 08:00:00,2018-02-01 09:00:00,2018-02-05 09:00:00,2018-03-02 09:00:00,2018-02-21 08:00:00
32239f5d2dec9b01bb8133fb0b928003,bccb296d3bf5d00a282e25e3d2832c0d,delivered,2017-07-17 05:00:00,2017-07-17 11:00:00,2017-07-19 11:00:00,2017-07-31 11:00:00,2017-08-12 05:00:00
6b9c7e6be4951ebbd7c8ccb8af376fbe,2cd313178874a1c508fe3f405fe19173,delivered,2017-09-28 05:00:00,2017-09-29 05:00:00,2017-10-01 05:00:00,2017-10-10 05:00:00,2017-10-12 05:00:00
9c6723382c110a436cc5599972f580bd,f42050e83730bf79913a27afa9179e02,delivered,2018-03-13 05:00:00,2018-03-13 19:00:00,2018-03-16 19:00:00,2018-03-29 19:00:00,2018-04-02 05:00:00
205d8635cc87858c3b5745dfe0345e68,89fd911f2e06e33a8498a96b0d8660ca,delivered,2018-05-16 05:00:00,2018-05-16 06:00:00,2018-05-21 06:00:00,2018-06-12 06:00:00,2018-06-14 05:00:00
75fd7d83526443bac298823abcdc99ef,148529498bf640eaa244496ab88e33d1,delivered,2017-03-15 13:00:00,2017-03-15 21:00:00,2017-03-18 21:00:00,2017-03-21 21:00:00,2017-03-28 13:00:00
a54680ad810775f3ea0ce0e1cb70c67b,1d7af727ac13e4e8610918c950168bd5,delivered,2017-06-03 11:00:00,2017-06-03 20:00:00,2017-06-06 20:00:00,2017-06-14 20:00:00,2017-06-17 11:00:00
841169cdb95175be5c89158a16b44b0c,576bd523a2fcab345868ffda60bdc662,delivered,2017-09-25 07:00:00,2017-09-25 11:00:00,2017-09-29 11:00:00,2017-10-14 11:00:00,2017-10-25 07:00:00
ecb55c92db2d0ffff047e4e9f3feb7de,a2e0f358c7533bff9fd88e61c5b9cf38,delivered,2017-12-30 00:00:00,2017-12-30 04:00:00,2017-12-31 04:00:00,2018-01-04 04:00:00,2018-01-19 00:00:00
858fab602bbe35eab9da74804b8f05ff,ad8b0dd99e7badb8666bd0eeb2574bf7,delivered,2017-03-09 04:00:00,2017-03-10 01:00:00,2017-03-13 01:00:00,2017-03-29 01:00:00,2017-03-30 04:00:00
8b20cc445705b3005e79e796acfe02ea,b89b97223aa4ecd7c9e58ebc673d4de0,delivered,2017-02-13 05:00:00,2017-02-13 14:00:00,2017-02-15 14:00:00,2017-02-18 14:00:00,2017-02-27 05:00:00
57059671b031a179ac7625b80fc06f77,b27b14fdd4edc9d89c2f33817736fb28,delivered,2017-04-18 05:00:00,2017-04-19 02:00:00,2017-04-20 02:00:00,2017-05-02 02:00:00,2017-05-07 05:00:00
a180ee9b1767370097e3ab403db87d15,32d8aff9f9c048829b40bb900c5f606f,delivered,2017-10-04 05:00:00,2017-10-04 20:00:00,2017-10-06 20:00:00,2017-10-13 20:00:00,2017-10-28 05:00:00
98982e99fa9fdbb3d2b2cf4b489d3b8a,bab0dbe0438e1bb97f527025b3ed3b04,delivered,2018-04-29 20:00:00,2018-04-30 19:00:00,2018-05-04 19:00:00,2018-05-07 19:00:00,2018-05-17 20:00:00
817f8e3b9a1a59cf9b480ff537309e25,f10cb4f0285d9795b9138441d0a05417,delivered,2017-07-19 05:00:00,2017-07-19 12:00:00,2017-07-23 12:00:00,2017-08-03 12:00:00,2017-08-10 05:00:00
dff4cc9131646c14f1a0051f0acae683,f058291104999aebd8b6a5b0c7c22f1b,processing,2017-05-12 13:00:00,2017-05-13 05:00:00,,,2017-06-05 13:00:00
24812872e704db7da4e713588fb6002d,c3575ff16caa4c8d7c3aaa22d8f148fb,delivered,2018-05-13 20:00:00,2018-05-14 12:00:00,2018-05-17 12:00:00,2018-05-29 12:00:00,2018-05-26 20:00:00
5e45295681e4ee990c286323d27f6d1f,9b0dfaab049f32c7b1a7d537b0ec7074,processing,2018-01-15 14:00:00,2018-01-16 08:00:00,,,2018-02-05 14:00:00
4f418193e3289c3a801cbac1c5b56b89,05722bc54b5e4a401a5a897790ba1d38,delivered,2017-05-31 10:00:00,2017-05-31 16:00:00,2017-06-02 16:00:00,2017-06-11 16:00:00,2017-06-15 10:00:00
851e4fe83a6570b5b9725caffea42063,f16a83488fc8ed534f3b81d63745abe5,delivered,2017-06-28 23:00:00,2017-06-29 09:00:00,2017-07-04 09:00:00,2017-07-18 09:00:00,2017-07-17 23:00:00
67fec00325b1ad19c8b93543d9563604,cdf94cb58c9bcaa607aa240c57620a6f,delivered,2017-11-16 23:00:00,2017-11-17 10:00:00,2017-11-22 10:00:00,2017-12-16 10:00:00,2017-12-02 23:00:00
3d9803952621b8998a9da702660f44e6,445d3231c6f7cc83312997afd7e305d5,delivered,2017-05-04 08:00:00,2017-05-05 08:00:00,2017-05-08 08:00:00,2017-05-27 08:00:00,2017-05-24 08:00:00
a13ea32a4b0450671481b96b477cbc8c,a5f604d79cb076a20e551d71871eb65c,delivered,2017-03-09 12:00:00,2017-03-10 11:00:00,2017-03-13 11:00:00,2017-03-17 11:00:00,2017-04-04 12:00:00
231f167698a7e77b214990edabe07080,6961a383dceea2ebc351c35967396010,delivered,2017-05-24 23:00:00,2017-05-25 16:00:00,2017-05-26 16:00:00,2017-06-13 16:00:00,2017-06-20 23:00:00
ab6d0f79fac368c183674372d33e2b2c,3cebcc1d6c019c07c016215d3807ef3a,delivered,2018-01-24 03:00:00,2018-01-24 17:00:00,2018-01-28 17:00:00,2018-02-17 17:00:00,2018-02-23 03:00:00
65fae4a11a037833d4fdfad6400840cb,ae9abf143473b11a73a524c13c8bc189,delivered,2017-10-19 01:00:00,2017-10-19 04:00:00,2017-10-21 04:00:00,2017-11-07 04:00:00,2017-11-15 01:00:00
e06bae1f3e372c8d8a137d8dd2924079,dfee84b13b4c0646d38a9b74ddd86b0e,delivered,2018-03-07 01:00:00,2018-03-07 17:00:00,2018-03-09 17:00:00,2018-03-29 17:00:00,2018-03-29 01:00:00
d736d90ca8ae5c671598203e24c4e6ca,8a661d776049315b00938d5ec3b8a22b,delivered,2017-01-16 11:00:00,2017-01-16 18:00:00,2017-01-19 18:00:00,2017-02-01 18:00:00,2017-02-02 11:00:00
0423793fde3a564a8bf63e19c88994e7,49ef10888ab72eb99be4e2ac9f999133,shipped,2017-08-29 13:00:00,2017-08-29 17:00:00,2017-08-30 17:00:00,,2017-09-11 13:00:00
b1fde4de092a2783e9b50a89c04cf6e6,cf6d28c3f661cfdb7537fb1681edceb3,delivered,2018-02-14 13:00:00,2018-02-14 15:00:00,2018-02-17 15:00:00,2018-02-25 15:00:00,2018-03-05 13:00:00
931884729fa6f3eadb65e8d62660f73f,8abefd88626cea127e129751883e153f,delivered,2018-08-19 13:00:00,2018-08-20 05:00:00,2018-08-24 05:00:00,2018-09-18 05:00:00,2018-09-04 13:00:00
ba49ccd561853b1a63e12924fe95c8c9,c16cd93f5c405fa3de2752bae50c27d4,delivered,2019-03-06 13:00:00,2019-03-07 10:00:00,2019-03-11 10:00:00,2019-04-01 10:00:00,2019-03-19 13:00:00
38e1e998ddca9cc3d48f16c56431d4a9,ca1ef8d944edbacfd8c42832937838f9,delivered,2018-06-30 23:00:00,2018-07-01 05:00:00,2018-07-06 05:00:00,2018-07-27 05:00:00,2018-07-15 23:00:00
84d8ec6a7d5887a5a5548394f39dea6f,06919b1d5da558735e85f3646426f2e5,delivered,2018-07-28 22:00:00,2018-07-29 10:00:00,2018-08-03 10:00:00,2018-08-16 10:00:00,2018-08-09 22:00:00
64fff7a635cebda85d3dc371d6ac0d84,1604c33209a61674cb1fa32544e5f394,delivered,2018-08-19 07:00:00,2018-08-19 17:00:00,2018-08-22 17:00:00,2018-09-08 17:00:00,2018-09-03 07:00:00
877a71fc9d9fbeb36207db6374e5e611,2d6527a15a968960c6bdce4309025afd,shipped,2017-10-18 02:00:00,2017-10-18 05:00:00,2017-10-23 05:00:00,,2017-11-14 02:00:00
b4c313eb7e225d5c236253032ae72b5d,dcd2dfd44c745676478fcedd71341dec,delivered,2018-04-06 17:00:00,2018-04-07 03:00:00,2018-04-10 03:00:00,2018-04-30 03:00:00,2018-04-28 17:00:00
f55db8b9129f9fa53b6a38cfe0df542d,a5b813c29619cf443ac5524fa3a051e8,delivered,2017-11-11 11:00:00,2017-11-12 07:00:00,2017-11-13 07:00:00,2017-11-26 07:00:00,2017-12-03 11:00:00
a4a5308d4aec4d62f30fa5b6b8280725,70e98f08c9f09bd6a32785f7e61c4368,delivered,2018-03-10 14:00:00,2018-03-11 13:00:00,2018-03-12 13:00:00,2018-03-19 13:00:00,2018-04-02 14:00:00
2e401311c973c84e2d4c041374be3766,aa47bfc8164ba766b4c7573a84c84c23,delivered,2018-04-28 12:00:00,2018-04-29 03:00:00,2018-05-03 03:00:00,2018-05-16 03:00:00,2018-05-18 12:00:00
32c52d76370ebb11affee02e7508e10c,1035ddda2cf0c77d7801792ba53a43d6,delivered,2018-03-27 03:00:00,2018-03-28 01:00:00,2018-03-30 01:00:00,2018-04-20 01:00:00,2018-04-26 03:00:00
1f45a6d06af9e1cd444b94904edd1cfd,f08fecf78e525adc51f8deb6340407f4,delivered,2018-08-15 17:00:00,2018-08-16 13:00:00,2018-08-20 13:00:00,2018-09-07 13:00:00,2018-09-03 17:00:00
53ae322ed147b235e537cd52b53a2800,7d861a5536d83fad1ccda878b800f540,delivered,2018-06-24 15:00:00,2018-06-25 08:00:00,2018-06-30 08:00:00,2018-07-10 08:00:00,2018-07-10 15:00:00
aad74fe05f48087ee0e660c2b477caf7,b8d7e825bd6f6707b17d64df35e8f24a,delivered,2017-12-24 21:00:00,2017-12-25 02:00:00,2017-12-27 02:00:00,2018-01-19 02:00:00,2018-01-22 21:00:00
2632fa9dc768edb905d8e14617f42764,de1a8a8eedb49f8de606b32f920d5830,delivered,2017-08-04 23:00:00,2017-08-05 04:00:00,2017-08-10 04:00:00,2017-08-24 04:00:00,2017-08-16 23:00:00
c578f4f49b18276a1d7b83630db26722,23bf1f71a901bdb8c0ae50f37770014d,delivered,2018-04-17 13:00:00,2018-04-17 15:00:00,2018-04-18 15:00:00,2018-04-24 15:00:00,2018-05-11 13:00:00
aa46dd26e07ab79da68f75ac74916018,2dc84e80a90bdc3a036ec6cb8941069b,delivered,2017-12-12 06:00:00,2017-12-13 06:00:00,2017-12-18 06:00:00,2017-12-24 06:00:00,2017-12-28 06:00:00
36f1374dee426792ce2c36df005101e5,a7b85447bc6965e7bdfb0e2fcf7a9bd5,delivered,2018-01-25 02:00:00,2018-01-25 20:00:00,2018-01-30 20:00:00,2018-02-13 20:00:00,2018-02-10 02:00:00
472678ac7eaef4528eba2e783b162773,7ab417d62975cef79d3f904a5ca0678b,delivered,2018-03-09 03:00:00,2018-03-09 22:00:00,2018-03-14 22:00:00,2018-03-18 22:00:00,2018-04-04 03:00:00
e49e6f6e6c561f785e5a590a7393c675,a3cc77c1c4b6ae47ea0970c6907e5f2d,delivered,2018-02-20 15:00:00,2018-02-21 10:00:00,2018-02-22 10:00:00,2018-03-08 10:00:00,2018-03-18 15:00:00
1708f96ef1762fbdc37114e346b3138a,660d29927307039f19b251ca3ad782dc,delivered,2018-02-27 17:00:00,2018-02-28 06:00:00,2018-03-05 06:00:00,2018-03-09 06:00:00,2018-03-28 17:00:00
2ccb87cb668ed827cd101511331212d1,4cdc4dcd7df5e219468a4cd3f431f8f1,delivered,2018-01-05 16:00:00,2018-01-05 22:00:00,2018-01-06 22:00:00,2018-01-09 22:00:00,2018-02-04 16:00:00
236284b8d4a84c963d948afd864d3a8d,1067308a95cc34cd5a6d86ba1434faeb,delivered,2018-03-24 04:00:00,2018-03-24 19:00:00,2018-03-25 19:00:00,2018-03-29 19:00:00,2018-04-06 04:00:00
50a6eb2200c65ec892fcbafc4501a390,b249c3c8a18e1a64b51f34b7dba0aa70,delivered,2018-07-31 22:00:00,2018-08-01 20:00:00,2018-08-02 20:00:00,2018-08-15 20:00:00,2018-08-17 22:00:00
8e7989829a5d5ace61d9407c6a21ab97,d04c5e8e1eca88d3af665d67706370c4,delivered,2018-04-20 18:00:00,2018-04-20 21:00:00,2018-04-24 21:00:00,2018-05-09 21:00:00,2018-05-05 18:00:00
779ee83d36df223906bc0d7123baa2ca,a90ae1cdf4ac51f0fcf086c5d91e7e1a,delivered,2017-06-19 13:00:00,2017-06-20 03:00:00,2017-06-25 03:00:00,2017-07-03 03:00:00,2017-07-04 13:00:00
8999b812d61676fcbb1ffaf405bcde63,f667a91a71c7ebf1f9dbe07e15604ec8,delivered,2017-05-31 03:00:00,2017-05-31 21:00:00,2017-06-03 21:00:00,2017-06-27 21:00:00,2017-06-28 03:00:00
796c39ad6b35a9b90bfc8c458a43aa23,426ea2f90693d01acfd6bb310fcc8520,delivered,2018-07-07 05:00:00,2018-07-08 02:00:00,2018-07-09 02:00:00,2018-07-17 02:00:00,2018-07-25 05:00:00
ab9737efffc19e7bf17a273b941eddf9,6460f660c08d551fb9e89990769eb31c,shipped,2018-09-13 05:00:00,2018-09-13 20:00:00,2018-09-14 20:00:00,,2018-09-26 05:00:00
65edb1d9a4242b77ab86fc70a89c0d28,ce08215adbe6fc7fcc40d3a594bea0bd,delivered,2019-02-07 05:00:00,2019-02-08 01:00:00,2019-02-09 01:00:00,2019-03-03 01:00:00,2019-03-04 05:00:00
f5cca86b92e92aa7f7b8a5e480a5fe0d,00167fac2003c81e8bf54fa88ae91f31,delivered,2018-02-21 08:00:00,2018-02-21 15:00:00,2018-02-24 15:00:00,2018-03-16 15:00:00,2018-03-17 08:00:00
d21c922affa2df4729ca6e42d09ae2dc,a3dd65b3998549bcfcb4ee27c167dc84,delivered,2018-01-02 21:00:00,2018-01-03 19:00:00,2018-01-07 19:00:00,2018-01-13 19:00:00,2018-01-21 21:00:00
460aa7f94a05e06db26f8bb23178bdbb,df7facac0814b225a67920905160d305,delivered,2017-04-10 13:00:00,2017-04-11 07:00:00,2017-04-15 07:00:00,2017-04-30 07:00:00,2017-04-24 13:00:00
9f5f462353921935d6f8d94c39fa35e6,c98afa081ac62a63feca6f41d908d319,delivered,2018-02-28 16:00:00,2018-03-01 04:00:00,2018-03-05 04:00:00,2018-03-16 04:00:00,2018-03-29 16:00:00
d84606250effa0c12e3a9584adf538fc,995f2694b8edffe82280229d9d1b40f5,delivered,2017-04-24 03:00:00,2017-04-24 18:00:00,2017-04-27 18:00:00,2017-05-07 18:00:00,2017-05-18 03:00:00
a7f3cf5c981813c70657894f0c953522,01f735177c4a42db610506680e49a743,delivered,2018-01-17 19:00:00,2018-01-18 04:00:00,2018-01-20 04:00:00,2018-02-01 04:00:00,2018-02-14 19:00:00
07656c229bcde988ce25d28181a4dce0,c8009f5e3139c12d3881efd7f6fa5eb6,delivered,2017-11-12 10:00:00,2017-11-12 17:00:00,2017-11-15 17:00:00,2017-11-26 17:00:00,2017-12-06 10:00:00
4f848c317954af2da819d4b9b1a6aed3,7a761f37e1a06de2f6de974a6d9d5598,delivered,2017-07-05 14:00:00,2017-07-06 14:00:00,2017-07-09 14:00:00,2017-07-31 14:00:00,2017-07-19 14:00:00
2c4276b214420114dfe704a4322570ff,20baeb3f8f0f7109fddbeb807e99cb58,delivered,2018-05-08 22:00:00,2018-05-09 09:00:00,2018-05-13 09:00:00,2018-05-16 09:00:00,2018-05-28 22:00:00
5305405880e2ee403b891988c04d3cca,b1d8ea698eb7cd02abf7c0281f978761,delivered,2017-11-14 04:00:00,2017-11-14 15:00:00,2017-11-17 15:00:00,2017-11-21 15:00:00,2017-11-27 04:00:00
aa1c8b533e2e720134cec306c39fcfb3,65ecc39cc6079cb1e6b31a27703a382b,delivered,2017-03-28 14:00:00,2017-03-29 10:00:00,2017-03-31 10:00:00,2017-04-18 10:00:00,2017-04-14 14:00:00
8b9a0113b81c9d0b53332e5d3ac36c05,fa96a00dcaf6a7d4fe8c686a9bdf9c67,delivered,2017-02-03 12:00:00,2017-02-03 16:00:00,2017-02-06 16:00:00,2017-02-28 16:00:00,2017-02-22 12:00:00
e106ae3288fb044ad1c76cf135d3fe5b,881fea11d36b06cd0db1565d6d70799e,delivered,2017-09-25 08:00:00,2017-09-25 10:00:00,2017-09-29 10:00:00,2017-10-21 10:00:00,2017-10-13 08:00:00
d667159d22021f9fb3fce44c942a9c09,7b3299df50833557fc3b8f4dfe42db8f,delivered,2017-03-04 09:00:00,2017-03-04 17:00:00,2017-03-08 17:00:00,2017-04-01 17:00:00,2017-03-20 09:00:00
b6315c550ca3e980ec95575283c2539c,ddef6430845f6d5d2c22919cfbc07564,delivered,2018-08-04 06:00:00,2018-08-04 12:00:00,2018-08-06 12:00:00,2018-08-13 12:00:00,2018-08-19 06:00:00
51bf4361edb5db914a13b17c8d938a1b,e5d25bc33c3826aab97938acead22702,delivered,2017-10-23 01:00:00,2017-10-23 21:00:00,2017-10-24 21:00:00,2017-11-14 21:00:00,2017-11-20 01:00:00
be007552f3d6d5c75455213bf1867d89,47691dcbd0c9dfc1d13f24955ebc23bf,delivered,2017-07-06 00:00:00,2017-07-06 14:00:00,2017-07-07 14:00:00,2017-07-20 14:00:00,2017-07-18 00:00:00
9e5d78a1c5bdb49544d44eca976b5158,ea9326f6ec221123d164d6519d36dea0,delivered,2017-04-13 12:00:00,2017-04-14 04:00:00,2017-04-19 04:00:00,2017-04-22 04:00:00,2017-05-06 12:00:00
8775a0f078f458891e49c76a90d52b99,a2a1a620e5d0111f852146cd8e300e9c,processing,2017-10-02 12:00:00,2017-10-03 09:00:00,,,2017-10-16 12:00:00
f1904cecc2d454e1017f040edad2e66e,8da4ced11423040dfa4fa66c4d7f6dfb,canceled,2018-01-25 00:00:00,2018-01-25 18:00:00,,,2018-02-08 00:00:00
7a3f4573f16a18579a68990e2412e47e,29a7f0412d519614442a584a6f8cd15f,delivered,2018-02-17 04:00:00,2018-02-17 22:00:00,2018-02-18 22:00:00,2018-03-07 22:00:00,2018-03-02 04:00:00
22d1b5fad3c8acca3615ede42bf30743,75987f100d86ff36f35d164d466d8ac1,delivered,2017-12-17 13:00:00,2017-12-18 04:00:00,2017-12-20 04:00:00,2018-01-08 04:00:00,2018-01-03 13:00:00
930951a61dbd3a83176a5eb80f1abefd,f2e3fdc9c0c86a82b2b11b81a4380f8a,delivered,2017-12-26 17:00:00,2017-12-26 17:00:00,2017-12-31 17:00:00,2018-01-08 17:00:00,2018-01-21 17:00:00
a75554fefcebe192d4796110b35e85f5,e7f2f49d41a51d1f7bdeb381f4fcb6bc,delivered,2017-01-16 00:00:00,2017-01-16 16:00:00,2017-01-21 16:00:00,2017-02-02 16:00:00,2017-02-14 00:00:00
15280e7c89d5e178cf998da34f942b3e,ce05a28133c25e627960e810fa372989,delivered,2018-06-12 04:00:00,2018-06-13 04:00:00,2018-06-14 04:00:00,2018-06-18 04:00:00,2018-07-02 04:00:00
b7be51dffd5eb63638124f7f8c46b173,9699e962319a009f72a353696de46fed,processing,2017-02-09 23:00:00,2017-02-10 08:00:00,,,2017-02-27 23:00:00
7e4e72730ae19e7e1b6d89275315de9a,c4024764e6fe01cc5553931aefd9d09a,delivered,2017-02-04 17:00:00,2017-02-05 02:00:00,2017-02-06 02:00:00,2017-03-02 02:00:00,2017-02-19 17:00:00
cb3c211dc8f168095051b949e6af993c,700f8e852ea756a8229ea406aab76dd1,delivered,2017-01-01 02:00:00,2017-01-01 13:00:00,2017-01-02 13:00:00,2017-01-05 13:00:00,2017-01-18 02:00:00
ee45a7440cad2d638cfd980c984f5419,76b4c117210f0001d832c73230f699cd,delivered,2018-03-30 22:00:00,2018-03-31 21:00:00,2018-04-05 21:00:00,2018-04-29 21:00:00,2018-04-22 22:00:00
088393111216e243634ee1155c812bad,0bb34c1425818b225728e2b6912c4ca9,delivered,2018-01-18 21:00:00,2018-01-19 12:00:00,2018-01-24 12:00:00,2018-02-14 12:00:00,2018-01-30 21:00:00
399b747bdca4b19e5ffdf1cffc8e920d,f692f963b2ea685094bfe6604e879c62,delivered,2018-08-07 09:00:00,2018-08-07 21:00:00,2018-08-11 21:00:00,2018-08-28 21:00:00,2018-08-31 09:00:00
c996a54bbcbb065803e6551e11dabe5e,18623b8cdb23915e54be61704ec66d97,delivered,2017-08-13 07:00:00,2017-08-13 08:00:00,2017-08-17 08:00:00,2017-09-10 08:00:00,2017-08-26 07:00:00
c564956a97f5f3e4bca8891197ea502c,2bc6206b167544272fa227c3dc5714da,delivered,2017-11-28 18:00:00,2017-11-28 23:00:00,2017-12-02 23:00:00,2017-12-06 23:00:00,2017-12-17 18:00:00
c07ec4c4b6b4aaa539c42eed297f8f1e,d783b9d05820ea4fcd185ea51740e77b,delivered,2018-01-26 18:00:00,2018-01-26 23:00:00,2018-01-28 23:00:00,2018-02-13 23:00:00,2018-02-12 18:00:00
96aaa3cabaf6e89f14e0a8d38cf431de,8cdc67155512a5075f15ee3f891887a7,delivered,2018-04-20 18:00:00,2018-04-21 12:00:00,2018-04-25 12:00:00,2018-05-20 12:00:00,2018-05-17 18:00:00
2b0a0050235aa8e9838fd802fed46e35,1891c896a848849e0dacf645ddc16c3a,delivered,2017-12-06 09:00:00,2017-12-07 00:00:00,2017-12-09 00:00:00,2017-12-12 00:00:00,2017-12-19 09:00:00
bc58196e2064774fac5200b5029cfbda,b37b574e323f9bb2b5e5f62a9a39bc36,delivered,2018-01-04 18:00:00,2018-01-04 18:00:00,2018-01-06 18:00:00,2018-01-10 18:00:00,2018-01-22 18:00:00
0eb4762ed32b3c0dfbff1829aea3798b,00bd204e32714f016557ecee40e3200c,delivered,2017-02-18 13:00:00,2017-02-19 08:00:00,2017-02-21 08:00:00,2017-03-10 08:00:00,2017-03-16 13:00:00
950097ce28bc2d51f1e453e6dc50522d,0a76e4049bada6c6dd7d08c960cc7abd,delivered,2018-04-26 09:00:00,2018-04-27 01:00:00,2018-04-29 01:00:00,2018-05-05 01:00:00,2018-05-08 09:00:00
831bef039201030915886873272926b0,ee0b683a64dd4384b34f21ca3bdec3f4,delivered,2017-02-11 12:00:00,2017-02-11 23:00:00,2017-02-14 23:00:00,2017-02-18 23:00:00,2017-03-04 12:00:00
6f102145227b051262a5aa212b3fde5d,d8b4d672212552fa3094f25674202299,delivered,2017-04-24 12:00:00,2017-04-24 15:00:00,2017-04-25 15:00:00,2017-05-07 15:00:00,2017-05-10 12:00:00
99cd0df3a873abc815aaaa3bb6123cda,d216d058e84dfaa44fa6897eb96f5266,delivered,2017-07-24 12:00:00,2017-07-25 00:00:00,2017-07-28 00:00:00,2017-08-07 00:00:00,2017-08-11 12:00:00
c742bbaf77870d52dd12bbc65eaae175,445f1ad1b8012d83faea50545fb56c40,delivered,2018-02-20 00:00:00,2018-02-20 22:00:00,2018-02-25 22:00:00,2018-03-21 22:00:00,2018-03-12 00:00:00
4919d9ff57dfba1d2d555314143e7fb7,20608b8d47c57d53e7ebff3f35683bea,delivered,2017-03-07 13:00:00,2017-03-08 06:00:00,2017-03-09 06:00:00,2017-03-30 06:00:00,2017-03-29 13:00:00
aaee3f08ff6905680d79c20f4931bd94,d04a8ff9eee14ab31f5ec4d26282a4d5,shipped,2017-09-30 05:00:00,2017-10-01 01:00:00,2017-10-06 01:00:00,,2017-10-18 05:00:00
517e71e047e5df568e96551aeeba6ad9,ea88d27d17a6171172569d7c8c8a22f6,delivered,2018-01-13 23:00:00,2018-01-14 10:00:00,2018-01-17 10:00:00,2018-01-25 10:00:00,2018-02-07 23:00:00
31ea282130347270681ff52852ec03ca,ae957e1c667a63706e12d25593ca3df0,delivered,2018-04-09 04:00:00,2018-04-09 07:00:00,2018-04-12 07:00:00,2018-04-16 07:00:00,2018-04-22 04:00:00
06c6b8c26ce87f511eb2c17031e2d719,f2034fe7d8c024a9a99e0f9b768eaf58,delivered,2017-07-10 10:00:00,2017-07-10 17:00:00,2017-07-15 17:00:00,2017-08-09 17:00:00,2017-07-25 10:00:00
e4ac1e29d3c6756c5a2cfba89d88e7a4,f76361e65f9f9701b819544a20b8d865,delivered,2017-09-10 11:00:00,2017-09-11 08:00:00,2017-09-13 08:00:00,2017-09-23 08:00:00,2017-09-26 11:00:00
82ee6e080ba9ee1e75888aa1f9e33543,8d1d37a30c884f7be84b3c5517759710,delivered,2018-04-26 12:00:00,2018-04-27 07:00:00,2018-05-01 07:00:00,2018-05-07 07:00:00,2018-05-24 12:00:00
433d65c2c0f5de46714f4be5530619e4,3347216c7a7d6d78670cada1c783870a,delivered,2018-07-01 08:00:00,2018-07-01 14:00:00,2018-07-03 14:00:00,2018-07-28 14:00:00,2018-07-17 08:00:00
a2aba713e5a79d2fd54719323e03a5ea,63bd916be674b2ca0c9f82ada7f57ee0,delivered,2017-08-05 11:00:00,2017-08-06 02:00:00,2017-08-08 02:00:00,2017-08-13 02:00:00,2017-08-20 11:00:00
a82762b4793909cdb8582767d4031364,922731e93aaf618766384b25a9f9f36c,delivered,2018-06-05 09:00:00,2018-06-05 11:00:00,2018-06-08 11:00:00,2018-06-19 11:00:00,2018-07-02 09:00:00
cdad77367a272eb30f6924f32f532a9f,ce0ae1dd5b95ae5e7f2487bc8c102bc1,delivered,2017-11-25 14:00:00,2017-11-25 18:00:00,2017-11-26 18:00:00,2017-12-07 18:00:00,2017-12-12 14:00:00
cc4282cd1474849f3b38102b7bdf1546,e4a8844f7d94a6ce6d2616e22a3bb73f,delivered,2017-08-09 02:00:00,2017-08-10 02:00:00,2017-08-12 02:00:00,2017-08-19 02:00:00,2017-09-04 02:00:00
1feba1e73bb1591b2e832bbe55ba1dfe,a30e1e9794061f23c91f8d86b99eec19,delivered,2018-06-09 21:00:00,2018-06-10 02:00:00,2018-06-11 02:00:00,2018-07-02 02:00:00,2018-06-23 21:00:00
e28323794f3c0388ec6123eb733c4dee,97d4798672a4bac6928888f64c38f15a,shipped,2018-05-24 12:00:00,2018-05-25 01:00:00,2018-05-27 01:00:00,,2018-06-16 12:00:00
34d4ab34aca6dd4b69dcce117671b52a,293dffae876d9b132958d9ab1c30f3f5,delivered,2018-01-12 11:00:00,2018-01-12 18:00:00,2018-01-13 18:00:00,2018-01-26 18:00:00,2018-02-02 11:00:00
c0c365283e9d547a96ce7d179a7db4b4,ed919b5591c33f136540ecd11f0e523d,delivered,2017-11-09 19:00:00,2017-11-10 17:00:00,2017-11-13 17:00:00,2017-11-24 17:00:00,2017-12-09 19:00:00
922d82ffc29faa8fe4eb5ab9ff69af1c,020ab8a8f7a379871a8645c4285e9704,delivered,2017-04-13 07:00:00,2017-04-13 08:00:00,2017-04-15 08:00:00,2017-04-21 08:00:00,2017-05-10 07:00:00
243517e00702c1dbd2ad8a480dfac4c9,910af69d3933c2ed9c6675cdb9398e8e,delivered,2017-03-07 04:00:00,2017-03-07 15:00:00,2017-03-08 15:00:00,2017-03-15 15:00:00,2017-03-22 04:00:00
15ab1a4738a6484c634c842f65843875,53c70de6b21d856b426664cf306c4d84,delivered,2018-07-20 09:00:00,2018-07-21 02:00:00,2018-07-26 02:00:00,2018-08-09 02:00:00,2018-08-02 09:00:00
c80bdbd7657050eea874d557cd0e1708,acbf81d4b1720b65bdcfc42b8122a1db,delivered,2018-12-03 09:00:00,2018-12-03 09:00:00,2018-12-04 09:00:00,2018-12-24 09:00:00,2018-12-25 09:00:00
f1bef5889c0851d48f202a19d0a836ae,2977fb6e29d295d60c03b6d6f27eec3b,delivered,2019-04-05 09:00:00,2019-04-05 21:00:00,2019-04-08 21:00:00,2019-04-16 21:00:00,2019-05-01 09:00:00
e6a19ff8ab9a95851f737931b137d223,bbeb914b115626bb70e39ecb77ec1430,delivered,2017-09-17 13:00:00,2017-09-18 03:00:00,2017-09-21 03:00:00,2017-09-24 03:00:00,2017-10-13 13:00:00
21be4ca5cadaf90ff365185deafb7b2c,b77c32c24556a328377f35c1076f632f,delivered,2017-06-24 07:00:00,2017-06-25 00:00:00,2017-06-28 00:00:00,2017-07-15 00:00:00,2017-07-08 07:00:00
dcbd6ef5ef8b07d099c8cca7d51878a7,c96288559f4ef5d61b1a5a0669f6a8cb,delivered,2017-11-25 08:00:00,2017-11-25 16:00:00,2017-11-26 16:00:00,2017-12-11 16:00:00,2017-12-18 08:00:00
a0903f903fc543c97c479df23f55f644,f278b48825be290abd4fb6fcb9866767,delivered,2017-09-18 16:00:00,2017-09-19 10:00:00,2017-09-20 10:00:00,2017-09-28 10:00:00,2017-10-03 16:00:00
f8bc60bb96773d4c1a837f9e5a3ede12,26ab406f9927d85c39bcae35eeba719d,delivered,2017-02-06 20:00:00,2017-02-07 04:00:00,2017-02-10 04:00:00,2017-02-18 04:00:00,2017-02-28 20:00:00
d732bacd8090661f4e02ffb304bdd646,d5612a4ae7a3d3fee090c65f715c8f85,delivered,2017-10-29 09:00:00,2017-10-30 01:00:00,2017-11-04 01:00:00,2017-11-25 01:00:00,2017-11-20 09:00:00
cb77624651a3dfe47962e5a87f7d7604,ebd9216573cd3e912f5b46f7449c230d,delivered,2018-03-01 07:00:00,2018-03-01 18:00:00,2018-03-06 18:00:00,2018-03-13 18:00:00,2018-03-13 07:00:00
2e0cf801f4366b12c391ef93aa012ab9,4bf1d7a8b9042b4e9f571ce3d3a085ec,delivered,2018-02-23 05:00:00,2018-02-23 17:00:00,2018-02-24 17:00:00,2018-03-09 17:00:00,2018-03-15 05:00:00
1cd6cf0de228d8e4e964f172a9a9bd76,82e89b5e4bcb68bdbfca79d85f42cf6b,delivered,2017-06-27 02:00:00,2017-06-27 19:00:00,2017-06-29 19:00:00,2017-07-15 19:00:00,2017-07-26 02:00:00
c6a3e5d453c96c608551e6e8504d39e0,d4f7f15f3e9af4fb7afe378086403806,delivered,2018-03-29 20:00:00,2018-03-30 08:00:00,2018-04-03 08:00:00,2018-04-15 08:00:00,2018-04-22 20:00:00
82d621ddf00a8b857c501ef8bb94c73b,480a202f1cde5b69f8fb04f3cbbc04a3,delivered,2018-06-29 06:00:00,2018-06-30 00:00:00,2018-07-01 00:00:00,2018-07-06 00:00:00,2018-07-26 06:00:00
562f62e88a0bb8e4294a8a71bf7ca627,325b7c88efadd4b5590bbfbc0160c1c4,delivered,2017-01-03 01:00:00,2017-01-03 13:00:00,2017-01-05 13:00:00,2017-01-11 13:00:00,2017-01-15 01:00:00
d805aa2b2d6436ea3a25be44db986cde,3e7b15a3eefdf1cf6fa760a9c19bfe2a,delivered,2017-06-17 14:00:00,2017-06-17 20:00:00,2017-06-22 20:00:00,2017-07-14 20:00:00,2017-07-11 14:00:00
596d88dc394b5576f8876d7dbb28b3b1,8212f5dfd961cea08a626b5cac4b7dbd,delivered,2017-06-06 03:00:00,2017-06-06 17:00:00,2017-06-11 17:00:00,2017-06-16 17:00:00,2017-07-04 03:00:00
97ea6d52f84dca4b5a332b7d1c54cdb8,b1ddfdbb80cf9dc7eb10862175ecc919,delivered,2018-02-24 03:00:00,2018-02-24 20:00:00,2018-02-26 20:00:00,2018-03-18 20:00:00,2018-03-17 03:00:00
024ff385a2ef2b77a0d69a596f6656b4,abd14dd545d81a459a3336ee39385322,delivered,2017-12-18 10:00:00,2017-12-19 09:00:00,2017-12-22 09:00:00,2017-12-29 09:00:00,2018-01-17 10:00:00
469acda367d73e5748c31385922ba6f1,d9c175fd9e28984faf826da05a18f557,delivered,2017-09-19 17:00:00,2017-09-20 09:00:00,2017-09-22 09:00:00,2017-10-14 09:00:00,2017-10-17 17:00:00
29fda2560809c464fc90d88ae33bb3e0,d5f00f271e46c88e2bc030e4f7009428,delivered,2017-01-11 10:00:00,2017-01-12 00:00:00,2017-01-13 00:00:00,2017-01-28 00:00:00,2017-02-04 10:00:00
3c8f5a90dd90fef2fbf7ad206a7e95d2,58fe79a18da72e1a1b21eb27feae0fb8,delivered,2017-09-26 23:00:00,2017-09-27 13:00:00,2017-09-24 23:00:00,2017-10-03 13:00:00,2017-10-09 23:00:00
e98a470cb894550ae9faa2067ad79ad5,c2dc09c180ade83c0d41de2691c99644,delivered,2018-03-19 14:00:00,2018-03-19 17:00:00,2018-03-24 17:00:00,2018-04-11 17:00:00,2018-04-05 14:00:00
1de883ef20448d4cc732ca9bc992e0cc,244a9ac860b9745909e2f56ef0a3be30,delivered,2017-06-18 09:00:00,2017-06-18 20:00:00,2017-06-23 20:00:00,2017-07-15 20:00:00,2017-07-13 09:00:00
ba8914275540990249979fe3231e388a,f82dd1f514f32e9bd4977ff67d359603,delivered,2017-11-17 00:00:00,2017-11-17 03:00:00,2017-11-15 00:00:00,2017-12-14 03:00:00,2017-11-30 00:00:00
959ee77e2e52635d2bc4a31953211cf1,8ddc5f0e523c0ed4acd3cc0bb65d95c2,delivered,2018-07-24 10:00:00,2018-07-24 15:00:00,2018-07-27 15:00:00,2018-08-03 15:00:00,2018-08-15 10:00:00
be4c2dc5bb5740e9876796d9dfb44eef,703863384c2d189b2422262ec5ba8420,delivered,2017-08-08 11:00:00,2017-08-08 20:00:00,2017-08-09 20:00:00,2017-08-26 20:00:00,2017-08-23 11:00:00
09954fc3efb3eb376d57ffd72ea5f54b,fafbb18e99d2f7f2eb1f283e856b1c79,delivered,2017-09-03 20:00:00,2017-09-04 12:00:00,2017-09-09 12:00:00,2017-09-17 12:00:00,2017-10-02 20:00:00
3020366c7a7634b5af80ccb16cc35925,5b3292fd1b7d405edd0cd4059084b6de,delivered,2017-04-14 16:00:00,2017-04-15 04:00:00,2017-04-19 04:00:00,2017-04-24 04:00:00,2017-05-11 16:00:00
04579d6f93d3125a3a5604b37acd003a,571cdfbf8dd9bb839877c24c8842955a,delivered,2017-04-25 01:00:00,2017-04-25 08:00:00,2017-04-28 08:00:00,2017-05-06 08:00:00,2017-05-10 01:00:00
d7b3c8661c751ad4bdecfa9d84b0249a,f208deed205cf4ec85181eb4c1157613,delivered,2018-08-08 11:00:00,2018-08-08 16:00:00,2018-08-10 16:00:00,2018-08-15 16:00:00,2018-09-03 11:00:00
28eda191dfb48b5fc2b35e097f101f15,6cea8e8a34c3ab73ed0c082bcb7857a9,delivered,2017-04-12 08:00:00,2017-04-12 20:00:00,2017-04-17 20:00:00,2017-04-23 20:00:00,2017-04-26 08:00:00
dc87885e8f6e1e3025d6ad4050cca99f,5ed2f65d0c07cdc393bc506c77cf865f,delivered,2017-04-18 14:00:00,2017-04-19 03:00:00,2017-04-24 03:00:00,2017-05-03 03:00:00,2017-05-07 14:00:00
796c6ae6fc19285d92d13d77da532699,202a9ced885afb35db8ee298f561f4c3,delivered,2017-01-11 07:00:00,2017-01-12 03:00:00,2017-01-15 03:00:00,2017-01-29 03:00:00,2017-01-26 07:00:00
b0b169f7378f78da14308e24709b5f65,ea3e442f23cdec8466ed34e2c1ed3940,delivered,2017-07-30 12:00:00,2017-07-31 11:00:00,2017-08-05 11:00:00,2017-08-20 11:00:00,2017-08-29 12:00:00
0ae700f79d0aafe2adc8a219f4de6a69,6494446a3f005dab4a490f80613c9847,delivered,2017-04-29 03:00:00,2017-04-29 19:00:00,2017-05-01 19:00:00,2017-05-19 19:00:00,2017-05-26 03:00:00
eb469b21a28322e8d171504fdf480004,8910d70e55b2f82a3469b0dee442c26c,delivered,2017-11-28 20:00:00,2017-11-29 04:00:00,2017-11-30 04:00:00,2017-12-14 04:00:00,2017-12-13 20:00:00
6b1b8c030b7ecd79cc1b0d55933be58a,696932ac9349c66a058815b3ed335d5f,delivered,2017-11-21 06:00:00,2017-11-21 14:00:00,2017-11-26 14:00:00,2017-12-19 14:00:00,2017-12-03 06:00:00
1eac66fefc30c77c8f58ed08f5b917b1,8d84067fce58e7fc6cc0e350f7c40cb2,delivered,2017-01-22 20:00:00,2017-01-23 20:00:00,2017-01-27 20:00:00,2017-02-07 20:00:00,2017-02-04 20:00:00
8b81ea622fb0aeaa05efea2af825a8bd,6b4c2dacdf93b659a30ce666d36e7cca,delivered,2017-07-17 16:00:00,2017-07-17 20:00:00,2017-07-20 20:00:00,2017-07-31 20:00:00,2017-08-03 16:00:00
ec70d93aa260f227f46a9817194a589d,4f3fbe079dba68eab6ef2c437b939d83,delivered,2017-03-02 19:00:00,2017-03-03 19:00:00,2017-03-06 19:00:00,2017-03-26 19:00:00,2017-03-28 19:00:00
31425d810912fddc0d36d15b9f3204af,d414763f8898010d1b9e2c8419848c74,delivered,2017-06-26 13:00:00,2017-06-27 05:00:00,2017-07-01 05:00:00,2017-07-07 05:00:00,2017-07-20 13:00:00
07afb9185020036f9adbb8f179cdc59e,77002b6656c65adb028dd02507fb3bdd,delivered,2018-07-11 18:00:00,2018-07-12 09:00:00,2018-07-14 09:00:00,2018-07-21 09:00:00,2018-08-02 18:00:00
6852c038be54cdf1478205fdc6026414,b5bef85bec0b6ca6dec16a3450f35bb4,delivered,2017-01-26 08:00:00,2017-01-26 23:00:00,2017-01-27 23:00:00,2017-02-17 23:00:00,2017-02-12 08:00:00
39829dd41828da8f50d8ae135a663824,a0216b00a43ccdd56bb0c8a02ec0f10a,delivered,2017-08-02 21:00:00,2017-08-03 12:00:00,2017-08-07 12:00:00,2017-08-12 12:00:00,2017-08-28 21:00:00
9b4d6f3ebb8591534918df40b3ff962e,c1e81da9fe4d58c1679416cde17ee03a,delivered,2018-03-17 17:00:00,2018-03-18 06:00:00,2018-03-21 06:00:00,2018-04-08 06:00:00,2018-04-15 17:00:00
0ce3dcce0b2a29944cffa0376feb3d46,15f3f9e12170ef5391378b3ed8abc155,delivered,2017-10-26 19:00:00,2017-10-27 18:00:00,2017-11-01 18:00:00,2017-11-10 18:00:00,2017-11-19 19:00:00
afb29df97dddf3dcba1306b5be54b9d8,330572452a9fb994ff747a8a10e00199,shipped,2017-01-10 05:00:00,2017-01-10 09:00:00,2017-01-08 05:00:00,,2017-02-01 05:00:00
339839aa7e95b992af7da5d4238c929d,3c2f5047d205bba826fb0b0ca0b5e6c3,shipped,2018-08-05 23:00:00,2018-08-06 22:00:00,2018-08-11 22:00:00,,2018-09-03 23:00:00
d7561954d0e1288198c2fc34ebde34e7,05e71b680cf832b30a66c2113eb4a3ee,canceled,2017-09-22 12:00:00,2017-09-23 04:00:00,,,2017-10-11 12:00:00
69b20a83471994c93d3a79abc33c518f,52eddbdb341583df5ceecd7b11838d86,delivered,2017-10-25 12:00:00,2017-10-26 02:00:00,2017-10-29 02:00:00,2017-11-13 02:00:00,2017-11-24 12:00:00
836a2e1d38f53fd1a711fd9023451386,ebafc09826f712cc81ca7732b04fd83c,delivered,2017-12-17 12:00:00,2017-12-18 12:00:00,2017-12-21 12:00:00,2017-12-24 12:00:00,2018-01-02 12:00:00
9ea8428428d30ca31652142c4b6ec9d5,0227e56b04741ebc7455c604fee931f4,delivered,2018-04-14 12:00:00,2018-04-15 12:00:00,2018-04-20 12:00:00,2018-04-27 12:00:00,2018-05-13 12:00:00
7551eb4f24b0e62f85ba25043e0790f1,8fc23d2620b6a33c15d324dc0dc4aa10,delivered,2018-02-23 00:00:00,2018-02-23 02:00:00,2018-02-25 02:00:00,2018-03-06 02:00:00,2018-03-11 00:00:00
6bfebd17f60ad0a38eeefe9559876711,3c20fe71426cd241261e5c4dd8687bc0,delivered,2017-11-13 15:00:00,2017-11-14 04:00:00,2017-11-19 04:00:00,2017-11-27 04:00:00,2017-11-30 15:00:00
ca44724a45020c28d824a59edb33ce63,82b916867126c5378bb814ccda3069f5,delivered,2018-03-29 13:00:00,2018-03-30 04:00:00,2018-04-03 04:00:00,2018-04-08 04:00:00,2018-04-15 13:00:00
60df109ac0ff979ebd29e827e0f2d1dc,6b55ae42b9def3484ea72fb30dbbd8ed,delivered,2017-08-03 09:00:00,2017-08-03 12:00:00,2017-08-05 12:00:00,2017-08-10 12:00:00,2017-08-25 09:00:00
4e85661e3bc6c4e26dd5346eab2f4642,db6fca2700a53ee73fc38d4c76ae71ce,delivered,2018-06-28 04:00:00,2018-06-29 01:00:00,2018-07-04 01:00:00,2018-07-16 01:00:00,2018-07-26 04:00:00
0d0b906366c5558fb54ec3231e53a5da,0780b3eedcfa02a93f4435c32fbdaf4f,delivered,2017-03-26 23:00:00,2017-03-27 22:00:00,2017-04-01 22:00:00,2017-04-17 22:00:00,2017-04-07 23:00:00
798f5e3fefd1422eeb4282154c3d8a35,35b9298303617d89f038419a084d93a6,delivered,2017-04-02 08:00:00,2017-04-02 15:00:00,2017-04-03 15:00:00,2017-04-28 15:00:00,2017-04-29 08:00:00
34be949b13b8fad41ed7cc8aa0f1963a,0269b71bebd7fd915d5a43aade09b668,shipped,2018-06-21 10:00:00,2018-06-21 20:00:00,2018-06-23 20:00:00,,2018-07-19 10:00:00
968c5275c2174dbbe10db2b198813adc,ad45c94d33eadf2fe4cd46e12139298b,delivered,2018-04-27 04:00:00,2018-04-27 16:00:00,2018-04-30 16:00:00,2018-05-18 16:00:00,2018-05-24 04:00:00
c49dc4fccc641c0031b41e884b0c8c70,de3d8b14ab4c150a41c3c01da6bdaf11,delivered,2017-01-16 05:00:00,2017-01-16 17:00:00,2017-01-18 17:00:00,2017-01-26 17:00:00,2017-01-31 05:00:00
252b473ad2cdb6834c564c15e507b981,68151f14d6b6fb161d8d7b02bc5d618f,delivered,2017-11-26 01:00:00,2017-11-26 01:00:00,2017-11-30 01:00:00,2017-12-03 01:00:00,2017-12-14 01:00:00
3a87b3e2dbafd3b150ff1ea703f5dc20,d065699a13189bf2cf3ab554cf32cd14,delivered,2018-03-12 19:00:00,2018-03-12 22:00:00,2018-03-15 22:00:00,2018-03-20 22:00:00,2018-04-05 19:00:00
cef24e8ad1fcbfa4816caa347d96e941,27ccc1ddfe5e36e2c4ca023342739de8,delivered,2018-05-26 13:00:00,2018-05-27 02:00:00,2018-05-28 02:00:00,2018-06-10 02:00:00,2018-06-22 13:00:00
4aef9e25c9699ed64baec9a5274c51a1,04d40f6a622361eebbfe7e0e3a221851,delivered,2018-04-18 05:00:00,2018-04-19 04:00:00,2018-04-22 04:00:00,2018-05-03 04:00:00,2018-05-13 05:00:00
53067adad8bfc4d580d54f854d3d22c1,d72d688212a94f75d24334394be7df76,delivered,2017-07-10 14:00:00,2017-07-11 11:00:00,2017-07-13 11:00:00,2017-07-28 11:00:00,2017-07-23 14:00:00
569807e3f16da24334def7eeb4d713fb,d5b7bc6edc131f79114e16d5f2128a48,delivered,2017-05-28 15:00:00,2017-05-29 08:00:00,2017-06-02 08:00:00,2017-06-20 08:00:00,2017-06-22 15:00:00
9a9eb406d59101cef18f2155865b0427,aff32a6506809246c9c7eb4c58cb5de8,delivered,2017-09-23 00:00:00,2017-09-23 15:00:00,2017-09-25 15:00:00,2017-10-16 15:00:00,2017-10-18 00:00:00
7497d326215745a0d658db7dbfe46ba0,670662f2dc3d7f9635c65a817a134ada,delivered,2017-05-31 05:00:00,2017-05-31 10:00:00,2017-06-01 10:00:00,2017-06-26 10:00:00,2017-06-17 05:00:00
5ff2b09f084a2ec43b9180f58daf7c97,93be6e0f677643888d6fccd5d64f7187,delivered,2017-10-23 08:00:00,2017-10-23 11:00:00,2017-10-27 11:00:00,2017-11-17 11:00:00,2017-11-04 08:00:00
e35f41db0a120876c74de5e3e31896d5,7216006c31ab2c49ec817e3e666a7861,delivered,2017-08-10 02:00:00,2017-08-10 02:00:00,2017-08-11 02:00:00,2017-08-23 02:00:00,2017-09-09 02:00:00
9cdd1043ba80c88b9da3e777598c1a48,e187ab6d28018e890f94e2f942968a4a,delivered,2018-02-12 10:00:00,2018-02-13 03:00:00,2018-02-16 03:00:00,2018-02-22 03:00:00,2018-03-03 10:00:00
8d8f194c2a8c5fdbdcee656d7420431e,2bf0f535d2f5c7bc54c4c8baa5588005,delivered,2018-04-09 12:00:00,2018-04-09 23:00:00,2018-04-11 23:00:00,2018-05-02 23:00:00,2018-05-06 12:00:00
5f144f16e7744ce213e7b504c58aac51,2fa8e33b2a78ae7c0be4a2fb98535a5f,delivered,2018-08-02 05:00:00,2018-08-02 14:00:00,2018-08-04 14:00:00,2018-08-26 14:00:00,2018-08-15 05:00:00
cbd4b8db541c8f78489f3f1a566fe0df,fd43754e39eb005abab90085e27e12e4,delivered,2017-04-27 19:00:00,2017-04-27 20:00:00,2017-04-29 20:00:00,2017-05-14 20:00:00,2017-05-27 19:00:00
2964aa991728c576452d52fac0ae3ba6,44fbb5b9c9e5a194f746682ad4e73adb,delivered,2017-05-06 04:00:00,2017-05-06 05:00:00,2017-05-10 05:00:00,2017-05-23 05:00:00,2017-05-30 04:00:00
960144c01908b1b2cbfd0aa6fc696d17,9f442e7b57869db072b91684e6d4f65e,delivered,2018-08-03 06:00:00,2018-08-03 18:00:00,2018-08-07 18:00:00,2018-08-12 18:00:00,2018-08-22 06:00:00
e702c0d88875b591e11db469bde85aab,a8eb963a2888ead997d4d81b92326c46,delivered,2017-01-28 00:00:00,2017-01-28 04:00:00,2017-01-31 04:00:00,2017-02-04 04:00:00,2017-02-15 00:00:00
4056c9bdbdc27e8fb142b54e5fd62bb0,20793a98f94c94589affbadc7754cdfc,delivered,2017-05-24 08:00:00,2017-05-24 12:00:00,2017-05-25 12:00:00,2017-06-13 12:00:00,2017-06-22 08:00:00
df632d7a5ba3d1da1863f1595ab2c279,6e145fa48ee58a98fc761e3696ede9e9,delivered,2017-06-24 18:00:00,2017-06-24 19:00:00,2017-06-26 19:00:00,2017-07-09 19:00:00,2017-07-20 18:00:00
5cc7127a2b148354c767364495a1dc98,a890f9a82015949c7b7510b565dcae7f,delivered,2018-06-05 08:00:00,2018-06-05 14:00:00,2018-06-08 14:00:00,2018-06-22 14:00:00,2018-06-19 08:00:00
3ee5236e299b4130cafcbc0e2b66201c,f21d96e7d9e07cbd1734295703411e59,delivered,2017-07-04 20:00:00,2017-07-04 22:00:00,2017-07-07 22:00:00,2017-07-28 22:00:00,2017-08-03 20:00:00
c354fc525ee886273ee05165383819b8,932e02cc159b61c3c2a04830bcc14124,delivered,2017-03-18 01:00:00,2017-03-18 20:00:00,2017-03-20 20:00:00,2017-03-27 20:00:00,2017-04-04 01:00:00
5a9efefcf07c0e77b6961feb8695b07e,b56e1e9637e851544808884b64137c20,delivered,2018-03-23 04:00:00,2018-03-23 22:00:00,2018-03-26 22:00:00,2018-04-05 22:00:00,2018-04-18 04:00:00
32562c45bfb5ab4eea57353c1dc61cb8,49a7102dd12f4227e661b18146a95d1a,delivered,2018-02-03 11:00:00,2018-02-04 01:00:00,2018-02-08 01:00:00,2018-03-04 01:00:00,2018-02-27 11:00:00
2ec8d7c7b2846e074cbe5d5d2c24bc1b,30544160908bb7f99d9121b29ea62325,delivered,2017-03-30 15:00:00,2017-03-30 20:00:00,2017-04-02 20:00:00,2017-04-22 20:00:00,2017-04-18 15:00:00
47e75b710a9d484c915ca65d8f359e6c,6b0376f0230656d1c2d52a58d791aedd,delivered,2017-08-19 12:00:00,2017-08-19 17:00:00,2017-08-21 17:00:00,2017-09-09 17:00:00,2017-09-13 12:00:00
4b295ee518076bffbcae99f6691acd19,a2955303a5c5677fd8afa26c7d1d53ca,delivered,2017-02-21 09:00:00,2017-02-22 01:00:00,2017-02-27 01:00:00,2017-03-10 01:00:00,2017-03-13 09:00:00
0f4fbd2bf039d524089742f0923da956,9be2c179bf1d8f89847ccb1dd1049948,delivered,2018-06-16 11:00:00,2018-06-17 02:00:00,2018-06-19 02:00:00,2018-07-10 02:00:00,2018-07-01 11:00:00
d142a87105b2622f3603768daa7694d9,70a5e979a5054cab7ba8f78b6577b891,delivered,2017-08-05 00:00:00,2017-08-05 22:00:00,2017-08-06 22:00:00,2017-08-26 22:00:00,2017-08-21 00:00:00
b245ab9c2b4e1135d02e4cccae0343a9,4dff80fc34504da66a2a6ffe92989be4,delivered,2018-04-28 06:00:00,2018-04-29 01:00:00,2018-05-04 01:00:00,2018-05-22 01:00:00,2018-05-22 06:00:00
c3545cd866f7d56a11d9b407c3359955,0faa4b81d6c480da2fd35f1634b80226,delivered,2018-02-21 12:00:00,2018-02-22 09:00:00,2018-02-23 09:00:00,2018-03-13 09:00:00,2018-03-11 12:00:00
976343b4b209683eb7cc715734cc97ac,07bba5df2861536f4abc5d91965a18c5,delivered,2017-06-25 12:00:00,2017-06-26 09:00:00,2017-06-28 09:00:00,2017-07-03 09:00:00,2017-07-14 12:00:00
3ecfc25ec94e36bfa89fd6ce4726d174,c6991c22be146c81833bb2f3e9972938,delivered,2017-08-26 17:00:00,2017-08-27 15:00:00,2017-08-29 15:00:00,2017-09-23 15:00:00,2017-09-09 17:00:00
82d10a80a76fc07bd99472c6e6b87bf5,2454a9f6a87dd098b903b981ebc72f45,delivered,2018-02-20 17:00:00,2018-02-20 17:00:00,2018-02-22 17:00:00,2018-03-11 17:00:00,2018-03-05 17:00:00
4bc58129c5388e2adec01aa2a6ba6a87,2c81a5698cde59986a247a0cf2247b8d,delivered,2018-08-22 17:00:00,2018-08-23 09:00:00,2018-08-26 09:00:00,2018-08-29 09:00:00,2018-09-03 17:00:00
0449464fd736466b222b043687c73b31,0878d2bd8eb64f1d03fb7a2221e70b58,delivered,2018-12-30 17:00:00,2018-12-30 20:00:00,2019-01-03 20:00:00,2019-01-07 20:00:00,2019-01-16 17:00:00
95e7b61004c0d48a98bf6a3e6867035e,3706f04c5fba343ce07cdd5ca85a672c,delivered,2017-11-02 05:00:00,2017-11-02 09:00:00,2017-11-04 09:00:00,2017-11-21 09:00:00,2017-11-25 05:00:00
ca2e8da6708aa2f7d0add6058864d32c,b32d742a1443c6c9c0ff8a488050c038,delivered,2018-03-12 08:00:00,2018-03-12 16:00:00,2018-03-13 16:00:00,2018-03-23 16:00:00,2018-04-05 08:00:00
12dd5bb795d6b0e448a0d015686279e7,876895c2f85c24c39ffb5fa9c684bb61,delivered,2018-04-20 19:00:00,2018-04-21 13:00:00,2018-04-24 13:00:00,2018-05-15 13:00:00,2018-05-17 19:00:00
e3c28fe1e89f53ad970accbbfc3a70ac,9c3ad6fc6080252e5841b548e47d85ce,shipped,2017-07-01 06:00:00,2017-07-02 03:00:00,2017-07-04 03:00:00,,2017-07-30 06:00:00
9ba67574e52caa8640604075ceb6f894,ddef5b92f291231885f430f20c81cf24,delivered,2017-09-13 06:00:00,2017-09-13 09:00:00,2017-09-16 09:00:00,2017-09-25 09:00:00,2017-10-11 06:00:00
7856fcb38b27036bd7f74004a2b491ff,e6b0aca026fd8253524715af7ee6990b,delivered,2018-03-09 06:00:00,2018-03-10 00:00:00,2018-03-15 00:00:00,2018-04-04 00:00:00,2018-04-03 06:00:00
9f54a3d21a30a775cce6fd28f141be04,9bcf41396d986e126d375f0dfe4aa003,shipped,2018-08-10 06:00:00,2018-08-10 23:00:00,2018-08-15 23:00:00,,2018-08-26 06:00:00
b5f861b01eda228c41f3e01c7da1f511,4eaeba0bf07afab7cb9f82a53f76f3b0,delivered,2017-01-07 09:00:00,2017-01-07 16:00:00,2017-01-08 16:00:00,2017-02-01 16:00:00,2017-01-25 09:00:00
bb54c7f44c5b6bf4309bcc9a0a5211cf,75a9c71f35c0690e31811ada7bf9b984,delivered,2017-07-23 16:00:00,2017-07-24 01:00:00,2017-07-27 01:00:00,2017-08-07 01:00:00,2017-08-18 16:00:00
08bbd3f5a13f7bfd78a1ad7fc95351ad,124038bb9bb99a3cc1ce653ac7032c2d,canceled,2017-11-26 02:00:00,2017-11-27 00:00:00,,,2017-12-10 02:00:00
3fb65c7e5da17dc9ab489f7a64745dce,9e80e9b9ccff0bdeb7e3602d45708ada,delivered,2018-04-08 08:00:00,2018-04-08 11:00:00,2018-04-12 11:00:00,2018-04-16 11:00:00,2018-05-05 08:00:00
bb3c0b49bd08ce57f094dfd0c465eb6c,290aa46ec4d99bd464c6a7c761f350e5,delivered,2017-08-03 18:00:00,2017-08-04 10:00:00,2017-08-07 10:00:00,2017-08-27 10:00:00,2017-09-01 18:00:00
c31824150dad0c7be66693e381d9beae,e86b063d80cd9f52054a4d99d999e026,delivered,2017-11-04 08:00:00,2017-11-04 21:00:00,2017-11-08 21:00:00,2017-11-12 21:00:00,2017-12-02 08:00:00
29bafb6357c8f6f60c0b2fd78f95a628,56a827e68db51d324692c57e89804b44,delivered,2017-04-09 10:00:00,2017-04-09 17:00:00,2017-04-11 17:00:00,2017-05-05 17:00:00,2017-04-24 10:00:00
d2a7e34e12cc39c8bef3294863f15a67,4a0df4cc10431241c02edc3d719c6ba4,delivered,2017-07-21 02:00:00,2017-07-21 12:00:00,2017-07-23 12:00:00,2017-08-13 12:00:00,2017-08-10 02:00:00
6553c98b656f1ba70aa1b5133c8b8741,64b3f1a90d44fa84d0069c8fed99b044,delivered,2017-02-19 10:00:00,2017-02-19 10:00:00,2017-02-22 10:00:00,2017-02-26 10:00:00,2017-03-07 10:00:00
a63661009310ff3b1cb37f3edb8307d9,3b3432755dddf5df98f2dd3eb23483ac,delivered,2018-08-06 14:00:00,2018-08-07 02:00:00,2018-08-08 02:00:00,2018-08-12 02:00:00,2018-09-04 14:00:00
172f220383880cf339a20ed15452185c,ecfc912a490a4abdb18848f948116cd7,delivered,2018-07-25 19:00:00,2018-07-25 19:00:00,2018-07-30 19:00:00,2018-08-05 19:00:00,2018-08-23 19:00:00
688c2b33cfc62c97f831a42e3c1782b6,0317201f6140387d684b724db30c9f43,delivered,2018-11-12 19:00:00,2018-11-13 08:00:00,2018-11-15 08:00:00,2018-11-27 08:00:00,2018-12-11 19:00:00
180922f6cf18383a7f3eb2406c543e3f,171520b8f37d1ad9a282cd49b9d05e4e,delivered,2017-08-24 21:00:00,2017-08-24 22:00:00,2017-08-27 22:00:00,2017-09-15 22:00:00,2017-09-19 21:00:00
a3212daa865394a3eeb226f2a49ab750,c22b2c5a1477ba83bc3f394ceefed351,delivered,2017-05-07 18:00:00,2017-05-08 06:00:00,2017-05-12 06:00:00,2017-05-24 06:00:00,2017-05-31 18:00:00
904c264719aabe5aa4739bb0ce430e71,0187d9d3db04954b3e8e6b6143ee94c2,delivered,2017-04-01 17:00:00,2017-04-01 17:00:00,2017-04-06 17:00:00,2017-04-20 17:00:00,2017-04-26 17:00:00
2224a0d1ebeb50d98f8822b7de5b12f7,2fa088860a3813134252d29f4a022f07,delivered,2017-08-12 17:00:00,2017-08-13 17:00:00,2017-08-15 17:00:00,2017-08-30 17:00:00,2017-09-07 17:00:00
9de9b5186c5c113810b4caaf0008b748,fdd7e12fb051411b405945b1180b3063,delivered,2018-02-05 17:00:00,2018-02-06 17:00:00,2018-02-08 17:00:00,2018-02-27 17:00:00,2018-02-25 17:00:00
b091e536918245136fb90ec652d7f029,714bfa37ed0d1578ea32df390ebd7e73,delivered,2018-06-14 17:00:00,2018-06-14 19:00:00,2018-06-16 19:00:00,2018-07-06 19:00:00,2018-07-03 17:00:00
9d46df4155c65dc208d87a8bcc2d93c8,60e23d573cf033eb0d6776255c8bac02,delivered,2017-08-01 17:00:00,2017-08-02 12:00:00,2017-08-07 12:00:00,2017-08-19 12:00:00,2017-08-17 17:00:00
0a3e1572d7bfc03e0387f6d628ef4623,d49584806e00d063ed0ad4fad783f6b5,delivered,2018-08-06 00:00:00,2018-08-06 12:00:00,2018-08-08 12:00:00,2018-08-27 12:00:00,2018-08-29 00:00:00
dde4fe4f03a301d05046f4a1d059a088,50a37369e384bb3b9ec6cb21bd76b92b,delivered,2017-02-05 18:00:00,2017-02-06 16:00:00,2017-02-08 16:00:00,2017-02-15 16:00:00,2017-03-02 18:00:00
bdc6a8046fdb20da734f61caaf5fd46a,2eb534fa12bf7a23b3264e5e010ba241,delivered,2017-09-15 00:00:00,2017-09-15 05:00:00,2017-09-17 05:00:00,2017-09-26 05:00:00,2017-10-15 00:00:00
0caa73c985ac0d30634f91081140a324,4a4581ffd90abc7ff8f7ccbe8bf19e1e,delivered,2017-12-04 21:00:00,2017-12-04 23:00:00,2017-12-06 23:00:00,2017-12-31 23:00:00,2017-12-24 21:00:00
1e8c6c82cdd1f547651cd985338a673a,2777607671dcb5e1eb1797eddbab2279,delivered,2017-01-04 19:00:00,2017-01-05 12:00:00,2017-01-06 12:00:00,2017-01-27 12:00:00,2017-01-20 19:00:00
cf2df4a6c9720c70856188e7566b8b3a,7247fae286161c8e62ec14eb0d63bcae,delivered,2017-01-06 00:00:00,2017-01-06 16:00:00,2017-01-08 16:00:00,2017-01-20 16:00:00,2017-01-19 00:00:00
0ab9bb9ade04f248784ec5e9d211ad6b,517aa0e7d624b1813bbedecec6893b88,delivered,2017-01-18 16:00:00,2017-01-19 06:00:00,2017-01-20 06:00:00,2017-01-30 06:00:00,2017-02-12 16:00:00
5cd1f29335b1d7d41c093b8244cb3cf6,8e241f2927219bbbfd72c77d562dbc19,delivered,2017-05-19 08:00:00,2017-05-19 16:00:00,2017-05-24 16:00:00,2017-05-27 16:00:00,2017-06-09 08:00:00
453013c6403fe0099df32389b79c3150,2b28700400476b2e6ea46c5ffb8b161e,delivered,2017-05-24 21:00:00,2017-05-24 22:00:00,2017-05-26 22:00:00,2017-05-31 22:00:00,2017-06-16 21:00:00
afcdeb63e8b7b97dfe516a8a446e164a,bce162246ce470afe63c112e8373c5c7,delivered,2017-11-13 02:00:00,2017-11-13 07:00:00,2017-11-15 07:00:00,2017-11-18 07:00:00,2017-12-11 02:00:00
35b49941842fc231ed976c7e4ae39c1e,7b06583bd6b159816b8476fb75912faf,delivered,2017-10-14 05:00:00,2017-10-14 19:00:00,2017-10-16 19:00:00,2017-11-10 19:00:00,2017-10-26 05:00:00
794826b3a75d09783856167524f82a96,b99530cf75cd9559222e34e73c4e1724,delivered,2018-03-07 04:00:00,2018-03-07 23:00:00,2018-03-12 23:00:00,2018-04-02 23:00:00,2018-03-19 04:00:00
e0e730bbd18c0aecfd24276613d01698,865b587897e5ae8933d8ae7b505a14fc,delivered,2018-05-24 10:00:00,2018-05-25 03:00:00,2018-05-30 03:00:00,2018-06-23 03:00:00,2018-06-06 10:00:00
660a3c587a9ede9daf6c671604532d47,f5a0cc2427d26d0cdc7a85e605d9c4d3,delivered,2017-07-30 16:00:00,2017-07-30 23:00:00,2017-08-04 23:00:00,2017-08-19 23:00:00,2017-08-14 16:00:00
96e8244525906585c7828c907b25f00e,382d9e0c21c7d06f960d08d774660343,delivered,2017-05-02 01:00:00,2017-05-02 13:00:00,2017-05-07 13:00:00,2017-05-29 13:00:00,2017-05-21 01:00:00
a1d2fc0f571b8409544b032552a9e050,19a36ee837d02fb3e13e02b5e6179f06,delivered,2017-06-24 21:00:00,2017-06-25 21:00:00,2017-06-28 21:00:00,2017-07-15 21:00:00,2017-07-07 21:00:00
668d7b7232cdc1d00c99a75bd9d01c72,529cbc09cb1451d0a5eee681fa4f961d,delivered,2017-06-06 07:00:00,2017-06-06 21:00:00,2017-06-07 21:00:00,2017-06-20 21:00:00,2017-06-30 07:00:00
791868e3f9f08c1c6979bafa436e7bb8,4abb6f54832b36646d2562495b6ededf,delivered,2017-09-12 07:00:00,2017-09-12 16:00:00,2017-09-13 16:00:00,2017-09-23 16:00:00,2017-10-07 07:00:00
8f3f57acf634100c64bc999b8250b470,1abdedcf3bc80f65706e3f71a99ca3da,delivered,2017-11-18 07:00:00,2017-11-18 13:00:00,2017-11-19 13:00:00,2017-11-26 13:00:00,2017-12-18 07:00:00
7770b90ef25d2c850622a2946399839f,cc0e8c1b6ecff11d954498b43f58282a,delivered,2018-05-04 07:00:00,2018-05-04 16:00:00,2018-05-07 16:00:00,2018-05-22 16:00:00,2018-05-31 07:00:00
ff99581de428539a4963cfd4f15acfd2,d5897d69a5417b631261d4df8d43830e,delivered,2018-02-19 18:00:00,2018-02-20 18:00:00,2018-02-23 18:00:00,2018-03-06 18:00:00,2018-03-18 18:00:00
1f846af375ad919a73d1ca2b608a626f,6a65d16c304896aae4045f1e8ecdf68c,delivered,2017-07-11 03:00:00,2017-07-11 15:00:00,2017-07-15 15:00:00,2017-07-31 15:00:00,2017-08-05 03:00:00
6bc515b3e41f58453880446d8dc10914,6c626aa7f8d1aae8700e4b6db9a693ef,delivered,2017-10-02 03:00:00,2017-10-02 22:00:00,2017-10-03 22:00:00,2017-10-09 22:00:00,2017-10-29 03:00:00
d04536d0607c2248cf1ae19dde598930,23de69934ea2afafe1b5eaf46f2d0a1b,delivered,2018-02-01 03:00:00,2018-02-01 20:00:00,2018-02-05 20:00:00,2018-02-15 20:00:00,2018-02-28 03:00:00
f7ffc08adbba8812ed632454376186d8,06bd49c70b83e34e9b9c72a24c730d60,delivered,2018-03-26 03:00:00,2018-03-26 20:00:00,2018-03-29 20:00:00,2018-04-01 20:00:00,2018-04-12 03:00:00
17c169a55b8b8ccd2618dd5d32ae5cb9,d4576672948be5484adb6da17b7192b0,delivered,2018-01-18 21:00:00,2018-01-19 19:00:00,2018-01-24 19:00:00,2018-02-10 19:00:00,2018-02-15 21:00:00
4fe0887115f54aa03e42ee14f70c276c,7afd04ce8931a16ab25b9a6db91c3516,delivered,2017-03-03 03:00:00,2017-03-03 05:00:00,2017-03-06 05:00:00,2017-03-11 05:00:00,2017-03-17 03:00:00
a813611b94040039d26c81056d8533a2,dd1d125f248dbf750096b4d6d67d81a6,delivered,2018-07-16 20:00:00,2018-07-17 19:00:00,2018-07-18 19:00:00,2018-08-01 19:00:00,2018-08-05 20:00:00
dc237929fbacb2e8186f4fa504e34cb1,2444524690feec1296bd2185bd10a6f2,delivered,2017-09-20 10:00:00,2017-09-20 17:00:00,2017-09-22 17:00:00,2017-10-11 17:00:00,2017-10-06 10:00:00
f90d3083f492444660fb298e845ba11c,2e791bbb5d1604532c9f8912a4493a03,delivered,2017-07-17 07:00:00,2017-07-17 13:00:00,2017-07-19 13:00:00,2017-07-29 13:00:00,2017-08-06 07:00:00
a006b58f793acc48ab867e53a2fbfaaa,742d5ae3c017367b6ff0a0203f5d49d9,delivered,2018-08-21 11:00:00,2018-08-21 18:00:00,2018-08-24 18:00:00,2018-09-17 18:00:00,2018-09-20 11:00:00
3f0cbf7dc99bd7825ea6c0a0285f6c82,f5df792163dcb932e5b09143c3978273,delivered,2017-10-01 15:00:00,2017-10-02 07:00:00,2017-10-03 07:00:00,2017-10-25 07:00:00,2017-10-26 15:00:00
6364d40ffd692ef1c1464090b502ceb4,e9291608e09f3c1f33da2f194a2597ae,delivered,2017-09-13 04:00:00,2017-09-13 22:00:00,2017-09-15 22:00:00,2017-09-27 22:00:00,2017-09-28 04:00:00
a38ff7139719d16c786b687490c50d15,4bc8f4c925a953e189d49382bb110f4b,delivered,2017-04-14 12:00:00,2017-04-15 07:00:00,2017-04-20 07:00:00,2017-05-14 07:00:00,2017-04-28 12:00:00
bb5ed05462f80d9423d2f968e56fd112,8e518e4304e3abdcb62a0255e761cb19,delivered,2018-05-09 17:00:00,2018-05-09 23:00:00,2018-05-10 23:00:00,2018-05-17 23:00:00,2018-05-24 17:00:00
23817db975c32e981bdfdf34990c8fb9,30f6151fd0e1c093eacb11a234826796,delivered,2018-09-19 17:00:00,2018-09-20 11:00:00,2018-09-25 11:00:00,2018-10-18 11:00:00,2018-10-10 17:00:00
999eff31387e1146542186b737ec649a,3964ef488cfaeea8e395f2fcae92d5ea,delivered,2019-02-01 17:00:00,2019-02-01 20:00:00,2019-02-05 20:00:00,2019-02-11 20:00:00,2019-02-18 17:00:00
43ead84ab0fca9d9cc1186c08ba5944f,9037d21cd35594550babd139480ce69d,delivered,2018-07-01 03:00:00,2018-07-01 04:00:00,2018-07-02 04:00:00,2018-07-18 04:00:00,2018-07-28 03:00:00
1285c5f5f6fe34c8bf7c4122087166e1,ffcef7598b56abbcea7d934967798ac0,delivered,2018-03-04 03:00:00,2018-03-04 22:00:00,2018-03-05 22:00:00,2018-03-15 22:00:00,2018-03-25 03:00:00
ca6c57e0161efdf6e23e12f0b3af11a9,daef38021950555f7b057bd0c9863afd,delivered,2017-03-23 10:00:00,2017-03-23 16:00:00,2017-03-25 16:00:00,2017-04-19 16:00:00,2017-04-07 10:00:00
125e0ce99aee253d300176036dbf7fbc,dc352b5a4b688c40616cab197da8f7d7,delivered,2018-06-07 11:00:00,2018-06-07 13:00:00,2018-06-08 13:00:00,2018-07-01 13:00:00,2018-07-04 11:00:00
10a423decf08ac06b87d6e7a7c8f1e1a,487268035d003081a20c10722390f607,shipped,2017-03-18 00:00:00,2017-03-18 14:00:00,2017-03-23 14:00:00,,2017-04-07 00:00:00
424d346906a0bfb45df0fb2667b43715,5c9379a6a745e323c2aafe29221deb4f,delivered,2018-02-04 12:00:00,2018-02-04 12:00:00,2018-02-08 12:00:00,2018-02-11 12:00:00,2018-02-17 12:00:00
2b22d9cd685b58a978c2249a01f9214f,2406225c894ade1822b515247c616af7,delivered,2017-10-06 03:00:00,2017-10-07 02:00:00,2017-10-08 02:00:00,2017-10-14 02:00:00,2017-10-29 03:00:00
449a1d038de2fc8dc055ceb0b9ee2247,09fccdac179ef85745de0e0b005476f5,delivered,2017-11-13 03:00:00,2017-11-13 06:00:00,2017-11-15 06:00:00,2017-11-29 06:00:00,2017-11-28 03:00:00
76e06135c25905bf994aa04f0a7ab509,fb04f2748e78646b7d47af43f4dd5978,delivered,2018-03-15 03:00:00,2018-03-15 03:00:00,2018-03-17 03:00:00,2018-04-06 03:00:00,2018-03-27 03:00:00
9c38e544ed2483098e32fd20ac941700,828b6347a43d3cc615c2b8712cdf8e10,delivered,2018-07-18 01:00:00,2018-07-18 13:00:00,2018-07-20 13:00:00,2018-08-03 13:00:00,2018-08-14 01:00:00
0556cf65c4a5dc98b2a7c9b54e5a046b,927968e997a4acb55f40bbb9c8c47765,delivered,2017-12-19 15:00:00,2017-12-19 23:00:00,2017-12-21 23:00:00,2018-01-11 23:00:00,2017-12-31 15:00:00
3900f29bed2b667417de253f6a147272,71b46d8e24d6bca4517f37196629a922,delivered,2017-02-14 02:00:00,2017-02-14 19:00:00,2017-02-15 19:00:00,2017-02-27 19:00:00,2017-03-16 02:00:00
832507834d2de4cb366c6b8a2c9266a4,4022e192e6a4ee0e240dffaebe734970,delivered,2017-07-08 07:00:00,2017-07-08 08:00:00,2017-07-11 08:00:00,2017-07-16 08:00:00,2017-08-03 07:00:00
24f753a3a83b921238bc4ce736804804,c34cafdfff2af7ad3d39b5bb0fba257b,delivered,2018-01-13 14:00:00,2018-01-14 00:00:00,2018-01-19 00:00:00,2018-01-31 00:00:00,2018-02-05 14:00:00
4d52329406c4f4a2218aa7c0d447c810,238aa95499a93fad282f77e5f386fc84,delivered,2018-05-13 09:00:00,2018-05-13 23:00:00,2018-05-18 23:00:00,2018-05-26 23:00:00,2018-05-28 09:00:00
d24243abf007eee0c7bd7b6388197b4c,4d547b960b8f743d8007519f282a09a1,delivered,2017-08-25 18:00:00,2017-08-25 23:00:00,2017-08-27 23:00:00,2017-08-31 23:00:00,2017-09-19 18:00:00
bd6e2570839d8c611061abba7e02bf27,b3341bf847e0bcacad50dfe2b7cb05a0,delivered,2018-01-21 22:00:00,2018-01-22 17:00:00,2018-01-25 17:00:00,2018-01-28 17:00:00,2018-02-16 22:00:00
f1ea44de4bb38a829d6ca0211e46ecdc,bd768a7dc8497cca034a0aab71a5e9e3,delivered,2017-10-22 07:00:00,2017-10-22 13:00:00,2017-10-27 13:00:00,2017-11-21 13:00:00,2017-11-06 07:00:00
0f53e8c59ffc9099b8ab2113cc1241a5,12fd66dba984af6c6822b2cd0e10d045,delivered,2018-05-04 17:00:00,2018-05-05 00:00:00,2018-05-06 00:00:00,2018-05-30 00:00:00,2018-05-19 17:00:00
d8868d4d493bafc41547c5db1573223d,7f7ba12ae95f9710387dd8266a017abc,delivered,2018-06-09 11:00:00,2018-06-09 20:00:00,2018-06-11 20:00:00,2018-06-14 20:00:00,2018-06-22 11:00:00
1a70a81a4202c418b6aedb91890e2e44,f6e5a7b1c1456f267a8f36a2f88cd2b0,delivered,2017-08-02 04:00:00,2017-08-02 21:00:00,2017-08-04 21:00:00,2017-08-28 21:00:00,2017-08-29 04:00:00
f16cd8d050e04efe4797222cfe50fbba,2ede3ede7ce3da4524fdf258ce3413ea,delivered,2018-01-13 02:00:00,2018-01-13 09:00:00,2018-01-17 09:00:00,2018-01-31 09:00:00,2018-02-06 02:00:00
ac1330dfd18432b5249b4a0e1c1f989f,dbd6ed4a55741a55edc6722f88a934a1,delivered,2017-12-01 12:00:00,2017-12-02 01:00:00,2017-12-04 01:00:00,2017-12-21 01:00:00,2017-12-26 12:00:00
7622d6797e51471be49a4f584aeedf72,32256d64c9947eba25b85a8e2fa0bdbd,delivered,2018-01-01 12:00:00,2018-01-02 10:00:00,2018-01-03 10:00:00,2018-01-15 10:00:00,2018-01-24 12:00:00
27f38c77e17e22cfbb2bc475a525c6d1,71d857b8316ce5583e364321c6301690,delivered,2018-03-08 12:00:00,2018-03-09 06:00:00,2018-03-12 06:00:00,2018-03-25 06:00:00,2018-03-22 12:00:00
ad071055b854a254e35b8688e42ef1b2,0c8bf152d74c8860f2fb62c6d25b53f5,delivered,2018-04-13 12:00:00,2018-04-14 04:00:00,2018-04-17 04:00:00,2018-04-24 04:00:00,2018-05-07 12:00:00
ead7bec59b4974a540d15c15ad5b9058,a3de937c55e7cbb3da10f64f023befcb,delivered,2017-07-31 12:00:00,2017-08-01 01:00:00,2017-08-06 01:00:00,2017-08-13 01:00:00,2017-08-12 12:00:00
e502fd39b0e0565ab72423d687d5292c,e64e2b2dc97e48285850a65279a6470c,delivered,2018-02-05 03:00:00,2018-02-05 04:00:00,2018-02-10 04:00:00,2018-02-14 04:00:00,2018-02-23 03:00:00
8174a0965a2df2b151d9170e7544d3e6,4f6f727a7a311b7e379d2349a54e5073,delivered,2017-10-09 16:00:00,2017-10-09 17:00:00,2017-10-14 17:00:00,2017-11-06 17:00:00,2017-10-21 16:00:00
63a6b06fed871e968415c0385da5f675,1b50e4d617e9a4136f9934201a531cf9,delivered,2018-05-11 22:00:00,2018-05-12 14:00:00,2018-05-16 14:00:00,2018-05-22 14:00:00,2018-05-25 22:00:00
8ba1740726633334b4a17f7a709240bc,53c00a596c0703795907f268968b42cc,delivered,2018-07-07 02:00:00,2018-07-07 13:00:00,2018-07-09 13:00:00,2018-07-19 13:00:00,2018-08-06 02:00:00
d36328f4e6a4ab122857d66d345aac28,5749f77e83f3c616c9e7cab326d0e3c4,delivered,2017-07-27 00:00:00,2017-07-27 15:00:00,2017-07-31 15:00:00,2017-08-16 15:00:00,2017-08-26 00:00:00
8e39d3e839485a8ad4227f59c3f97e60,74e8fa93a38f8315020a80acd7a5914a,delivered,2017-05-09 23:00:00,2017-05-10 04:00:00,2017-05-14 04:00:00,2017-06-01 04:00:00,2017-06-05 23:00:00
ad84fd1ae3715388377383357d25eadb,4a4ef6c1acd5b1384b9271283186bbb9,canceled,2017-10-13 04:00:00,2017-10-13 15:00:00,,,2017-11-08 04:00:00
b6a160619d7032c104789ccf041dac52,441982d6c76b25ad499e52b531dc8958,delivered,2018-06-21 07:00:00,2018-06-21 12:00:00,2018-06-24 12:00:00,2018-07-01 12:00:00,2018-07-15 07:00:00
54292824f1d6d202e86a5ba5152652ea,1d4211f89634d83fa3fa69c2c9e116b9,delivered,2017-12-09 15:00:00,2017-12-10 13:00:00,2017-12-11 13:00:00,2017-12-15 13:00:00,2017-12-23 15:00:00
62684b43408cd80dd175b167175ec2b5,91f453b678d493ab6725be2592095726,delivered,2017-04-21 09:00:00,2017-04-22 07:00:00,2017-04-27 07:00:00,2017-05-13 07:00:00,2017-05-15 09:00:00
ace08b86bc11330ae16dac5bb06fcf8c,08cd4cedcf9379080a15f79a00ab4b07,delivered,2017-05-12 09:00:00,2017-05-12 09:00:00,2017-05-17 09:00:00,2017-06-01 09:00:00,2017-05-25 09:00:00
16e384c4034b0549cfd3aab23365d25b,e5922f7ad525aa88c33b88b0b677fcbe,delivered,2018-01-26 19:00:00,2018-01-26 20:00:00,2018-01-27 20:00:00,2018-02-17 20:00:00,2018-02-08 19:00:00
0cf24f5aaed557269fff8f802e0182a2,c18918c699a28e9af17dc180e17adfd9,delivered,2018-07-14 19:00:00,2018-07-15 02:00:00,2018-07-16 02:00:00,2018-07-27 02:00:00,2018-08-02 19:00:00
753f6434c4e3f86241a5b2f0fb3c8d94,b2894d6fe4e5ab2a75781b4dc7a19d75,delivered,2018-10-29 19:00:00,2018-10-30 06:00:00,2018-11-01 06:00:00,2018-11-06 06:00:00,2018-11-12 19:00:00
c1e96e0e075e3b87a5cba86d5b216412,dd0f46d4bbc326e5687f4357ffaaaf7b,delivered,2017-08-27 15:00:00,2017-08-28 03:00:00,2017-09-01 03:00:00,2017-09-17 03:00:00,2017-09-23 15:00:00
83cf176eb0ede2f5d4af795e83c4e6f4,71a05d6c6f5aeff36ea84a386cd44902,delivered,2017-06-12 05:00:00,2017-06-13 03:00:00,2017-06-15 03:00:00,2017-07-02 03:00:00,2017-07-06 05:00:00
8c8e302106624e644bdff0e061539a40,7efa38a5d6008c5a9a6f5a60f97ae55a,delivered,2018-03-21 10:00:00,2018-03-22 03:00:00,2018-03-25 03:00:00,2018-04-14 03:00:00,2018-04-02 10:00:00
a37b16b0b439bcc898285c33450fa0b1,430b3d762f02bf5d9a7cf2c0b7e90497,delivered,2017-02-14 00:00:00,2017-02-14 14:00:00,2017-02-19 14:00:00,2017-03-09 14:00:00,2017-03-09 00:00:00
2c3a11e7c9164a3b42fd68fbcff88b63,22d78c4ff0bf60230512765632109614,delivered,2018-05-26 20:00:00,2018-05-27 16:00:00,2018-05-31 16:00:00,2018-06-07 16:00:00,2018-06-15 20:00:00
5ca4a0983551bf83c9faf9b77e31c35f,e7394d6e8af1ac836163d267b86995ca,delivered,2017-09-19 01:00:00,2017-09-19 09:00:00,2017-09-22 09:00:00,2017-10-02 09:00:00,2017-10-09 01:00:00
4cba06edd47262cf64425305fa87fb09,6f26324b3740eaf17e991651d50624d6,delivered,2017-06-13 13:00:00,2017-06-13 20:00:00,2017-06-15 20:00:00,2017-06-18 20:00:00,2017-07-09 13:00:00
b881d322fe9943425c762bd60f403393,ccb9c92d51b2530e4e3be7b2ca5aa416,delivered,2017-01-25 23:00:00,2017-01-26 04:00:00,2017-01-31 04:00:00,2017-02-11 04:00:00,2017-02-18 23:00:00
fe2895ad8f20d2d155c7f7662340c896,6bf531f9103d51750750d866ece57307,delivered,2017-09-05 17:00:00,2017-09-06 04:00:00,2017-09-07 04:00:00,2017-10-01 04:00:00,2017-09-21 17:00:00
3d2f24d32469980a1c96c12a19befadf,e7d88614b991f5eab8b78c4acc281fa0,delivered,2017-07-12 02:00:00,2017-07-12 20:00:00,2017-07-13 20:00:00,2017-07-24 20:00:00,2017-07-29 02:00:00
e8aadb20d2e45ed59a8765d7cc55f077,0a7d8551fa0f823a6e6f8060c1b07882,delivered,2017-09-23 20:00:00,2017-09-24 14:00:00,2017-09-26 14:00:00,2017-10-09 14:00:00,2017-10-08 20:00:00
bf461cbede96c3f4c332f820b8cf55d4,b819ad306c556b84f69c511b5fe2a075,delivered,2017-11-22 15:00:00,2017-11-23 04:00:00,2017-11-26 04:00:00,2017-12-02 04:00:00,2017-12-09 15:00:00
d24e387a9d94601bb89a3e7c54764d30,b657c7e80851027655e904e14f8e45e6,delivered,2018-05-21 01:00:00,2018-05-21 05:00:00,2018-05-23 05:00:00,2018-06-16 05:00:00,2018-06-15 01:00:00
c912280e2cfaf3c48d8fe74d250e83ee,adf52580dbe8cd0d0bd3a0c55dc3b9be,delivered,2018-02-15 09:00:00,2018-02-15 12:00:00,2018-02-17 12:00:00,2018-02-28 12:00:00,2018-03-03 09:00:00
fb37f111aa1adda72822f0a9db12ad2e,a7366835af88761909c332eee2f820df,delivered,2017-08-19 02:00:00,2017-08-19 17:00:00,2017-08-20 17:00:00,2017-09-13 17:00:00,2017-09-03 02:00:00
8cc9308797fcfb3a19134417281f8439,27d6b2e29e597f5dd1f1df713a84be76,delivered,2018-05-31 15:00:00,2018-06-01 09:00:00,2018-06-02 09:00:00,2018-06-15 09:00:00,2018-06-26 15:00:00
8e114e0d7e8eda3e8f7a64a53e792193,854f6ac0ce92164cbe0e023b6095aa9f,delivered,2017-05-15 20:00:00,2017-05-16 02:00:00,2017-05-19 02:00:00,2017-06-11 02:00:00,2017-06-07 20:00:00
d481ba963e5bb677e37f9a6313551496,0b6e698218a461ca8146ef208aad1537,delivered,2017-09-03 13:00:00,2017-09-03 17:00:00,2017-09-07 17:00:00,2017-09-15 17:00:00,2017-09-17 13:00:00
d752133c6a53747a38e644d9693c3019,a31de4f8c79cb953b942190f1f1e74f5,delivered,2018-02-01 16:00:00,2018-02-02 09:00:00,2018-02-07 09:00:00,2018-03-03 09:00:00,2018-02-15 16:00:00
a77a5affcb61756c070fc7e9cb55bdaf,df118c675d7cb0478f855b4844dccebd,delivered,2018-03-21 07:00:00,2018-03-22 02:00:00,2018-03-25 02:00:00,2018-03-31 02:00:00,2018-04-07 07:00:00
cf95e764af31e92dbbff1e4b7236b469,706ecef93c7ff37d1408049b7f9ec3a0,delivered,2018-04-10 13:00:00,2018-04-11 13:00:00,2018-04-16 13:00:00,2018-05-05 13:00:00,2018-05-05 13:00:00
b7a6beb2ed791d94a7c037b5aff8d43e,37a8893423c944abbabc7d4b2a76ab82,delivered,2017-10-21 01:00:00,2017-10-21 10:00:00,2017-10-25 10:00:00,2017-10-30 10:00:00,2017-11-11 01:00:00
ec4f16ece31de8bd350ba5226be74e77,bcb4067d8828418dfd87936065938379,delivered,2017-04-26 19:00:00,2017-04-27 10:00:00,2017-04-28 10:00:00,2017-05-09 10:00:00,2017-05-20 19:00:00
b4fa785bf477649bc78af9dc251c8c20,f3bc1432bf2f97f32e5e34f0f9bc4e90,canceled,2017-12-19 18:00:00,2017-12-20 13:00:00,,,2018-01-05 18:00:00
a6e9b5ae6685c327f22d1294fd28a4d7,c5ce245c9558fa31b24f59f97243fed5,delivered,2018-07-04 03:00:00,2018-07-04 18:00:00,2018-07-07 18:00:00,2018-07-31 18:00:00,2018-07-30 03:00:00
1a1d07eca9b4715f88d76d5a9eabeffc,8d8a5399184cbb24bcde7407844bf02f,processing,2018-03-04 11:00:00,2018-03-04 11:00:00,,,2018-03-31 11:00:00
e9f276a97cedcd0c37c983606917e2e2,9bda79cc4e1a443a98c03fd66b264020,delivered,2018-03-01 03:00:00,2018-03-01 05:00:00,2018-03-02 05:00:00,2018-03-23 05:00:00,2018-03-19 03:00:00
1edb568bebc19f826bed6efa31c8c87f,b0e8db62fbd1c5ffcd6f0c9838c81b7c,delivered,2017-04-28 12:00:00,2017-04-28 19:00:00,2017-04-29 19:00:00,2017-05-17 19:00:00,2017-05-26 12:00:00
2774e089a1d275059a8fcb9237c386e5,bb864ab2ffcaf33447489b80d9c1ab2d,delivered,2017-06-06 15:00:00,2017-06-07 01:00:00,2017-06-10 01:00:00,2017-06-16 01:00:00,2017-07-02 15:00:00
4219eb725ba6612b42d8c5239925df49,924a6fea3bb7a5776529880c8ac08318,delivered,2017-05-05 22:00:00,2017-05-06 04:00:00,2017-05-11 04:00:00,2017-05-22 04:00:00,2017-05-27 22:00:00
7bc3b7b175fdb0a01b8c674ab3dec96d,2d03fb11ddc224eb9af853fb9c7cc702,delivered,2018-07-30 23:00:00,2018-07-31 05:00:00,2018-08-03 05:00:00,2018-08-26 05:00:00,2018-08-13 23:00:00
e12ac803867432ec9de1f9efb0376816,181428f94537277cf1f1d6fbd9da15e6,delivered,2017-06-24 23:00:00,2017-06-25 22:00:00,2017-06-27 22:00:00,2017-07-01 22:00:00,2017-07-19 23:00:00
f01f7382e4fa62c2b398e4fc59dd9452,694e69c370709b654ec22c2a99d6168d,delivered,2017-01-08 22:00:00,2017-01-09 19:00:00,2017-01-14 19:00:00,2017-01-30 19:00:00,2017-01-22 22:00:00
e6dd8969aada8ba0137ad987dc2e10f5,62b2fa872dd86931d31c6274e8c7c867,delivered,2017-02-27 16:00:00,2017-02-27 18:00:00,2017-02-28 18:00:00,2017-03-23 18:00:00,2017-03-17 16:00:00
c12690a1c84db23a8ab12c8dd29dc973,a0075f8610bfb144d5b31d9a17c602cf,delivered,2018-08-06 08:00:00,2018-08-07 05:00:00,2018-08-08 05:00:00,2018-08-30 05:00:00,2018-08-25 08:00:00
9cbf4d7de70c32806fa97de7619987c0,86dd0792bcd1e347f5024acdf066f27a,delivered,2018-01-15 03:00:00,2018-01-15 04:00:00,2018-01-20 04:00:00,2018-02-05 04:00:00,2018-02-07 03:00:00
5f8b3066fd1b31a39f18336dce94f92b,85e76074ef9a354ae7468a52a233b665,delivered,2018-07-07 03:00:00,2018-07-07 18:00:00,2018-07-08 18:00:00,2018-07-18 18:00:00,2018-08-06 03:00:00
aabe05a366e7303ca52267569c4b1428,bacf5012bd54954548e8c79afc678db7,delivered,2018-10-15 03:00:00,2018-10-15 16:00:00,2018-10-19 16:00:00,2018-11-05 16:00:00,2018-11-14 03:00:00
5367210cba575e206ea0682e6b3887b0,5bc66ea4d44afdde7afdc08164667f70,delivered,2017-04-16 10:00:00,2017-04-16 20:00:00,2017-04-17 20:00:00,2017-05-07 20:00:00,2017-05-14 10:00:00
ca7e2d4e939cfc04b518c9e1db5bf8d9,689552a768b1a6e5c812feae55caab20,shipped,2017-01-18 20:00:00,2017-01-19 11:00:00,2017-01-22 11:00:00,,2017-01-31 20:00:00
fe22a8c383a022e04d04ccf1d4b744c7,dfe223fd605b3b1bc16d074a2c2459bf,delivered,2018-03-15 23:00:00,2018-03-16 19:00:00,2018-03-20 19:00:00,2018-03-30 19:00:00,2018-04-12 23:00:00
80f378ccebb06b15a48803694b400975,c253dac4006484a9355974b4a6058c3e,delivered,2017-03-28 19:00:00,2017-03-28 23:00:00,2017-04-01 23:00:00,2017-04-18 23:00:00,2017-04-20 19:00:00
be2721cdd79b37a1b6ccece57a0e1bfe,16ba1b696bf32690adfc11fc7093172e,delivered,2017-08-16 11:00:00,2017-08-17 01:00:00,2017-08-19 01:00:00,2017-08-25 01:00:00,2017-09-11 11:00:00
4906c7eef0e208b93d4b1695a66a8b58,496f48e1af23b0ab45ca18b99cffa370,delivered,2018-05-23 11:00:00,2018-05-24 09:00:00,2018-05-27 09:00:00,2018-06-03 09:00:00,2018-06-22 11:00:00
c11f1ed9512cd0581376ca781698a88d,4c4cd8ab3320ee9459c9971671f57def,delivered,2017-11-12 19:00:00,2017-11-13 01:00:00,2017-11-15 01:00:00,2017-11-19 01:00:00,2017-12-12 19:00:00
f10543f9215070d4ad44fe0cdd6b5802,3345dd68e9ee045e2e27b51cf42e466d,delivered,2017-09-09 10:00:00,2017-09-09 11:00:00,2017-09-10 11:00:00,2017-09-14 11:00:00,2017-09-29 10:00:00
f62f7486bfb65261370ca09a809c2262,517ae689e300d545aecf14451a0fb76e,delivered,2017-03-30 17:00:00,2017-03-31 01:00:00,2017-04-04 01:00:00,2017-04-20 01:00:00,2017-04-13 17:00:00
5ffb3b71960f08b499b3bde0fa5afb37,57d4f8c4677426865e6d9db322173f70,delivered,2018-01-17 22:00:00,2018-01-18 18:00:00,2018-01-23 18:00:00,2018-01-28 18:00:00,2018-02-06 22:00:00
8d405bf9369531db3e5eed9fde1c01f3,737924444eba2d227c0bb2764eee8480,delivered,2018-01-21 01:00:00,2018-01-21 03:00:00,2018-01-24 03:00:00,2018-02-10 03:00:00,2018-02-18 01:00:00
ecf8c9224f624e9b69e2fcb56802711b,dc01bcc5c13967c6b31e50fcae94d6be,delivered,2018-07-05 23:00:00,2018-07-06 14:00:00,2018-07-10 14:00:00,2018-07-22 14:00:00,2018-07-20 23:00:00
e318ea61d6e9aeba84d1fe3bcec23863,5c6ae28e548e0580600715fffaad409b,canceled,2017-06-24 17:00:00,2017-06-24 20:00:00,,,2017-07-17 17:00:00
28303f49ea2b9b894fcf4a3e2c4cf708,d101929cfb664abf9b50b5fbb41da663,delivered,2017-09-23 04:00:00,2017-09-23 23:00:00,2017-09-26 23:00:00,2017-10-17 23:00:00,2017-10-19 04:00:00
02a094324bfd38014eabfd0dcef7b77e,0f13280b309757d909fb57f039347ab6,delivered,2017-03-06 10:00:00,2017-03-07 03:00:00,2017-03-08 03:00:00,2017-04-01 03:00:00,2017-03-21 10:00:00
575bb6ff44539a5399135320e7a38ff8,db915ffd9d26e2d1f0528bff681791ea,delivered,2017-04-11 04:00:00,2017-04-11 17:00:00,2017-04-14 17:00:00,2017-05-08 17:00:00,2017-04-25 04:00:00
eeb1ae97ccb49d2d92abe1cb7f1f2b30,455f9ac0a1a5366b318cac328771aa3b,delivered,2017-05-30 00:00:00,2017-05-30 23:00:00,2017-05-31 23:00:00,2017-06-03 23:00:00,2017-06-22 00:00:00
1f41b98bf0745dda768c73d98e76db29,30fdececce188222410bf3d120fa3560,delivered,2018-05-21 23:00:00,2018-05-22 10:00:00,2018-05-23 10:00:00,2018-06-04 10:00:00,2018-06-12 23:00:00
f74e54849b6382e5facf99ffb14d94c0,662dffb1cdfd1fe9f461eef8737ee7e5,delivered,2018-05-04 08:00:00,2018-05-05 06:00:00,2018-05-10 06:00:00,2018-05-13 06:00:00,2018-05-24 08:00:00
12f62dc73cd6f53fd45fdfc89f99c8fc,9d040243fa057940e94c700bfb877cc4,delivered,2018-03-12 22:00:00,2018-03-13 19:00:00,2018-03-14 19:00:00,2018-03-30 19:00:00,2018-03-28 22:00:00
963cae6e8563e2f8fea9c616db59ba43,41a03734baf362fbb8957c93c28aa3ec,delivered,2017-12-04 03:00:00,2017-12-05 03:00:00,2017-12-08 03:00:00,2017-12-18 03:00:00,2018-01-02 03:00:00
7e510fa264d2e86abaeb5ab7a8527165,2047bbff38979041ba8cecfc54d56514,delivered,2017-02-27 18:00:00,2017-02-28 11:00:00,2017-03-03 11:00:00,2017-03-22 11:00:00,2017-03-27 18:00:00
277dbdc637e4b92786e5b1581c5c4751,c391af62c2984f2b00698a2ae6ac8886,delivered,2017-08-13 18:00:00,2017-08-14 00:00:00,2017-08-15 00:00:00,2017-08-31 00:00:00,2017-09-10 18:00:00
14503e5b2584e91255b067537995ec3f,9328cf63d4b932b25350f06993148969,delivered,2017-11-22 18:00:00,2017-11-23 14:00:00,2017-11-25 14:00:00,2017-11-30 14:00:00,2017-12-19 18:00:00
9cf5fe1644aa1ea739595bb255ab4e6d,41d6045c6ca587a37e368b309e6ae5ed,delivered,2017-05-01 19:00:00,2017-05-02 05:00:00,2017-05-03 05:00:00,2017-05-17 05:00:00,2017-05-26 19:00:00
205218cc25036cd347e151e5ec05e1e7,2c2c5d5b27bd668ba3a941c1a6f71504,delivered,2018-08-13 15:00:00,2018-08-14 15:00:00,2018-08-19 15:00:00,2018-08-28 15:00:00,2018-09-03 15:00:00
667676eb662d826f86e86510e192abec,cb6851685fee2bc93df46bd2bf6c9c59,canceled,2017-08-13 14:00:00,2017-08-14 05:00:00,,,2017-09-04 14:00:00
a064c0ccbd279fd871c74f6268a5057c,5959a5c3fb418306d22dd1da87dcfa74,delivered,2017-06-06 22:00:00,2017-06-07 02:00:00,2017-06-12 02:00:00,2017-06-26 02:00:00,2017-06-19 22:00:00
7220abf900a5a790653a81fbbf966001,49dfd0184459c7bd83125577a42f5d7c,delivered,2018-02-12 15:00:00,2018-02-13 15:00:00,2018-02-14 15:00:00,2018-03-04 15:00:00,2018-03-06 15:00:00
3e99fd32c28c57bbac475be8c263cf0d,851f9a502d871eb08a9f97459eb29619,delivered,2018-03-16 08:00:00,2018-03-17 04:00:00,2018-03-20 04:00:00,2018-04-13 04:00:00,2018-04-15 08:00:00
b9d6279b240faa2ff36450ac2cba898c,904d27d3ccfae0aa69184fe9dc1d6309,delivered,2017-04-15 10:00:00,2017-04-16 04:00:00,2017-04-19 04:00:00,2017-05-11 04:00:00,2017-04-28 10:00:00
66baff8a563653c3801f8e86f640ab28,77e267ad5d8325fff14d34105a36bad7,delivered,2017-05-17 05:00:00,2017-05-17 12:00:00,2017-05-20 12:00:00,2017-05-31 12:00:00,2017-06-13 05:00:00
27c73e180b57fc736707174668a6143d,a753b68519043f358067e1dded8f2ec6,delivered,2018-05-15 11:00:00,2018-05-16 03:00:00,2018-05-19 03:00:00,2018-06-11 03:00:00,2018-05-30 11:00:00
0aaf7ae7fea44402570d3b3892686857,51c06134b6b166da596bb0ba8e541da7,delivered,2017-10-25 03:00:00,2017-10-25 09:00:00,2017-10-29 09:00:00,2017-11-10 09:00:00,2017-11-17 03:00:00
27f5e4d5b42176c0e763b8fe65dab531,190dcc47ae0e317d50563fa850069ffb,delivered,2017-07-02 16:00:00,2017-07-03 03:00:00,2017-07-08 03:00:00,2017-07-18 03:00:00,2017-07-31 16:00:00
4f54c90edb7611cde928966877d51bca,9a8598af0c109a7a30871aa945a8abb1,delivered,2017-01-08 02:00:00,2017-01-08 22:00:00,2017-01-11 22:00:00,2017-02-02 22:00:00,2017-01-27 02:00:00
27431a1bd052857e8f8b55d15d60be10,d7ee5d4f6fdc2550a0fef4d6c6309f00,delivered,2017-08-22 11:00:00,2017-08-22 11:00:00,2017-08-27 11:00:00,2017-09-04 11:00:00,2017-09-13 11:00:00
7395d3fc518775b3c23f58aac21aeb93,fa0c01ac64f1ca6b4e5ecba4dd7a438d,canceled,2017-12-08 19:00:00,2017-12-09 15:00:00,,,2017-12-31 19:00:00
97d63070b0a4efb519ab1de18a353f73,a4ba55b5a5e7c785d355e6538d784cb2,delivered,2017-03-01 06:00:00,2017-03-02 05:00:00,2017-03-06 05:00:00,2017-03-25 05:00:00,2017-03-22 06:00:00
006a218f321284c402ec48f163a0793b,e952b5473501ce808aad06932b428873,delivered,2017-07-22 06:00:00,2017-07-23 06:00:00,2017-07-27 06:00:00,2017-08-08 06:00:00,2017-08-17 06:00:00
8bac739c482d26490ab32f5625b441ff,7fbda7a01803e038f55db5792f7faa73,delivered,2017-12-05 06:00:00,2017-12-05 22:00:00,2017-12-09 22:00:00,2017-12-29 22:00:00,2017-12-18 06:00:00
053b1b94ae85e8619bf63df33b0e908e,c0b30303af479a0be7fd3482b7c9debe,delivered,2018-03-27 06:00:00,2018-03-27 14:00:00,2018-04-01 14:00:00,2018-04-05 14:00:00,2018-04-26 06:00:00
1125e8c93f215d74ec1a1d25550569a3,f5f21b991e2c723c2cd6bb1d46fb4c7e,delivered,2017-01-12 14:00:00,2017-01-13 10:00:00,2017-01-17 10:00:00,2017-01-24 10:00:00,2017-02-03 14:00:00
159f3cf1d9edaf6a53868606cdae0f08,e2a8e2f83d439f5e72d9b6455cb1c89e,delivered,2017-01-05 13:00:00,2017-01-05 23:00:00,2017-01-08 23:00:00,2017-01-23 23:00:00,2017-02-04 13:00:00
edcf79dd7e26f4ae19976388742bf60d,9a578704dcc130e6c2245536cedaccec,delivered,2017-08-14 10:00:00,2017-08-15 01:00:00,2017-08-16 01:00:00,2017-08-25 01:00:00,2017-08-27 10:00:00
47a1fa036345239e026761140f862b69,db92cb576f82614daacfa947dd9c829a,delivered,2018-04-14 14:00:00,2018-04-15 00:00:00,2018-04-20 00:00:00,2018-05-15 00:00:00,2018-05-10 14:00:00
b36ece454db03f46962e9b700b0e7258,dbd959b888884491e59b918547e9773e,delivered,2017-11-06 17:00:00,2017-11-07 07:00:00,2017-11-09 07:00:00,2017-11-15 07:00:00,2017-12-05 17:00:00
4e82263e64678700790003b9937d472e,fe44492ff40f9b9c7bef14350d1d14a0,delivered,2018-01-02 17:00:00,2018-01-03 04:00:00,2018-01-06 04:00:00,2018-01-30 04:00:00,2018-01-25 17:00:00
6ab77dd4bddc50ba594fdbf8dbb7ae2d,8746d7c6615676b3af6e95c8f4e63ead,delivered,2018-04-08 17:00:00,2018-04-09 06:00:00,2018-04-13 06:00:00,2018-05-04 06:00:00,2018-04-25 17:00:00
3d055998c260ca067013fa67f244281a,0e1fe43215dcb535c90b07d5ab8a5c06,canceled,2018-03-31 02:00:00,2018-03-31 05:00:00,,,2018-04-25 02:00:00
0097223feac90c4dae17d1993a003703,b52d00ee4232f4f6f96c7d29fc231b0c,delivered,2018-01-22 18:00:00,2018-01-23 05:00:00,2018-01-25 05:00:00,2018-02-03 05:00:00,2018-02-13 18:00:00
853135f4ccafc4afc3c153c8c0e1ab61,a1ba71ed9422e251f63b93bf1dcf87ba,delivered,2017-09-09 03:00:00,2017-09-09 11:00:00,2017-09-11 11:00:00,2017-09-25 11:00:00,2017-10-02 03:00:00
17d0d0fce63ab8e8e6e723a208c031d7,7b046535eac3ff36133dbc1ae34135da,delivered,2017-05-06 07:00:00,2017-05-07 05:00:00,2017-05-10 05:00:00,2017-05-30 05:00:00,2017-05-30 07:00:00
81adcfe78e84687a8aba16842ec8c9fa,c29f336931d7bc493c053a870222b300,delivered,2017-04-28 13:00:00,2017-04-28 13:00:00,2017-04-29 13:00:00,2017-05-12 13:00:00,2017-05-12 13:00:00
776a6a9bdfdbb3e221b1107e6a40e034,67e1e6e744e12017e356fae8de525433,delivered,2017-03-11 01:00:00,2017-03-12 00:00:00,2017-03-13 00:00:00,2017-03-19 00:00:00,2017-04-03 01:00:00
02ade14aa4ee7e8fb50c39ce88efc6f6,65dc8a7e3756befe8e2e160ab054d5c8,delivered,2017-05-26 07:00:00,2017-05-26 09:00:00,2017-05-29 09:00:00,2017-06-11 09:00:00,2017-06-21 07:00:00
8cb9b57e279cdef78ff63d7ed92fcf51,1e8124950bd515dd217547ed924b0644,delivered,2017-12-25 02:00:00,2017-12-25 13:00:00,2017-12-27 13:00:00,2018-01-06 13:00:00,2018-01-13 02:00:00
1c56cbe0dbf54731b22c79f64d7e0130,75a12a1aefb2ad6bd49afd34559133ac,processing,2017-01-20 14:00:00,2017-01-20 23:00:00,,,2017-02-18 14:00:00
57b525e0e222af50a131b2983292d4d1,4e437186a2a6b74730f707234c0c94ed,delivered,2017-06-25 08:00:00,2017-06-26 03:00:00,2017-06-30 03:00:00,2017-07-19 03:00:00,2017-07-22 08:00:00
b1a191c7f810be73c77a0940b1cc3f7c,61c7041e67cfffa02af474fde104e84c,delivered,2017-05-11 09:00:00,2017-05-11 13:00:00,2017-05-14 13:00:00,2017-05-25 13:00:00,2017-05-27 09:00:00
6bcd7ba35408c506ddc4c146f5c2aa4a,7dc89bfc423539de10da782be9544e99,delivered,2018-02-10 09:00:00,2018-02-10 09:00:00,2018-02-11 09:00:00,2018-03-06 09:00:00,2018-02-24 09:00:00
985a570fdcf07d7d3fcb545c5a586ba4,fba1d51b151979a1ef2a4dcacc18998d,delivered,2018-05-08 15:00:00,2018-05-08 20:00:00,2018-05-10 20:00:00,2018-05-26 20:00:00,2018-05-25 15:00:00
a89ddb8c4282c052516eeddc532bbb65,b4a6747ebccfcaf9d78f95c33fd9f587,shipped,2018-05-31 15:00:00,2018-06-01 13:00:00,2018-06-04 13:00:00,,2018-06-19 15:00:00
559986e738f14f3db1a44be98ed4e35b,7803ec73836d24e62cad2d6558c53d09,delivered,2017-07-07 22:00:00,2017-07-08 05:00:00,2017-07-13 05:00:00,2017-07-19 05:00:00,2017-07-26 22:00:00
d1a0635e1888cfc2539f916e21cf4640,d24dc8a13fa031822021a70d0c56b028,delivered,2017-03-16 12:00:00,2017-03-17 10:00:00,2017-03-18 10:00:00,2017-04-01 10:00:00,2017-04-08 12:00:00
8451c1a8c54c409e7c7f14c5f0fe4ca8,091ca4c7d00a950ecd00348b82bcb1ee,delivered,2017-11-25 07:00:00,2017-11-25 09:00:00,2017-11-27 09:00:00,2017-12-11 09:00:00,2017-12-07 07:00:00
d7036509047790cc3efbe96d68da3509,471531d4fb0ca32c21a76c52a64bddd8,delivered,2018-06-12 20:00:00,2018-06-12 23:00:00,2018-06-16 23:00:00,2018-06-23 23:00:00,2018-06-26 20:00:00
373cd38faf931ea53099d7f64e5abb0e,13ccfa78e094675d75e883be72053f92,delivered,2018-03-07 19:00:00,2018-03-08 08:00:00,2018-03-09 08:00:00,2018-03-28 08:00:00,2018-03-20 19:00:00
d13a962d8706741a16ae29325a3145cf,bbde30b88920cd4db52d3d21791f308c,delivered,2018-02-22 16:00:00,2018-02-23 05:00:00,2018-02-28 05:00:00,2018-03-04 05:00:00,2018-03-17 16:00:00
ba269dde39289fd084092d5c7752fc64,048ac7a3486032b26b837aae5a09550f,delivered,2018-04-15 06:00:00,2018-04-16 06:00:00,2018-04-17 06:00:00,2018-05-07 06:00:00,2018-05-04 06:00:00
8fa9ef09de4f495b11813a485f610696,730e86586af8a1a0b924cc7b83ddbc2c,delivered,2018-01-24 16:00:00,2018-01-25 07:00:00,2018-01-26 07:00:00,2018-01-31 07:00:00,2018-02-18 16:00:00
7a10b865b418f5ac783fed58c5417a7f,3d7f7a9136c3fd85ca7f7244c227ed50,delivered,2018-03-15 10:00:00,2018-03-15 17:00:00,2018-03-16 17:00:00,2018-04-09 17:00:00,2018-04-02 10:00:00
09569f9bb84cc165be8f69b3fe57d79b,81dd27f30806998bfe17e8f39700abb0,delivered,2017-12-17 09:00:00,2017-12-18 03:00:00,2017-12-23 03:00:00,2018-01-01 03:00:00,2018-01-16 09:00:00
7de14528048bed80fc64fa8139dccd07,efd4a45f9e537b3b4ea589999d766868,delivered,2017-11-17 05:00:00,2017-11-18 03:00:00,2017-11-21 03:00:00,2017-11-27 03:00:00,2017-12-13 05:00:00
09f8d2524976dd3cf4344a1de58a2bf7,3975ddc521300a3f099018a33ff3a8e4,delivered,2017-06-19 04:00:00,2017-06-20 03:00:00,2017-06-24 03:00:00,2017-07-11 03:00:00,2017-07-04 04:00:00
a287dd107c64df0e468154a7c5757f5b,4b3ddff18da6b97c86f6de0b7ce03d69,delivered,2018-08-17 04:00:00,2018-08-17 22:00:00,2018-08-22 22:00:00,2018-09-06 22:00:00,2018-09-04 04:00:00
d5e82907d66cd55312dc4248f169e2ce,39f2f9ac0aa32d3b5df323f54cda219d,delivered,2018-04-19 02:00:00,2018-04-19 19:00:00,2018-04-20 19:00:00,2018-05-15 19:00:00,2018-05-05 02:00:00
f2b10b8dd8d4eb9950b95cecbbcfae06,200cc0d49d9a7db6ccb23d6ecde28131,delivered,2017-04-15 18:00:00,2017-04-16 15:00:00,2017-04-21 15:00:00,2017-04-28 15:00:00,2017-05-06 18:00:00
0091e9b1ab23e5319655c748dfb63993,71e736721da7f6dca2dcc03b509ada07,delivered,2017-08-26 05:00:00,2017-08-26 19:00:00,2017-08-27 19:00:00,2017-09-15 19:00:00,2017-09-18 05:00:00
0dfdb74fca621b3e44cfa19699823cb4,78eefa7afa0a1acba951027b53ffd1eb,delivered,2017-06-06 14:00:00,2017-06-06 22:00:00,2017-06-07 22:00:00,2017-06-17 22:00:00,2017-06-24 14:00:00
0944c6e5d625e7cdaf795462166c3d7f,3dcebe0c65861976f2acf3fceceaec62,delivered,2017-12-23 15:00:00,2017-12-24 08:00:00,2017-12-29 08:00:00,2018-01-13 08:00:00,2018-01-14 15:00:00
fcfc7f44067d8b791b4522cfcee13087,67c0ec073f17c3c3a64e3e94e5ef53ce,delivered,2018-04-24 00:00:00,2018-04-24 14:00:00,2018-04-28 14:00:00,2018-05-01 14:00:00,2018-05-08 00:00:00
9787f16dd965b593558d51775b4ee0c5,cf663bc3f8c3dfcaf1df46a0160cae64,delivered,2017-10-21 09:00:00,2017-10-21 17:00:00,2017-10-23 17:00:00,2017-11-02 17:00:00,2017-11-09 09:00:00
1c9648c1b7b6ccaf62cb71fcb826ba1b,36e5b16a591574b4faddc9f0677adc61,shipped,2018-01-29 20:00:00,2018-01-30 15:00:00,2018-02-03 15:00:00,,2018-02-24 20:00:00
5d2474ab5d83baf5018046d56e3013a1,088b7879efee043470b8b52a63f8eac4,delivered,2018-05-09 19:00:00,2018-05-09 22:00:00,2018-05-13 22:00:00,2018-05-23 22:00:00,2018-05-31 19:00:00
b21382b179b62e0121dfbdc3a9524bf2,4023385d3cc21eb8b7a4129c996bb5dc,delivered,2017-01-06 07:00:00,2017-01-06 10:00:00,2017-01-11 10:00:00,2017-01-26 10:00:00,2017-01-30 07:00:00
314969e575ad231b95de12d5d89938bb,1206994d6a4fab5f12e487806c93f0c1,delivered,2017-03-27 10:00:00,2017-03-27 18:00:00,2017-04-01 18:00:00,2017-04-24 18:00:00,2017-04-24 10:00:00
a0cd1abb3eb91bc0a0caf7b8f2dd2f15,775922fdfaa13694f1a5c20be3936803,processing,2018-05-21 21:00:00,2018-05-22 08:00:00,,,2018-06-04 21:00:00
6c6e77173d1dcaab9b8871526fb56ab0,a0b6ef8eb0b60d861dca52f8c3bb526b,delivered,2018-02-28 08:00:00,2018-02-28 18:00:00,2018-03-05 18:00:00,2018-03-26 18:00:00,2018-03-14 08:00:00
d880be2a9ae228564291c441954ad961,760a58a63d8ad67b9a3da254e358200f,delivered,2017-06-29 12:00:00,2017-06-29 22:00:00,2017-07-01 22:00:00,2017-07-09 22:00:00,2017-07-21 12:00:00
8fda8d85520a9f1a06470faf850d8003,b520d86a9ae1445906390f9141ebc759,delivered,2017-02-17 13:00:00,2017-02-17 15:00:00,2017-02-20 15:00:00,2017-03-05 15:00:00,2017-03-12 13:00:00
3763a3b105c1bac4b98f805c653066a3,65971bbcf774c909b9776607e2e6290c,delivered,2018-02-27 05:00:00,2018-02-27 15:00:00,2018-03-04 15:00:00,2018-03-16 15:00:00,2018-03-13 05:00:00
d0ed7c33a4bc556bf630095390779aec,1144462858a447abc37df7f950db5bbb,delivered,2018-08-24 05:00:00,2018-08-25 04:00:00,2018-08-29 04:00:00,2018-09-09 04:00:00,2018-09-07 05:00:00
03b09dadcbe64a1607d750cb353f1d07,348da480290ddbe4d9a43ccdbaf3d8e5,delivered,2018-12-06 05:00:00,2018-12-06 16:00:00,2018-12-10 16:00:00,2018-12-20 16:00:00,2018-12-19 05:00:00
d84ee48f72fe0ed89dffaff51065cdf6,01af74cc223c69bf78d0d02f00aef0aa,delivered,2017-06-02 05:00:00,2017-06-02 14:00:00,2017-06-04 14:00:00,2017-06-24 14:00:00,2017-06-29 05:00:00
e08a82056de4edba20fa6f1120ff74c5,b5c2e83d4184d045c4c1e37689ab0b0e,delivered,2017-11-07 22:00:00,2017-11-08 20:00:00,2017-11-09 20:00:00,2017-11-12 20:00:00,2017-11-25 22:00:00
4e387140ad125a76ba15059b78a38a81,8ee30925d60dd16b62b095a59cba354d,delivered,2018-03-26 22:00:00,2018-03-27 04:00:00,2018-03-28 04:00:00,2018-04-08 04:00:00,2018-04-18 22:00:00
4bb42f61212d115e961af01700eb7763,8406828e2b824325b17bf67bd483c353,delivered,2018-08-18 13:00:00,2018-08-19 00:00:00,2018-08-20 00:00:00,2018-09-02 00:00:00,2018-08-30 13:00:00
b68e494dd9d035e3b30e4822f463beb7,0ea8fb71bd7bc80c4561200cebd5fbb2,delivered,2017-08-29 11:00:00,2017-08-29 23:00:00,2017-08-31 23:00:00,2017-09-13 23:00:00,2017-09-16 11:00:00
cc2af8dfe411a1a6889d12fce7044fd6,cd66432b5bd6ac09f6be47b1e891e131,delivered,2017-01-21 08:00:00,2017-01-22 06:00:00,2017-01-27 06:00:00,2017-02-14 06:00:00,2017-02-05 08:00:00
f8b88a896963acba77bd8a1854d3e54d,c2335b064e31fb70b569826004b0b6c1,delivered,2018-07-16 07:00:00,2018-07-16 15:00:00,2018-07-19 15:00:00,2018-08-12 15:00:00,2018-07-31 07:00:00
a2b7fb1681f13dd0abef394621416f4e,12025337bf92c619ae4634026ec060ce,delivered,2017-10-06 14:00:00,2017-10-07 06:00:00,2017-10-04 14:00:00,2017-11-03 06:00:00,2017-10-25 14:00:00
f81a821c3c1f43dbc6a4280c421991fa,c459668ec5e13ccc8bcd17a31adb9a9f,delivered,2018-06-09 20:00:00,2018-06-10 08:00:00,2018-06-07 20:00:00,2018-06-16 08:00:00,2018-07-09 20:00:00
62b6c58122ac0bed6d112b4cbe6ad03d,2b9c79e9d40e0597e7d7261394df2d06,delivered,2018-10-20 20:00:00,2018-10-21 06:00:00,2018-10-24 06:00:00,2018-11-16 06:00:00,2018-11-08 20:00:00
9b20dac7cff7ce327649a52a0ddf6858,bda33e0d91543f8bdcba55c6b5ec66a8,delivered,2019-05-01 20:00:00,2019-05-02 14:00:00,2019-05-06 14:00:00,2019-05-20 14:00:00,2019-05-29 20:00:00
715f0fd9feff03780e89bc5f35e45ef6,b184368cf48af1d5d74c519d7d225eeb,delivered,2019-06-09 20:00:00,2019-06-09 23:00:00,2019-06-13 23:00:00,2019-06-30 23:00:00,2019-07-03 20:00:00
aef1c658d244bf37ee0099432363ffd7,f645fab6ffeae7f5c3d5aee01645864a,delivered,2017-07-11 07:00:00,2017-07-11 17:00:00,2017-07-13 17:00:00,2017-07-21 17:00:00,2017-08-06 07:00:00
e9ca8e130aba10fffd16e3c1fc98036a,73947e22b1e2640c583cb7cb5e3eb6ea,canceled,2018-01-01 10:00:00,2018-01-01 11:00:00,,,2018-01-16 10:00:00
2b3a67bf2760d682e7f7ebfa1a765281,67bc92d9bc253805700684a707980ab9,delivered,2018-03-05 10:00:00,2018-03-06 03:00:00,2018-03-08 03:00:00,2018-03-31 03:00:00,2018-03-17 10:00:00
939954133112585dfc753dd6db9a7707,68f1fe4e7cf7f6bf230bc715a56b22a2,delivered,2017-08-10 07:00:00,2017-08-10 08:00:00,2017-08-13 08:00:00,2017-09-06 08:00:00,2017-09-04 07:00:00
ea7f7f6bf044e1b6a4b04a656e81a8a3,09811a969b0188fec5f44c117539b10d,delivered,2018-02-15 03:00:00,2018-02-16 02:00:00,2018-02-17 02:00:00,2018-03-02 02:00:00,2018-03-02 03:00:00
00a0333e1ccb27cf258e85589c01a7de,a617a28cc87f931e60bfa85aeb7c4262,delivered,2017-06-11 18:00:00,2017-06-12 01:00:00,2017-06-13 01:00:00,2017-07-01 01:00:00,2017-06-25 18:00:00
4239433a4a87e802e6cb1d280d92736a,8dac08c793b12009f9ddc52d6be01cee,delivered,2017-03-23 05:00:00,2017-03-23 18:00:00,2017-03-26 18:00:00,2017-04-14 18:00:00,2017-04-22 05:00:00
894dc226e7f8cdfa8c2602597eac652a,78224ffa4027dfbdb1e37336773d1f5d,delivered,2018-04-09 17:00:00,2018-04-10 07:00:00,2018-04-11 07:00:00,2018-05-06 07:00:00,2018-04-29 17:00:00
0055d6e906df5dba700311ee1e994781,41d5131160ae027dc181f88fa4d6b520,delivered,2017-03-14 22:00:00,2017-03-15 13:00:00,2017-03-16 13:00:00,2017-04-08 13:00:00,2017-04-11 22:00:00
5c681e52af494d538e803f39222f6ce1,4333c375ff284d23c3022e17c2cee54c,delivered,2017-05-07 05:00:00,2017-05-07 16:00:00,2017-05-10 16:00:00,2017-05-15 16:00:00,2017-05-31 05:00:00
f99c58ae6cb5c8f339955dd139e0f5bd,48f488220ee7305e4904f586d3b6f12e,delivered,2017-02-26 15:00:00,2017-02-27 02:00:00,2017-03-03 02:00:00,2017-03-25 02:00:00,2017-03-22 15:00:00
afa2c76a29d9525f793aec8990ba84d5,49ffd40baa458d3159178c84260a786f,delivered,2018-01-17 01:00:00,2018-01-17 21:00:00,2018-01-19 21:00:00,2018-02-13 21:00:00,2018-02-03 01:00:00
c378205f9d93615cae326c53ad9e9a10,a9c15adc6232287c26bebcd758b76942,delivered,2017-09-18 05:00:00,2017-09-19 02:00:00,2017-09-21 02:00:00,2017-09-25 02:00:00,2017-10-09 05:00:00
e687cc1ead123e41be58ca2d1d7e8d27,889840e8611b25fa728182a59ba0f67b,delivered,2018-08-11 21:00:00,2018-08-11 21:00:00,2018-08-16 21:00:00,2018-08-29 21:00:00,2018-09-02 21:00:00
9e00fe91909fbd3f06dcf78354a8d262,43f9fd9b4167e90571b7a9b35b010c96,delivered,2017-02-16 21:00:00,2017-02-17 10:00:00,2017-02-19 10:00:00,2017-02-27 10:00:00,2017-03-08 21:00:00
80053fcb1e271f2b697c19e193ae1447,d3a612235b621d253e25b50c138d41d8,delivered,2017-08-16 05:00:00,2017-08-16 06:00:00,2017-08-20 06:00:00,2017-09-14 06:00:00,2017-09-03 05:00:00
62f7fc374e17911772652f1e47b0c1ec,8a327480ba9583c59bdd9bc74160e5cf,delivered,2018-04-27 21:00:00,2018-04-28 02:00:00,2018-05-03 02:00:00,2018-05-13 02:00:00,2018-05-23 21:00:00
8341afde5452dd67475e2bbe4b0ec40b,54a5031f787bacc1f0d2421a7605ae29,delivered,2018-07-09 16:00:00,2018-07-10 06:00:00,2018-07-13 06:00:00,2018-07-18 06:00:00,2018-07-28 16:00:00
872a14b3fa3a6c5cd76bd449475f6ff7,d71da75a273789fe1c62a05006f7960c,delivered,2018-06-13 19:00:00,2018-06-14 04:00:00,2018-06-18 04:00:00,2018-07-10 04:00:00,2018-07-02 19:00:00
a2bafbbe731321cb216ad437b4e0a890,219e2a6e08fdd5d260f6e5fd1a25b90f,delivered,2017-11-20 07:00:00,2017-11-20 14:00:00,2017-11-22 14:00:00,2017-11-26 14:00:00,2017-12-08 07:00:00
82ba6bebdc9cb3eb9f6197b458c26f68,4c7ea8c4e1cb0baeb26b9ba751a6b439,delivered,2018-03-03 02:00:00,2018-03-03 14:00:00,2018-03-07 14:00:00,2018-03-17 14:00:00,2018-03-26 02:00:00
fd7a5ed588597ffad73806f1b1536a03,fe585a7e28048757e3fbd3828062677e,delivered,2017-06-29 17:00:00,2017-06-29 18:00:00,2017-07-02 18:00:00,2017-07-09 18:00:00,2017-07-12 17:00:00
b3d205ae8aa4e423f1da8d086d6f0d8e,22dcf4cb63a28b1d8b8e4c867b040680,delivered,2018-03-30 23:00:00,2018-03-31 09:00:00,2018-04-02 09:00:00,2018-04-20 09:00:00,2018-04-15 23:00:00
210a6c4da67eea7cf43bf412316070c3,2c6976f16cdf55f4e40567635795619c,delivered,2018-05-07 07:00:00,2018-05-07 21:00:00,2018-05-11 21:00:00,2018-06-03 21:00:00,2018-05-20 07:00:00
5676dc0257994d7754c0d4f427033a33,f890be80ba10eee6c367c59c0ab0b4ba,delivered,2017-06-17 08:00:00,2017-06-17 21:00:00,2017-06-22 21:00:00,2017-07-14 21:00:00,2017-07-06 08:00:00
43b9fcf4e5d4b443ed6c30e4abd3f914,83d0703a474e3b69f7210f63f6c2c7be,delivered,2017-01-11 09:00:00,2017-01-11 22:00:00,2017-01-15 22:00:00,2017-01-25 22:00:00,2017-01-29 09:00:00
983a51218e1edf2ba2dcb2030626cb30,699edeed7cfa000c08225318464b53f2,delivered,2017-06-13 13:00:00,2017-06-13 14:00:00,2017-06-14 14:00:00,2017-06-21 14:00:00,2017-06-26 13:00:00
82f1417e2a6b5dae7db2517a73297c98,a7eb7d25a2c98d782119d4ff056bc7bf,delivered,2018-02-18 14:00:00,2018-02-18 16:00:00,2018-02-21 16:00:00,2018-03-08 16:00:00,2018-03-13 14:00:00
e015bd1b5d5323e58391f85d4ce48e87,1d5f232f716fafaf153e1a00a1acb03b,delivered,2018-07-31 22:00:00,2018-08-01 07:00:00,2018-08-02 07:00:00,2018-08-22 07:00:00,2018-08-19 22:00:00
62be5e5ca173eba1793cd1d922b089c7,aa310ee0ce8c9c65ca1c25930a550b84,delivered,2017-03-03 06:00:00,2017-03-03 14:00:00,2017-03-07 14:00:00,2017-03-16 14:00:00,2017-03-15 06:00:00
e6b39de48d3ab986d29f222c16ab05a3,b76fc9b9cc16687d2d102257171ae5ed,delivered,2018-08-13 08:00:00,2018-08-14 06:00:00,2018-08-16 06:00:00,2018-08-30 06:00:00,2018-09-09 08:00:00
c463190a99cfc5aa36deece633beb361,1193874e7915f9075dec7cccb5c5fd9f,delivered,2017-09-26 16:00:00,2017-09-27 05:00:00,2017-09-29 05:00:00,2017-10-16 05:00:00,2017-10-21 16:00:00
873e21b2a50cb05b8b87760e8e59d128,0cfd400c9a331379f366d756869081e5,delivered,2017-06-16 19:00:00,2017-06-17 13:00:00,2017-06-21 13:00:00,2017-07-15 13:00:00,2017-07-11 19:00:00
fd922b6fb21e2700e1476a7fb6267d96,ecff4025f94ae80e4ce68b19fde02178,delivered,2018-05-16 01:00:00,2018-05-16 16:00:00,2018-05-17 16:00:00,2018-05-20 16:00:00,2018-06-03 01:00:00
75901dc5a72c3d57dc12e54bb51dd156,5bacd515274b852ab40f1f18c04a00cb,delivered,2018-04-10 11:00:00,2018-04-10 13:00:00,2018-04-14 13:00:00,2018-04-23 13:00:00,2018-04-25 11:00:00
dcd771f598e1d542e9fbbb506710610f,47eb62039b8771ee9803cca7586a2ad4,delivered,2017-01-24 00:00:00,2017-01-24 12:00:00,2017-01-28 12:00:00,2017-02-21 12:00:00,2017-02-12 00:00:00
e3b9b408566feb1767fe1658c0acc371,cc9099d407d6c3dad8294a39372a857d,delivered,2017-08-10 09:00:00,2017-08-11 00:00:00,2017-08-14 00:00:00,2017-08-26 00:00:00,2017-09-08 09:00:00
e4e805bd1d44999bc4f094b29ec5d42a,3629a4ef1cd15e09dec9cda8ffba47b9,delivered,2017-12-31 10:00:00,2017-12-31 23:00:00,2018-01-01 23:00:00,2018-01-10 23:00:00,2018-01-21 10:00:00
f1984c957ac7979abcf11ff66e4429cc,846b31c4460221abccb02dbee609bbbc,delivered,2018-02-28 13:00:00,2018-02-28 16:00:00,2018-03-04 16:00:00,2018-03-14 16:00:00,2018-03-27 13:00:00
e442069961162d0db3faec9136d43b13,b61a54a74fc5668bb4ec7e8e1cdc849a,delivered,2017-07-02 17:00:00,2017-07-03 06:00:00,2017-07-08 06:00:00,2017-07-23 06:00:00,2017-07-17 17:00:00
3b41e31afdddee70d87aeda7f890a006,c7629201f16e09b5d96b4d4eecc63423,delivered,2018-06-03 08:00:00,2018-06-03 10:00:00,2018-06-06 10:00:00,2018-06-09 10:00:00,2018-06-21 08:00:00
202e608cafde8320445dc28ee83783fc,78b93e7f964893f0ccc3be47605c39d8,delivered,2017-08-14 16:00:00,2017-08-15 12:00:00,2017-08-19 12:00:00,2017-08-28 12:00:00,2017-09-07 16:00:00
11d37b121d0e77178b291819087c46f9,5c579417e8298ac0eb315783aed70096,delivered,2017-12-26 16:00:00,2017-12-27 14:00:00,2017-12-30 14:00:00,2018-01-02 14:00:00,2018-01-14 16:00:00
23604ccf4b2eda84544d35009379d429,6d80cfe3631f67d3bfb468fd9cf148bd,delivered,2017-09-19 09:00:00,2017-09-20 08:00:00,2017-09-24 08:00:00,2017-10-19 08:00:00,2017-10-12 09:00:00
3a5b201d8d0169b3367de663b62b56d5,68c7d6d2d0ece4481e174c87ac959cb0,delivered,2017-08-28 10:00:00,2017-08-28 23:00:00,2017-08-31 23:00:00,2017-09-19 23:00:00,2017-09-24 10:00:00
b4a31d6aa021a41d2c79956d49d5deec,da6a7c2eebc6c400b2e7e41317013558,delivered,2018-07-27 09:00:00,2018-07-27 16:00:00,2018-07-30 16:00:00,2018-08-24 16:00:00,2018-08-19 09:00:00
ba900186e22f1e2a2140c6918f7440d5,8484e071577676811531918ed3f3cad9,delivered,2018-04-29 03:00:00,2018-04-29 05:00:00,2018-05-04 05:00:00,2018-05-21 05:00:00,2018-05-12 03:00:00
df8798f24d4e2528c4775de9bb4099bf,2c2676474dadaaadccdcd16a5cfd5a59,delivered,2018-08-14 14:00:00,2018-08-14 20:00:00,2018-08-19 20:00:00,2018-09-08 20:00:00,2018-09-05 14:00:00
d40c46db8e0fb501c55956f6ba2181f7,a6596289c03f32ef1627e3cf2825a04b,delivered,2018-10-07 14:00:00,2018-10-07 19:00:00,2018-10-09 19:00:00,2018-10-24 19:00:00,2018-11-03 14:00:00
22336d1487944b4cab2bc291d3452c2c,c20b04e3670af69a4eb4502568ed0e6f,canceled,2018-11-22 14:00:00,2018-11-23 14:00:00,,,2018-12-10 14:00:00
921565ea08fdd0ceb4d026a4c0a1451e,cb62b9f2d7350103ccf0be487fab7d8b,canceled,2018-12-31 14:00:00,2019-01-01 06:00:00,,,2019-01-28 14:00:00
82844c24991bf365c5fe77f716fdef9e,46b383a6ad4eaccc5c467deb6529adf5,delivered,2018-03-14 15:00:00,2018-03-14 18:00:00,2018-03-18 18:00:00,2018-04-08 18:00:00,2018-04-03 15:00:00
fe35d237ffc4ab9208732efbc249a9ed,b73b35fee917ded19c9e1d5702968285,delivered,2017-08-17 07:00:00,2017-08-18 07:00:00,2017-08-21 07:00:00,2017-08-25 07:00:00,2017-09-10 07:00:00
22d117dc31b203cb35783e64ee429722,99b90023687f719cc45ea576ec951111,delivered,2018-02-14 23:00:00,2018-02-15 06:00:00,2018-02-17 06:00:00,2018-02-28 06:00:00,2018-03-02 23:00:00
721e0a41be396a773454793408b625a3,e567ccffef83d9e340407101352657bc,delivered,2017-05-26 20:00:00,2017-05-27 02:00:00,2017-05-29 02:00:00,2017-06-08 02:00:00,2017-06-13 20:00:00
e4c5f25c043d70e78a549fd862b975b9,a8a2355d924518c36bc475b6f310f61d,canceled,2017-04-27 15:00:00,2017-04-28 11:00:00,,,2017-05-20 15:00:00
86b3468821fe4bdef6285e40b9cfd83f,4358d081344506109de2b1e95cd74179,processing,2018-06-19 16:00:00,2018-06-19 22:00:00,,,2018-07-08 16:00:00
bc8767f0e958af86e07fdb556f34f064,6f97ebe0656849f902fdadd454e52aae,delivered,2017-01-31 04:00:00,2017-01-31 16:00:00,2017-02-01 16:00:00,2017-02-16 16:00:00,2017-02-26 04:00:00
1a68ea2027179b322b3cca346191f9b7,783e70a7db44a6da2589f6114f77a7c2,delivered,2017-04-18 04:00:00,2017-04-18 22:00:00,2017-04-22 22:00:00,2017-05-02 22:00:00,2017-05-14 04:00:00
264d4d0e0db71d95080405dc379a7280,7d97fb598377dc890ee6b4f4784d57a5,delivered,2017-06-06 04:00:00,2017-06-06 06:00:00,2017-06-07 06:00:00,2017-07-01 06:00:00,2017-06-22 04:00:00
bf6f287405dd2002ba2d835ff85e2283,b851c1146575e8af6e48582c84f73884,delivered,2017-11-06 17:00:00,2017-11-07 16:00:00,2017-11-09 16:00:00,2017-11-25 16:00:00,2017-11-27 17:00:00
a82cbed3b50eda50c56afa5bf00dc347,ea508c374aea2c816a3289a4eb200237,delivered,2018-05-23 03:00:00,2018-05-23 23:00:00,2018-05-28 23:00:00,2018-06-03 23:00:00,2018-06-04 03:00:00
7147d08830fe71418d99a727167f0607,fcc40681eb1ba9895842e17a6fce6669,delivered,2017-12-06 12:00:00,2017-12-06 21:00:00,2017-12-10 21:00:00,2017-12-27 21:00:00,2017-12-20 12:00:00
1cb27402ff2abdf72d4308b05479594c,98490c6867dbfad487448c23404a6772,delivered,2017-08-26 11:00:00,2017-08-26 14:00:00,2017-08-29 14:00:00,2017-09-13 14:00:00,2017-09-08 11:00:00
fc29cf3c0b55ea8856891531cfff52ca,1da491512d6b5a302faee97814c098b8,delivered,2017-03-25 13:00:00,2017-03-26 12:00:00,2017-03-31 12:00:00,2017-04-24 12:00:00,2017-04-18 13:00:00
2f322e4d118e740707fa88fbe260039d,e03fa5f2fdd422221b1e193302f5b563,delivered,2017-07-17 16:00:00,2017-07-18 03:00:00,2017-07-22 03:00:00,2017-07-28 03:00:00,2017-08-15 16:00:00
7ba7ab2313a95b1e7e118a37a90714a3,cb8210636edf9ba9806d345714dc2143,delivered,2018-06-30 14:00:00,2018-06-30 14:00:00,2018-07-03 14:00:00,2018-07-25 14:00:00,2018-07-16 14:00:00
aa6cf97b0a95d1e143e34297cef13f66,c58c1950dc0f10dcf127baa7df1cd28a,delivered,2017-02-13 18:00:00,2017-02-14 00:00:00,2017-02-18 00:00:00,2017-03-14 00:00:00,2017-02-27 18:00:00
1e2d5c821c33eea22b033fe617e2aa93,ac7c77c57d89fa69516881a16de852e4,delivered,2018-01-15 02:00:00,2018-01-15 03:00:00,2018-01-16 03:00:00,2018-02-05 03:00:00,2018-01-29 02:00:00
999bc18057418749a9a9fb2cd0e4fd8a,48d4445dca6c28291d7216bf389e0e30,delivered,2018-03-16 04:00:00,2018-03-17 01:00:00,2018-03-22 01:00:00,2018-04-16 01:00:00,2018-03-31 04:00:00
8a868900e05e8dcd0ae15addd6ff6a05,6835b9c6cea97194cbd6ce75bf454da8,delivered,2017-09-17 08:00:00,2017-09-18 06:00:00,2017-09-23 06:00:00,2017-10-11 06:00:00,2017-10-02 08:00:00
981850976ea48dc065fbe36d5729b73b,4324805c74ec7d15f1d5892bb13b482c,delivered,2017-11-19 08:00:00,2017-11-20 05:00:00,2017-11-25 05:00:00,2017-12-18 05:00:00,2017-12-18 08:00:00
889d8cdca089acdac2d72b23acaae9bd,30c6dff3d914b16d50f239832ddc3931,delivered,2018-04-08 08:00:00,2018-04-08 20:00:00,2018-04-12 20:00:00,2018-05-04 20:00:00,2018-04-22 08:00:00
ce7fd5509bd70f6221256b1f632dfd91,afb6b357f6410b77c845fd6bf7517a85,delivered,2018-06-11 08:00:00,2018-06-11 20:00:00,2018-06-12 20:00:00,2018-06-18 20:00:00,2018-07-05 08:00:00
f3ac25cb7f4b24b9ef4c37d0d26567fd,5d2a0d67e597b225101a92f7287bac09,delivered,2017-10-30 01:00:00,2017-10-30 03:00:00,2017-11-01 03:00:00,2017-11-14 03:00:00,2017-11-15 01:00:00
5452b7110443b76669e8d3a4eb2592b9,5f1873b145ae940083d95e361e788e01,delivered,2017-07-12 23:00:00,2017-07-13 18:00:00,2017-07-15 18:00:00,2017-07-27 18:00:00,2017-07-28 23:00:00
d7c3ba39ae505fe73263be85dbadb28b,cce44ed9e82ccfd9b1d5aea543e6b71f,delivered,2018-06-09 07:00:00,2018-06-09 22:00:00,2018-06-14 22:00:00,2018-07-04 22:00:00,2018-06-25 07:00:00
6f6a86e8ce37626dc13beb6a9dd65ae9,c5b92e8884f20b1a7691ec41fe4e1e82,delivered,2018-02-23 11:00:00,2018-02-24 08:00:00,2018-02-27 08:00:00,2018-03-13 08:00:00,2018-03-23 11:00:00
6f65def6790a6959658ecb2a70fe5439,431227ecfcacc79501d24fa428a998a2,delivered,2018-06-08 15:00:00,2018-06-09 03:00:00,2018-06-10 03:00:00,2018-06-30 03:00:00,2018-06-24 15:00:00
436977caf466e6deca54868741c5cf55,150b070af0c90c94e602a5e4b63d4413,delivered,2018-05-08 09:00:00,2018-05-09 05:00:00,2018-05-10 05:00:00,2018-05-13 05:00:00,2018-06-01 09:00:00
a21821b2cab4f0e634bdd8b7bf0e489d,0bb386dbc00058950670443c179cb4b9,delivered,2018-04-24 00:00:00,2018-04-24 09:00:00,2018-04-27 09:00:00,2018-05-19 09:00:00,2018-05-21 00:00:00
f3dc284b0b877e53de1386dd9557d591,49d8e8e0e72c78907db512b320a801b8,delivered,2017-08-13 16:00:00,2017-08-13 22:00:00,2017-08-14 22:00:00,2017-08-22 22:00:00,2017-08-30 16:00:00
049b91b07583d0cc01a1f7da417e9ecb,7f1212f2dbc6d4a9b91a44cd78bab052,delivered,2017-11-14 14:00:00,2017-11-15 02:00:00,2017-11-19 02:00:00,2017-12-03 02:00:00,2017-12-08 14:00:00
b554204842ecf21c6d39b3262237c214,70bbb114c336f8f342f7814fca465dac,delivered,2018-05-08 17:00:00,2018-05-09 12:00:00,2018-05-11 12:00:00,2018-05-20 12:00:00,2018-05-20 17:00:00
8ffadd2bffea1eeae0d70d92940a078b,46f12859ba1cf2b3cfb61b2a85639b3f,delivered,2017-07-30 10:00:00,2017-07-31 02:00:00,2017-08-03 02:00:00,2017-08-19 02:00:00,2017-08-22 10:00:00
1aba0afcebe09d13328473c2c134618f,92e519927fe8730e3f2a9c499f66f6b7,delivered,2017-06-20 02:00:00,2017-06-20 15:00:00,2017-06-22 15:00:00,2017-07-17 15:00:00,2017-07-14 02:00:00
dadf01c57dcba8f8c9601d846eaeb002,2ddd2e334c3b519ecca894f18b5f1d5e,delivered,2018-07-15 20:00:00,2018-07-16 02:00:00,2018-07-21 02:00:00,2018-08-12 02:00:00,2018-07-27 20:00:00
f3651230864a832ab9e32584dd2f8c09,00a62f7b1647a8490344a6839a8caa40,delivered,2017-09-25 18:00:00,2017-09-26 06:00:00,2017-09-29 06:00:00,2017-10-16 06:00:00,2017-10-07 18:00:00
acb456d33945c74b4e38b2d46eae629c,2e63670b7544067731947591c2fd299c,delivered,2017-02-16 05:00:00,2017-02-16 16:00:00,2017-02-21 16:00:00,2017-03-08 16:00:00,2017-03-18 05:00:00
3351c6b1796a98189ade04deac6dca52,57d050cf86142f38c195842ced8aad7e,shipped,2017-03-06 01:00:00,2017-03-06 17:00:00,2017-03-10 17:00:00,,2017-04-05 01:00:00
955791e6d1bb562242605e089e78209e,6290129a63228db2bdcd79eea7e3fe20,delivered,2018-06-15 14:00:00,2018-06-16 04:00:00,2018-06-17 04:00:00,2018-07-01 04:00:00,2018-07-08 14:00:00
dded21d78dd0b1214797a5e459721f8d,d092e7b5ce02c11770e08b473cad907c,shipped,2017-12-07 00:00:00,2017-12-08 00:00:00,2017-12-12 00:00:00,,2017-12-19 00:00:00
cf9072f12d3ac36b37ea98bf62e61e64,e141dc61b8c208890055b7d85a0c2aac,canceled,2017-10-09 02:00:00,2017-10-09 10:00:00,,,2017-10-24 02:00:00
d27e1047325226757c5656bfe7471ea0,22f10bdaf39ee624db6bac7ad9cbb4b4,delivered,2017-09-11 06:00:00,2017-09-12 01:00:00,2017-09-16 01:00:00,2017-09-27 01:00:00,2017-09-26 06:00:00
16526a596d577ccc058ff66ed5a38c5e,dcf053653c6e5cedfeefb219324185a8,delivered,2017-07-27 16:00:00,2017-07-27 22:00:00,2017-07-30 22:00:00,2017-08-16 22:00:00,2017-08-19 16:00:00
91ea8f4937ea76eedcd99a8e18484650,ec250fe8662d2cdeb801ee08e20f50fd,delivered,2017-07-06 07:00:00,2017-07-06 13:00:00,2017-07-10 13:00:00,2017-07-27 13:00:00,2017-07-26 07:00:00
3479e48e871805a3747f61e7f732bc85,092b041d7ef71a100a73c838446f9dd4,delivered,2017-01-31 13:00:00,2017-02-01 10:00:00,2017-02-04 10:00:00,2017-02-21 10:00:00,2017-02-28 13:00:00
c92f1bb1a9c8cdb2cab761833eaf05b4,818c7f71d1b4f84dde7fa11b8dd84107,delivered,2017-05-01 14:00:00,2017-05-01 22:00:00,2017-05-03 22:00:00,2017-05-08 22:00:00,2017-05-26 14:00:00
0dd884f1c7ff35219fffa3f79e8b5907,6c5f0fe7278e4cfc579f875dd3294a71,delivered,2017-01-06 22:00:00,2017-01-07 09:00:00,2017-01-09 09:00:00,2017-01-18 09:00:00,2017-01-19 22:00:00
76815950aec002642e148440cde74c07,0f641d79d7724ab4cb7b4cbece1aa7e1,delivered,2017-12-28 08:00:00,2017-12-28 13:00:00,2017-12-29 13:00:00,2018-01-04 13:00:00,2018-01-13 08:00:00
e8f8e1533ccdb4f3910db5e508540fb5,b17032b5c82190851fdbaf7adfde557b,canceled,2017-11-05 16:00:00,2017-11-06 03:00:00,,,2017-11-26 16:00:00
6fc469f723596be8dece969783e572de,c3c2a462301342f9adb19a9bdc0c4fc9,shipped,2018-05-13 04:00:00,2018-05-13 08:00:00,2018-05-18 08:00:00,,2018-05-28 04:00:00
b5674b5fd3162db903d0066e56ad73c0,cc98d84cacda5fcb1a72caee633f0965,delivered,2018-05-29 14:00:00,2018-05-30 06:00:00,2018-06-04 06:00:00,2018-06-16 06:00:00,2018-06-28 14:00:00
c6a59693704aaa017256c86f270d15be,a9fefec02254a932b638e439c1b2a715,delivered,2017-03-05 16:00:00,2017-03-06 06:00:00,2017-03-10 06:00:00,2017-04-02 06:00:00,2017-04-01 16:00:00
bcb9e638b0200b6d91b67a234f7f85a7,d50653a98c23a9b548c1e321fbb7c395,delivered,2018-01-08 19:00:00,2018-01-09 03:00:00,2018-01-10 03:00:00,2018-01-26 03:00:00,2018-02-02 19:00:00
1010a064ce2620ff328529a15c463ee1,65b581407b909e8fadf6551825c437d4,shipped,2017-06-06 15:00:00,2017-06-07 02:00:00,2017-06-08 02:00:00,,2017-06-24 15:00:00
824c29806a2dcadb6a240811c3a87fc6,dc531912f8754b4cb308f5ca7bd0c59d,delivered,2018-01-17 21:00:00,2018-01-18 16:00:00,2018-01-21 16:00:00,2018-01-24 16:00:00,2018-02-07 21:00:00
0bd57513e31d5f0f623b2e738e553ae7,64168c11391af4213b44798b9544234e,delivered,2018-06-12 21:00:00,2018-06-13 16:00:00,2018-06-15 16:00:00,2018-06-20 16:00:00,2018-07-07 21:00:00
9c705735087144380c69aef948f815a2,67e8e1842969539f0b309c1b2c579797,delivered,2018-09-02 21:00:00,2018-09-03 18:00:00,2018-09-05 18:00:00,2018-09-30 18:00:00,2018-09-20 21:00:00
6986dd76c1840a08c0b05405196e5344,850d3ae17325be9ff06ab6eaf3dd0af0,delivered,2018-12-13 21:00:00,2018-12-14 10:00:00,2018-12-18 10:00:00,2018-12-28 10:00:00,2019-01-02 21:00:00
c8eeeaad9808bb94713d69093d5798e2,680e18666f20c7fad207c3719969d2b0,delivered,2017-06-20 15:00:00,2017-06-21 07:00:00,2017-06-22 07:00:00,2017-07-16 07:00:00,2017-07-19 15:00:00
cb3ebc4ccad028bc60fc9ea0a06933fa,27108d4af109508e029ee2d447764ac6,delivered,2017-07-20 19:00:00,2017-07-20 19:00:00,2017-07-25 19:00:00,2017-08-15 19:00:00,2017-08-13 19:00:00
8554e472fd469c7ee21cb77fb4f3bc13,4d01562aeb7fb6f87defc46369e68584,canceled,2017-07-28 16:00:00,2017-07-29 07:00:00,,,2017-08-10 16:00:00
21bb549bbc194683d987e067112db7de,565ae02f5a417c45e2fe45b40dda442f,delivered,2017-08-27 16:00:00,2017-08-28 12:00:00,2017-09-01 12:00:00,2017-09-24 12:00:00,2017-09-21 16:00:00
716d7b796e6944d38296043caf5c0047,fb0e33b81678c23526a30e644ab5fb87,delivered,2017-10-11 16:00:00,2017-10-12 14:00:00,2017-10-13 14:00:00,2017-10-27 14:00:00,2017-10-27 16:00:00
2f856d05e995bd6730026c19fd27f49d,435b42e4a03b80ea166c57ad8b1dc5fb,delivered,2017-11-22 16:00:00,2017-11-23 14:00:00,2017-11-28 14:00:00,2017-12-17 14:00:00,2017-12-19 16:00:00
9493b46e4ba40f5ceb15f36ad55d8b73,c74c3c93a7811cded6ae03b4e6723a7f,delivered,2017-12-24 14:00:00,2017-12-25 03:00:00,2017-12-28 03:00:00,2018-01-19 03:00:00,2018-01-05 14:00:00
1bd60de523d2b143fa75aac4e3b2a723,e5a9d49d27345c84c04cb7bf98681b01,delivered,2017-03-20 00:00:00,2017-03-20 18:00:00,2017-03-24 18:00:00,2017-04-05 18:00:00,2017-04-11 00:00:00
25427d14c349263f6b241f7c05acf9f0,829bfa8156fa06705b15e527f7d046d0,delivered,2017-03-30 13:00:00,2017-03-30 23:00:00,2017-04-02 23:00:00,2017-04-15 23:00:00,2017-04-15 13:00:00
b02afeaede9795117421c0036210f992,d971c2db1760105385c5d6c0b2a49cab,delivered,2017-07-02 02:00:00,2017-07-02 07:00:00,2017-07-04 07:00:00,2017-07-18 07:00:00,2017-07-20 02:00:00
698a306543db69c8aef392c2655ca3d1,2d381eb4457b1a0725dd252408358e9c,delivered,2018-06-25 07:00:00,2018-06-25 17:00:00,2018-06-28 17:00:00,2018-07-04 17:00:00,2018-07-25 07:00:00
3189b9e04d7acd16b32cd2075e493434,c5b1eac3b56b48cf7b63f44c50d25194,delivered,2017-09-01 00:00:00,2017-09-01 01:00:00,2017-09-02 01:00:00,2017-09-23 01:00:00,2017-09-30 00:00:00
d72f7093a4566dc572f6f59817b05872,787fd7debeae7e2c90bde40ed1db8fed,delivered,2017-08-06 20:00:00,2017-08-07 07:00:00,2017-08-11 07:00:00,2017-08-30 07:00:00,2017-08-21 20:00:00
6033f6a1e3ad6424feb9fe3b363debee,96bf660e7cf5d4ed12d9d030a6848c88,delivered,2017-09-11 22:00:00,2017-09-12 13:00:00,2017-09-13 13:00:00,2017-10-02 13:00:00,2017-10-01 22:00:00
6ce59d255201aa7da5e5754ce177edcd,89b95ce8780eabae03295e1cde8d9f3d,delivered,2018-02-06 05:00:00,2018-02-07 04:00:00,2018-02-09 04:00:00,2018-02-26 04:00:00,2018-02-21 05:00:00
0c8a8d840c888da577a4788ca7579b0d,1136d8938e45720cd0886d2000e499b5,delivered,2017-10-13 18:00:00,2017-10-13 22:00:00,2017-10-17 22:00:00,2017-11-11 22:00:00,2017-11-06 18:00:00
51642de2a2bfd9d033c8a51f7318dd3d,7da8cf85f6d1e90107363d936f1b8cbb,canceled,2018-02-15 09:00:00,2018-02-15 20:00:00,,,2018-03-17 09:00:00
7f23a32fba18a17b7d74dbf11cedf027,bb1735352176b70f8d0e1f231ee2c3e8,delivered,2018-01-07 17:00:00,2018-01-08 07:00:00,2018-01-11 07:00:00,2018-01-29 07:00:00,2018-02-02 17:00:00
f65067e06b941b94918f979216cbc3cb,93cbf1601ca7d53d7dabc954cf52b7f4,delivered,2017-06-02 12:00:00,2017-06-02 18:00:00,2017-06-04 18:00:00,2017-06-18 18:00:00,2017-06-21 12:00:00
285b54bf8efbdb582fb121851d1dd3c8,1fb742cd8111fe6f7ae4d9cc40eab12d,delivered,2018-07-17 15:00:00,2018-07-18 12:00:00,2018-07-23 12:00:00,2018-08-01 12:00:00,2018-08-07 15:00:00
1431528a9002e0d3d853ff6ec7edf53f,7b8629f6b98a8ff57eb4f468a900afed,delivered,2018-05-09 22:00:00,2018-05-10 04:00:00,2018-05-11 04:00:00,2018-05-18 04:00:00,2018-05-30 22:00:00
3273c75e41af5cbf9c9faaaee1ceb686,2fbb67586aeebd20fde758c75a32dd3f,delivered,2018-04-07 20:00:00,2018-04-07 23:00:00,2018-04-11 23:00:00,2018-05-01 23:00:00,2018-05-01 20:00:00
1b57856c005b8b64f52d67c7ebbb0653,1d5f151f267706bd95a42bd4d76c1ede,delivered,2017-12-24 08:00:00,2017-12-24 10:00:00,2017-12-29 10:00:00,2018-01-18 10:00:00,2018-01-18 08:00:00
48a93c9352c60a7de8997388559631d7,f0d8c235d50913c04d48870d2ff7e6a9,delivered,2017-06-15 12:00:00,2017-06-15 17:00:00,2017-06-16 17:00:00,2017-06-24 17:00:00,2017-06-30 12:00:00
cbcd9eed0cfc3b776ac86a300cf6812b,a9784027b88291910cb1c1f5af67fc6f,delivered,2017-09-23 15:00:00,2017-09-24 09:00:00,2017-09-29 09:00:00,2017-10-04 09:00:00,2017-10-06 15:00:00
fb039d53572de5e0849458ec23f664e2,0328420ccdb9f86dbb16f8515c127211,shipped,2018-03-22 12:00:00,2018-03-22 14:00:00,2018-03-25 14:00:00,,2018-04-13 12:00:00
1c3359614a4a199e1ce736df80f78a72,4534a7d79b8bf42ce915c5509538b9e8,delivered,2017-06-13 18:00:00,2017-06-14 18:00:00,2017-06-15 18:00:00,2017-06-24 18:00:00,2017-07-11 18:00:00
673b1a166418d23485443479f5d9e94e,837410bf80d17b77facd237b9e46fcb1,delivered,2017-11-11 13:00:00,2017-11-11 22:00:00,2017-11-16 22:00:00,2017-11-21 22:00:00,2017-12-10 13:00:00
508c99e184732bee0fc765ce30d0ef78,192f08f91858af42e476512006830022,delivered,2018-07-28 20:00:00,2018-07-29 02:00:00,2018-07-30 02:00:00,2018-08-13 02:00:00,2018-08-21 20:00:00
d04453540a1323efccc26a7870e61fa6,6c857cf1897209e13de2c6df28af5fb3,delivered,2017-09-10 08:00:00,2017-09-10 20:00:00,2017-09-11 20:00:00,2017-09-23 20:00:00,2017-09-26 08:00:00
0d40148db02a8bd4d7c436fd4ac7e2a5,cb2245c02db0be425689e017a6795213,delivered,2017-02-10 14:00:00,2017-02-10 20:00:00,2017-02-11 20:00:00,2017-02-25 20:00:00,2017-02-24 14:00:00
b5a6de72c0e16f34f418bd37b952b1bf,c0a0f06c6f34f749d810983aff82c549,delivered,2017-07-02 15:00:00,2017-07-03 09:00:00,2017-07-08 09:00:00,2017-07-21 09:00:00,2017-07-19 15:00:00
ea0188c7e75e976a5a2f237b3b74adc3,e05bfdf3a69528e92e3eca904631c9fd,delivered,2017-08-11 15:00:00,2017-08-12 11:00:00,2017-08-14 11:00:00,2017-08-19 11:00:00,2017-09-08 15:00:00
8d3441828effbdefb92491d90191bb80,5ffd22147abf99707ee0d61d00d80a5b,delivered,2018-02-24 15:00:00,2018-02-25 00:00:00,2018-03-02 00:00:00,2018-03-14 00:00:00,2018-03-26 15:00:00
29b2b9012bdb4b39bf8d7ae34724b718,5be7237ebd66ae5c478b957a8d6d0872,delivered,2018-05-30 15:00:00,2018-05-31 09:00:00,2018-06-03 09:00:00,2018-06-16 09:00:00,2018-06-14 15:00:00
07cad14ebbe5c3d755ce011dda7f1ca8,f15a216f028354249afbe705bbf03f2c,delivered,2018-02-16 11:00:00,2018-02-17 02:00:00,2018-02-19 02:00:00,2018-03-09 02:00:00,2018-03-04 11:00:00
e0986ed751f5d47bbfc6cf2bda030e73,ae96ec12bde198a1717054c9acbc1fa0,delivered,2017-12-28 09:00:00,2017-12-28 12:00:00,2017-12-29 12:00:00,2018-01-06 12:00:00,2018-01-23 09:00:00
3e53042904ca56c4cd193f76826a17bb,18744fe88855022aed82f05ad064dc38,delivered,2017-01-28 07:00:00,2017-01-28 16:00:00,2017-02-02 16:00:00,2017-02-16 16:00:00,2017-02-11 07:00:00
368a2097417cf2ed7ede0a0aaa0f0335,4fb71ca6a4ec1371300da02b47b4ea3d,delivered,2017-05-12 00:00:00,2017-05-12 09:00:00,2017-05-15 09:00:00,2017-05-22 09:00:00,2017-05-27 00:00:00
15c83934a82cff5f2166ee8276d946e6,b144544ffedadee6dc51ee4ac14906fd,delivered,2018-01-01 13:00:00,2018-01-02 13:00:00,2018-01-03 13:00:00,2018-01-28 13:00:00,2018-01-29 13:00:00
398e1c1179ff479981b5b4d94719a40b,0aae252329260dc7ccc50620a2c7ca50,delivered,2018-04-13 20:00:00,2018-04-14 07:00:00,2018-04-15 07:00:00,2018-05-06 07:00:00,2018-05-03 20:00:00
31552a429eac4a1554da025a828f479a,51a9dff5ce0b29857c0591f1e059f743,delivered,2017-04-20 11:00:00,2017-04-20 14:00:00,2017-04-25 14:00:00,2017-05-18 14:00:00,2017-05-12 11:00:00
327cff9d5ae8d92cc489d6d7131fc388,a287fc6df6aa289377dff112bd275765,delivered,2017-05-24 01:00:00,2017-05-24 22:00:00,2017-05-27 22:00:00,2017-06-04 22:00:00,2017-06-06 01:00:00
23cc6f7fc79591e5749dbcd709e83067,bd8226a6080233b1eccc1cc5c3252cec,delivered,2017-05-19 03:00:00,2017-05-19 03:00:00,2017-05-22 03:00:00,2017-05-25 03:00:00,2017-06-09 03:00:00
769727cc53885f74283321303e000000,3b1e4290038711adc7518f377758f668,delivered,2018-05-30 14:00:00,2018-05-31 12:00:00,2018-06-03 12:00:00,2018-06-27 12:00:00,2018-06-20 14:00:00
248a188f92cb5e1f9702fe56eef9c4ab,800dd675bd9d9d7ee0db93089844e343,delivered,2018-03-29 19:00:00,2018-03-30 13:00:00,2018-04-01 13:00:00,2018-04-13 13:00:00,2018-04-24 19:00:00
ba9513e932a3b4be4553ec8675d5d68f,c2492e9de74da3973df5deff456f25c0,delivered,2017-01-23 07:00:00,2017-01-23 18:00:00,2017-01-27 18:00:00,2017-02-20 18:00:00,2017-02-19 07:00:00
dd57077aa59007bd29f8a38e43c883fe,4f2dc250acc60992fa4f2ffc134c9645,delivered,2017-05-12 05:00:00,2017-05-12 19:00:00,2017-05-14 19:00:00,2017-05-28 19:00:00,2017-05-30 05:00:00
277b35aaf8a248a9890a697b51153d21,e0bda058ff2ba7e1c6237cc4c3605570,delivered,2017-08-03 14:00:00,2017-08-03 18:00:00,2017-08-08 18:00:00,2017-08-22 18:00:00,2017-08-16 14:00:00
0baa8cff50ef5abd7eef3275ce4d2b97,ed121765072c365156083dd807bf1bb8,delivered,2018-06-05 16:00:00,2018-06-06 14:00:00,2018-06-11 14:00:00,2018-06-16 14:00:00,2018-07-05 16:00:00
5d3939b0751d0be7abedb162bde11274,f5d50ba8203b5f176f3433138bdcb8d9,delivered,2018-02-04 09:00:00,2018-02-04 15:00:00,2018-02-08 15:00:00,2018-02-25 15:00:00,2018-03-06 09:00:00
ab1e26b75c4e3ef222d5df3df3c352f7,65aae4ea24b0e0ba904c6eaa70bb727a,shipped,2018-04-25 00:00:00,2018-04-25 03:00:00,2018-04-29 03:00:00,,2018-05-13 00:00:00
5ab64d5ce5567d9bbf9adb75b2daadd1,9ac04fdf4e694c1ecc6675feed2c3977,delivered,2017-09-26 10:00:00,2017-09-26 21:00:00,2017-09-30 21:00:00,2017-10-19 21:00:00,2017-10-11 10:00:00
07c83e89b5e2cf5d454798d9d0d1cc8a,eb0a0a80689d9d3b762ffc7e1a346605,delivered,2018-05-03 12:00:00,2018-05-03 20:00:00,2018-05-04 20:00:00,2018-05-15 20:00:00,2018-05-27 12:00:00
7d88c4456b850d90e6612633ee66932d,c7a3d6b2713e125f22845732f287070e,delivered,2018-06-23 22:00:00,2018-06-24 06:00:00,2018-06-26 06:00:00,2018-07-05 06:00:00,2018-07-11 22:00:00
e4df66573196fb2c41e8e0b6115596d0,2a46397bc1afe79970e6db977d5e19bb,delivered,2018-01-24 00:00:00,2018-01-24 08:00:00,2018-01-29 08:00:00,2018-02-13 08:00:00,2018-02-23 00:00:00
215365f0fb7eec4d1afecb033a4cdc8e,e7912c62d460c55ed99902eb7304cf71,delivered,2017-08-27 14:00:00,2017-08-27 20:00:00,2017-08-30 20:00:00,2017-09-04 20:00:00,2017-09-17 14:00:00
d86399bd9597846a85bf10c01f097e90,c0d0093df19abca9281862b3df14caf2,delivered,2017-10-17 14:00:00,2017-10-17 22:00:00,2017-10-20 22:00:00,2017-10-28 22:00:00,2017-11-05 14:00:00
e2d033eb00c642f5dd1d06776f174420,cb5b8d4b0e830bfd89d67ab586992db1,delivered,2017-01-15 17:00:00,2017-01-15 19:00:00,2017-01-19 19:00:00,2017-02-01 19:00:00,2017-01-27 17:00:00
720008f320c06aed64b25499ad5a0110,4a9085149f3d007c698c970f640d354a,delivered,2017-06-30 07:00:00,2017-06-30 20:00:00,2017-07-03 20:00:00,2017-07-09 20:00:00,2017-07-29 07:00:00
f290dbceebe44942e0fa5874c8bb89c8,6cfd9d491b4b650d495a610ce77d0c0c,delivered,2017-07-26 18:00:00,2017-07-27 06:00:00,2017-07-31 06:00:00,2017-08-11 06:00:00,2017-08-08 18:00:00
3677831a93329c57475b7b4528fcd09a,f78e505d128e004c0d6918c579037f06,delivered,2017-08-10 14:00:00,2017-08-10 17:00:00,2017-08-14 17:00:00,2017-08-25 17:00:00,2017-09-02 14:00:00
c6012ed5f883f532d56c02870cd837a6,c1c107cd23ba51ef96e8bdd9e71bb588,delivered,2018-03-19 22:00:00,2018-03-20 05:00:00,2018-03-22 05:00:00,2018-04-09 05:00:00,2018-04-06 22:00:00
e01e423600370f2cdaa4a023b956908d,c8d3b5888a26a4169490c1a401c4abc4,delivered,2018-01-25 00:00:00,2018-01-25 15:00:00,2018-01-30 15:00:00,2018-02-08 15:00:00,2018-02-19 00:00:00
45b91b527fac17b4065f73c10b420d1e,6d1acd2e0b237056cd1fe8a67f92e22f,shipped,2017-01-29 23:00:00,2017-01-30 02:00:00,2017-02-02 02:00:00,,2017-02-17 23:00:00
7d630ec0b537284f7a5ed265e45c69c5,5b97f442e8135b18144f5955dfff1aa0,delivered,2017-04-16 23:00:00,2017-04-16 23:00:00,2017-04-19 23:00:00,2017-04-30 23:00:00,2017-05-09 23:00:00
926b8a67afa0eeaf421bf29eb5740cf4,350dac996b1368302c51a7a2785a2c89,delivered,2017-09-21 23:00:00,2017-09-22 19:00:00,2017-09-24 19:00:00,2017-10-01 19:00:00,2017-10-09 23:00:00
d3df72d2d47e021d5d0660991231b8b8,7ba46b47cb899eaeec750ed77410aace,delivered,2017-12-26 13:00:00,2017-12-26 16:00:00,2017-12-30 16:00:00,2018-01-22 16:00:00,2018-01-19 13:00:00
64e0638af9008cca7b0c65ef406fede0,dc7ff95c669f76766286a2dc6edaa280,delivered,2018-05-01 23:00:00,2018-05-02 10:00:00,2018-05-04 10:00:00,2018-05-07 10:00:00,2018-05-29 23:00:00
9b799a18e3f1fcad6a06007d0a6441df,b13d4d755c9feea88dd3a2b5b328299e,delivered,2017-03-20 21:00:00,2017-03-21 14:00:00,2017-03-25 14:00:00,2017-04-18 14:00:00,2017-04-08 21:00:00
1cae8ac7ebf9c85b1bc646fb143807de,e59728c00512ce3ad21fc6d03de78d0e,delivered,2018-08-04 07:00:00,2018-08-04 23:00:00,2018-08-07 23:00:00,2018-08-31 23:00:00,2018-08-16 07:00:00
a67156dc3320c6808bd43a8de133af3b,926614e6f52847f573fc2ea8effd5610,delivered,2017-11-21 02:00:00,2017-11-22 00:00:00,2017-11-23 00:00:00,2017-12-17 00:00:00,2017-12-10 02:00:00
f2f03734b42473b76bc0702678747404,a242113f4e7804ea9a4e4d76ef2c6b0d,delivered,2017-09-28 13:00:00,2017-09-28 19:00:00,2017-10-02 19:00:00,2017-10-26 19:00:00,2017-10-27 13:00:00
50142ffe9ec232e5ff2ecfcdc96057b1,adff336d0ee17ddac24df69d9b51d6ed,delivered,2017-11-16 13:00:00,2017-11-17 12:00:00,2017-11-19 12:00:00,2017-11-22 12:00:00,2017-12-04 13:00:00
9a0422613c5ed00ecabfe4eca1d5df33,3791a7546874eff16cce4d29562a37f9,delivered,2018-03-26 13:00:00,2018-03-27 10:00:00,2018-03-30 10:00:00,2018-04-03 10:00:00,2018-04-23 13:00:00
58b5dfedf2b47627c0c62677308b5be9,4c2aa66f877aef5248781777e2575b99,delivered,2018-05-31 13:00:00,2018-05-31 21:00:00,2018-06-03 21:00:00,2018-06-06 21:00:00,2018-06-18 13:00:00
7d511b32387a0203a4a03177a12d7387,7986ee057d2cb094deae4d81c1a96306,delivered,2017-09-05 04:00:00,2017-09-05 14:00:00,2017-09-08 14:00:00,2017-09-25 14:00:00,2017-09-29 04:00:00
352b709119251284a4446030ef096b32,0f120c0c5882cb5d11a849e8f63340a4,delivered,2017-02-22 04:00:00,2017-02-22 11:00:00,2017-02-24 11:00:00,2017-03-17 11:00:00,2017-03-07 04:00:00
50a7a8135cd56c6dc99a68bcb262a22a,913e751e3e0f43659975d74858bd3a81,delivered,2017-06-01 14:00:00,2017-06-01 16:00:00,2017-06-04 16:00:00,2017-06-12 16:00:00,2017-06-15 14:00:00
01e89a9ab5219376ec5b9593fb07407f,c2990524b0a507552803f0ba25b900fe,delivered,2017-04-06 08:00:00,2017-04-06 22:00:00,2017-04-08 22:00:00,2017-04-16 22:00:00,2017-05-02 08:00:00
83b4e4b457944a7923f88146f9b86035,a256c145363263fa6c4970c3aa64dbf0,delivered,2017-02-14 01:00:00,2017-02-14 14:00:00,2017-02-18 14:00:00,2017-03-07 14:00:00,2017-03-08 01:00:00
692b6788bfa1ec074bf3a240558d220f,10a7a34dc56efa11d2831e33f032c127,delivered,2018-06-26 09:00:00,2018-06-26 19:00:00,2018-06-27 19:00:00,2018-07-14 19:00:00,2018-07-18 09:00:00
45a4e538bc9c87a765294e63d7cf5786,91c228ff2eadb93c2748405750953525,delivered,2018-04-04 23:00:00,2018-04-05 19:00:00,2018-04-07 19:00:00,2018-04-12 19:00:00,2018-04-16 23:00:00
387e6f2a13d5a00d8b8d32f00bd648c2,78cc157cd8a41a789e6b7c1e2f54a7a4,delivered,2017-08-08 01:00:00,2017-08-08 05:00:00,2017-08-10 05:00:00,2017-08-31 05:00:00,2017-09-06 01:00:00
54136df9cf5b71c297763ab7aae8ccdb,a57b3694ad476c1e6eb97e26ce259321,delivered,2017-01-27 14:00:00,2017-01-27 15:00:00,2017-02-01 15:00:00,2017-02-18 15:00:00,2017-02-25 14:00:00
e7c9ba3e5b219203be4faa6caea9abff,e0f8cd0828a517bf816c50656891cc18,delivered,2017-08-04 16:00:00,2017-08-05 08:00:00,2017-08-08 08:00:00,2017-08-21 08:00:00,2017-09-03 16:00:00
ac067d97c7ecd24e31438cbe2d451b5c,77afb54d453e4da3ae991d4eba47a2e9,delivered,2018-04-30 01:00:00,2018-04-30 09:00:00,2018-05-03 09:00:00,2018-05-19 09:00:00,2018-05-25 01:00:00
3eed5fafc10058ca04dd9975e3b5dd9f,413bfde5fc27a40ae4e5eec59aa463a9,delivered,2018-08-02 01:00:00,2018-08-03 01:00:00,2018-08-08 01:00:00,2018-08-22 01:00:00,2018-08-16 01:00:00
cdf3c68211701ddc95eafedc6bbb62c5,780ae0ac4492281530cc1415bdbf633c,delivered,2019-01-27 01:00:00,2019-01-27 07:00:00,2019-01-31 07:00:00,2019-02-18 07:00:00,2019-02-15 01:00:00
3e0bb12b31e184c1ed9d3f5512bcfbca,375c19d226e315225d22cfba1972aec9,delivered,2019-07-24 01:00:00,2019-07-24 13:00:00,2019-07-26 13:00:00,2019-08-19 13:00:00,2019-08-07 01:00:00
01ff591203848bb1b073366eb28e90e2,93468a46e76fbc75661b3a7051f8a286,delivered,2018-05-13 20:00:00,2018-05-14 18:00:00,2018-05-15 18:00:00,2018-06-07 18:00:00,2018-06-12 20:00:00
f9f34c61771717981d12b2e71d8243a1,9e6a19b86f73f6194df01adb7e28fecf,delivered,2017-10-19 23:00:00,2017-10-20 21:00:00,2017-10-25 21:00:00,2017-11-11 21:00:00,2017-10-31 23:00:00
bc6c4b7faee8e33c238a84673bc27b50,8bdfda2c1379f7fbb2a92e7343ea9c5b,delivered,2017-08-08 05:00:00,2017-08-08 10:00:00,2017-08-12 10:00:00,2017-08-27 10:00:00,2017-08-25 05:00:00
f3fd600522bd31e5bca285746953c586,8979fc5abdf1c452d44f6578cb6f3282,delivered,2018-03-20 14:00:00,2018-03-20 19:00:00,2018-03-23 19:00:00,2018-03-29 19:00:00,2018-04-11 14:00:00
5285a7db728619db07082f9757bc5663,aa2c9f6e0f86ab011302b244c7809e9b,delivered,2018-06-19 08:00:00,2018-06-19 08:00:00,2018-06-24 08:00:00,2018-07-05 08:00:00,2018-07-17 08:00:00
e71bef257f5f7a16158ed5c101fdc5af,e553053fb7c7634253e26216526a0ccb,delivered,2018-06-07 07:00:00,2018-06-07 12:00:00,2018-06-11 12:00:00,2018-07-04 12:00:00,2018-07-03 07:00:00
aca601d110eec3d21070750e50969bc4,66b6fe310a9cf3f44d8780d02dc3e172,delivered,2018-01-08 00:00:00,2018-01-08 22:00:00,2018-01-11 22:00:00,2018-01-29 22:00:00,2018-01-22 00:00:00
fb8fce928adb4c5c3f178495f0a60bc9,148b42faaf4b1ed38b03ab6e4c3a2b4e,delivered,2017-11-12 20:00:00,2017-11-12 23:00:00,2017-11-17 23:00:00,2017-11-21 23:00:00,2017-11-27 20:00:00
c22559137779bb5bf297de6adeb86e1b,7bb117bbe64569faee96a38f1339d8ad,delivered,2017-11-10 10:00:00,2017-11-10 14:00:00,2017-11-12 14:00:00,2017-12-06 14:00:00,2017-11-28 10:00:00
2be0b091f512b62875657945fa7d0429,2cb5f85b7fb4b10980851f87b570dfb7,delivered,2017-08-30 11:00:00,2017-08-30 17:00:00,2017-09-01 17:00:00,2017-09-24 17:00:00,2017-09-21 11:00:00
6a9328448d8809a0bba8aff18d963c7f,13d328fe9a51ca3f3d6001ceb5c9f26a,delivered,2017-12-22 04:00:00,2017-12-22 16:00:00,2017-12-24 16:00:00,2017-12-31 16:00:00,2018-01-18 04:00:00
43d582db936bcbf6e3b047a543e011b5,56ebb2a67799ac151af1daa613d6c9f7,delivered,2017-05-31 02:00:00,2017-05-31 20:00:00,2017-06-03 20:00:00,2017-06-21 20:00:00,2017-06-21 02:00:00
2d93990949cc48c8632c5487a91ee2d3,406dcb60e6ee6ade2c7381ab9c46808d,delivered,2017-12-11 02:00:00,2017-12-11 18:00:00,2017-12-15 18:00:00,2017-12-23 18:00:00,2017-12-31 02:00:00
772d7864f5365ad256f04f7d0c78b206,3c0f4a5ee5ceac23aff7188deadad07f,delivered,2018-08-06 05:00:00,2018-08-06 22:00:00,2018-08-08 22:00:00,2018-08-19 22:00:00,2018-08-28 05:00:00
10593a38cbb9a251dbb99911cc89edf2,25a41845cfe28e64e18612121a397f61,delivered,2017-11-13 19:00:00,2017-11-14 10:00:00,2017-11-19 10:00:00,2017-12-14 10:00:00,2017-11-26 19:00:00
9ef8cf0fcfb4fa80eda8baed8ed3f722,2a4135117b0874cdfb9bb71be90da574,delivered,2017-02-23 05:00:00,2017-02-23 21:00:00,2017-02-25 21:00:00,2017-03-20 21:00:00,2017-03-11 05:00:00
d799aa72390be8d679c688b6a4426d1b,038b0cba646aed9f41e4318122ec1704,delivered,2017-10-12 08:00:00,2017-10-12 15:00:00,2017-10-17 15:00:00,2017-11-02 15:00:00,2017-10-26 08:00:00
d21f98b3a8fad545781f62599324e145,7a550fe57fb8baba507bf7d5570b2c06,delivered,2017-08-24 00:00:00,2017-08-24 17:00:00,2017-08-26 17:00:00,2017-09-10 17:00:00,2017-09-19 00:00:00
03dc2cb7b778d15c6cefdaea6210ab22,f6bd93eda1fa43b79e74f6a868e9a079,delivered,2018-07-19 20:00:00,2018-07-20 09:00:00,2018-07-22 09:00:00,2018-08-05 09:00:00,2018-08-09 20:00:00
3e820f4da412a98346c372fecd15191f,28507334561c177c3d8b086a5f9dc36a,delivered,2017-11-26 12:00:00,2017-11-27 02:00:00,2017-12-02 02:00:00,2017-12-15 02:00:00,2017-12-09 12:00:00
7de4e475a8e03d6b151105eb0d2723c3,a3e5a05dd87fed4797b3121fcb09378a,delivered,2018-03-06 14:00:00,2018-03-07 14:00:00,2018-03-09 14:00:00,2018-03-17 14:00:00,2018-04-02 14:00:00
f0fbf9d51507a93eb6e962b392027568,57ad564d16f505acc275add543216314,delivered,2017-03-02 17:00:00,2017-03-02 21:00:00,2017-03-06 21:00:00,2017-03-27 21:00:00,2017-03-24 17:00:00
1383c87368599322e298cb7743723353,3459a9383efe4d6bca64fd8165daf73e,delivered,2017-05-25 00:00:00,2017-05-25 19:00:00,2017-05-29 19:00:00,2017-06-17 19:00:00,2017-06-21 00:00:00
4d260cb8a66d48438775c84a163af696,4807f4b64ab859cf5fab1bfdd0b11286,delivered,2017-03-04 16:00:00,2017-03-05 12:00:00,2017-03-09 12:00:00,2017-03-13 12:00:00,2017-03-21 16:00:00
4fa7a6ee60a2362874c59b86f44209b1,c3e713295791c5ee6a8173fdda72a20a,delivered,2017-06-03 16:00:00,2017-06-04 01:00:00,2017-06-07 01:00:00,2017-06-29 01:00:00,2017-06-16 16:00:00
509d59c48520214ba7a2a01ef94b43fb,4fb3105f11e093c0fbbfee72bec5e361,delivered,2018-01-09 21:00:00,2018-01-09 21:00:00,2018-01-13 21:00:00,2018-01-16 21:00:00,2018-01-25 21:00:00
0df5cb673fcebaad741fe5479432b7c9,e437e125d5d4d79ae0f5c703b27fd85f,delivered,2017-05-20 14:00:00,2017-05-20 23:00:00,2017-05-21 23:00:00,2017-06-06 23:00:00,2017-06-19 14:00:00
ab7e5d6e977c530e15aa772be4ddf2e4,9a4313448f30dcbbc43a0895fc8258b2,delivered,2017-11-01 14:00:00,2017-11-02 12:00:00,2017-11-07 12:00:00,2017-11-19 12:00:00,2017-11-24 14:00:00
958cbdacd31d56813cfe61bc24f6106b,52493784c477f2be405d24666ebc2f80,delivered,2018-02-15 14:00:00,2018-02-15 22:00:00,2018-02-16 22:00:00,2018-03-02 22:00:00,2018-03-04 14:00:00
c0e06982add788f49db6787feeedf607,bfa4ec3b0b220741f05ad4207390b6a0,delivered,2018-06-21 14:00:00,2018-06-22 05:00:00,2018-06-24 05:00:00,2018-07-17 05:00:00,2018-07-13 14:00:00
7ce02e4c2d6fc8b6d7d0ece952d85832,7b3f17a5599ce45d44a86685e29f4041,delivered,2017-03-31 12:00:00,2017-04-01 08:00:00,2017-04-03 08:00:00,2017-04-28 08:00:00,2017-04-28 12:00:00
dc0f050514b931f26a99326dad665a01,6a771a9ad5fa51425d63e77a5339d570,delivered,2017-04-23 22:00:00,2017-04-24 15:00:00,2017-04-29 15:00:00,2017-05-11 15:00:00,2017-05-06 22:00:00
20efd02297ecec56113f8d7d67727fb4,9b63cb406519e7715f898ff9260a0a2c,delivered,2017-03-18 16:00:00,2017-03-18 20:00:00,2017-03-22 20:00:00,2017-04-12 20:00:00,2017-04-13 16:00:00
3c2cef2f2215ee0d401cd0416c05539e,141de4d1bb559617903ae711d04ee137,delivered,2017-07-04 11:00:00,2017-07-04 14:00:00,2017-07-06 14:00:00,2017-07-24 14:00:00,2017-07-25 11:00:00
746c0e6b7d86678b5a502701bca5f784,a423edd234c1fe22786f67f86acc39c9,delivered,2017-07-13 11:00:00,2017-07-14 06:00:00,2017-07-17 06:00:00,2017-07-25 06:00:00,2017-08-10 11:00:00
034b3b2526b81db9c0b739f3b0c4bb27,83cd578a8e89bf1c1dadf96114b379f4,canceled,2017-12-16 13:00:00,2017-12-17 06:00:00,,,2018-01-10 13:00:00
a6a374d9646ca6f33a81481e64aba2d7,628b48446c84a0fb642cb185a336565c,delivered,2017-01-31 06:00:00,2017-02-01 01:00:00,2017-02-04 01:00:00,2017-02-22 01:00:00,2017-02-17 06:00:00
d86db68a204affea57cb90a8bd590275,403d2d9fb5e2ec2d27c1c476336c2624,delivered,2017-04-21 21:00:00,2017-04-22 19:00:00,2017-04-25 19:00:00,2017-05-11 19:00:00,2017-05-17 21:00:00
f4c98a799971d61fb9257691cca06420,28f407365b04ab998020982d127ee8b1,delivered,2018-07-09 19:00:00,2018-07-10 11:00:00,2018-07-15 11:00:00,2018-07-23 11:00:00,2018-07-21 19:00:00
aa99d68290450a45edd0a30fb55bf7df,44d635b5a813969953ea0387a7cfa32b,delivered,2017-04-22 18:00:00,2017-04-22 22:00:00,2017-04-27 22:00:00,2017-05-09 22:00:00,2017-05-21 18:00:00
08b1c046ea66d601e1aff6f2f4e4c5cb,bc9efcc5c6e5c9a50436720957061281,delivered,2017-10-29 18:00:00,2017-10-30 12:00:00,2017-10-31 12:00:00,2017-11-25 12:00:00,2017-11-21 18:00:00
1b27c7e1620337cb6a41ebc807db5cc9,75ad3c06a31a25c4277be5e216430826,delivered,2018-02-08 18:00:00,2018-02-09 04:00:00,2018-02-11 04:00:00,2018-02-27 04:00:00,2018-02-21 18:00:00
330804570477bd1df1bae62229f4cfba,7160481938476730fa7f14d66db968a6,delivered,2018-07-10 18:00:00,2018-07-11 01:00:00,2018-07-14 01:00:00,2018-07-25 01:00:00,2018-08-07 18:00:00
bf0b24c87ec26db7885db755a75f98b2,8cbc8197e4ee966b6cfb238dfcdc18a5,canceled,2017-12-16 08:00:00,2017-12-17 06:00:00,,,2018-01-13 08:00:00
e3938d98f757507a0e3b8325abe8e840,9474c88fea96e40c1201c616068c1bff,delivered,2017-01-14 01:00:00,2017-01-14 15:00:00,2017-01-16 15:00:00,2017-02-04 15:00:00,2017-02-11 01:00:00
59a39d2e0365d0cdf584be70337d1d2a,1bf5387a24b93e103812af8a860f9df6,delivered,2018-05-25 02:00:00,2018-05-25 23:00:00,2018-05-30 23:00:00,2018-06-22 23:00:00,2018-06-14 02:00:00
fcbcdcb96b32648fadebefda7299bb11,b5af97368ad055ae8ecd6d693f350134,delivered,2017-08-22 04:00:00,2017-08-22 17:00:00,2017-08-23 17:00:00,2017-09-15 17:00:00,2017-09-15 04:00:00
345bfbb2aa1d481291878942c1981ea6,b0c9eab0293c89153d2331be684fc293,delivered,2018-06-07 06:00:00,2018-06-08 03:00:00,2018-06-12 03:00:00,2018-07-07 03:00:00,2018-06-19 06:00:00
d0134e67dfb4e0bdc8408d88b44ffb05,fccf4f7322f7e75997c9522b124c3f25,delivered,2018-04-09 15:00:00,2018-04-10 08:00:00,2018-04-15 08:00:00,2018-04-22 08:00:00,2018-04-22 15:00:00
c02a8cc75773567b52d95cce60c4f0a4,2ccaa9cbedc6da13a992680878dec02e,delivered,2017-09-30 19:00:00,2017-09-30 21:00:00,2017-10-02 21:00:00,2017-10-17 21:00:00,2017-10-21 19:00:00
1cba4396d1a5b29a1a5fe46beced079e,c30bb7f71aaeb709f2c269225d845251,delivered,2017-04-26 16:00:00,2017-04-27 05:00:00,2017-05-01 05:00:00,2017-05-11 05:00:00,2017-05-15 16:00:00
f3fc752d82575b1b51ee075a7c204d12,c2682e392d6f29a60f7f0d86b3da2bee,delivered,2018-03-21 10:00:00,2018-03-21 17:00:00,2018-03-24 17:00:00,2018-04-07 17:00:00,2018-04-14 10:00:00
313fb71e67058dfa222b88d5a351de16,f3e3b422f045ef2887cc9f07da6d46d1,delivered,2018-08-18 10:00:00,2018-08-18 10:00:00,2018-08-20 10:00:00,2018-08-28 10:00:00,2018-09-07 10:00:00
37318edaff666f94e46ba2a0f3e27bb3,2e0b847fce30d77fb92cbf8a6affdcb0,delivered,2019-01-18 10:00:00,2019-01-18 10:00:00,2019-01-20 10:00:00,2019-02-13 10:00:00,2019-02-16 10:00:00
bb7aeef7de1731e3402e4222946b835d,af69789b3d9b6ef6593872752f7853db,delivered,2019-05-28 10:00:00,2019-05-29 02:00:00,2019-06-01 02:00:00,2019-06-12 02:00:00,2019-06-19 10:00:00
725ffd6ffbddd9cf4ef022e1025283ce,9cc47dd8deff00844d81faedaaf0df7e,delivered,2017-07-15 10:00:00,2017-07-16 10:00:00,2017-07-21 10:00:00,2017-08-05 10:00:00,2017-08-07 10:00:00
35fd933c2cc23f4089cbc746f172a96f,df8bc936d2f206f0861b2272ae19f157,delivered,2017-02-21 21:00:00,2017-02-22 02:00:00,2017-02-25 02:00:00,2017-03-17 02:00:00,2017-03-19 21:00:00
cf584f82d34b89eb83fc2d740c91ea34,9bd179d64fc4c89367bcde05e3fb18a3,delivered,2017-08-01 22:00:00,2017-08-02 19:00:00,2017-08-06 19:00:00,2017-08-18 19:00:00,2017-08-31 22:00:00
54cf7750a2baad72888e552c00ae5c84,c0088c3e4a4446571286e0014e57ca01,delivered,2018-01-07 10:00:00,2018-01-07 22:00:00,2018-01-09 22:00:00,2018-01-17 22:00:00,2018-02-06 10:00:00
a25b19bbd44dbeca82d8426f3302278c,55e35bb6a8fdc8ef9ccbb26b43086251,delivered,2018-05-30 10:00:00,2018-05-31 09:00:00,2018-06-04 09:00:00,2018-06-11 09:00:00,2018-06-20 10:00:00
a8a5c8c3a945ed303e6f1bdf2b3f0b1b,06236fcc5ff6fcdc840c1c139dd5e38a,delivered,2018-04-21 05:00:00,2018-04-21 16:00:00,2018-04-22 16:00:00,2018-05-08 16:00:00,2018-05-16 05:00:00
8c83059ae684fcf6abe5b1fcf54d1238,81f50ad52e0e1a69c872dee0d218b876,delivered,2017-06-10 00:00:00,2017-06-10 20:00:00,2017-06-12 20:00:00,2017-06-16 20:00:00,2017-07-08 00:00:00
8fa7c6c23d5d8a24f921f178c9cfcefb,26e6d3f6d067cc1b65be2ecd99b0ce35,delivered,2018-05-14 08:00:00,2018-05-14 17:00:00,2018-05-17 17:00:00,2018-05-21 17:00:00,2018-06-02 08:00:00
f97f3594552bd2850535e796cfe84ae2,51bf2d1d83ed79b20bfb997ca61b0097,delivered,2017-05-12 18:00:00,2017-05-13 02:00:00,2017-05-18 02:00:00,2017-06-05 02:00:00,2017-05-27 18:00:00
e3c10d30adfa57878722b46f64fcf169,5b4684f141965462b5c436ac334e0614,delivered,2017-01-11 00:00:00,2017-01-11 08:00:00,2017-01-16 08:00:00,2017-01-31 08:00:00,2017-02-02 00:00:00
2762be9fa3b039f480462b1635f0d2f0,981e4818844a40bb6fb50df63165ddc1,delivered,2018-07-11 00:00:00,2018-07-11 04:00:00,2018-07-16 04:00:00,2018-08-09 04:00:00,2018-08-10 00:00:00
42f9d8572643a4f550aa528375be2f92,11ca971a85f30a61784a1462667f7d61,delivered,2018-03-14 06:00:00,2018-03-14 23:00:00,2018-03-15 23:00:00,2018-03-25 23:00:00,2018-04-05 06:00:00
2e4b8f13302e450c58817e4efb4fae54,898c6d6fa7496098859c75870ab138b6,delivered,2018-07-23 06:00:00,2018-07-23 23:00:00,2018-07-27 23:00:00,2018-08-06 23:00:00,2018-08-13 06:00:00
dc3541e7fa068c0863ad0b29cab71e01,d2a84d595d5607ea4f5e22889a6857c1,delivered,2018-07-01 02:00:00,2018-07-01 17:00:00,2018-07-05 17:00:00,2018-07-15 17:00:00,2018-07-25 02:00:00
cd47c86674345150a968cfa874d11640,81999617cb01827fa9053b7380bb6ca5,delivered,2017-04-17 21:00:00,2017-04-18 20:00:00,2017-04-22 20:00:00,2017-05-13 20:00:00,2017-05-17 21:00:00
1e1f83d8d70e9627963b933bc52bbfb4,d74cdbc624c10baaf80336ad8da04aed,delivered,2018-07-17 02:00:00,2018-07-17 17:00:00,2018-07-22 17:00:00,2018-08-13 17:00:00,2018-08-15 02:00:00
4165406cd5a8f2bc9f4c028ec05a2e08,6f69bcd41f8dcc0ad25318977e3883ee,delivered,2018-05-21 00:00:00,2018-05-21 22:00:00,2018-05-19 00:00:00,2018-06-02 22:00:00,2018-06-11 00:00:00
96b46969feb111fa42351ff84472e10c,be1db36734c51a22ec86be907415701a,delivered,2017-11-09 04:00:00,2017-11-09 22:00:00,2017-11-14 22:00:00,2017-11-21 22:00:00,2017-12-02 04:00:00
b6c53b98a5c674095ac7795824937816,b223bf38beaee31396439d03f952bef4,delivered,2017-11-27 06:00:00,2017-11-27 19:00:00,2017-12-01 19:00:00,2017-12-18 19:00:00,2017-12-12 06:00:00
77004b057e841271d8c2ccf26597af91,ae9c9f0268b4cc5f197f8e8ee67f4bfa,delivered,2018-02-16 06:00:00,2018-02-16 21:00:00,2018-02-17 21:00:00,2018-03-06 21:00:00,2018-03-03 06:00:00
eed4035b22afb20265cbb014763c2109,683e68ebb8235d5ee88ffe9b7cb152c2,delivered,2018-04-12 06:00:00,2018-04-12 20:00:00,2018-04-13 20:00:00,2018-04-20 20:00:00,2018-05-05 06:00:00
39f7a64278a4cc9cfd9e5c8adeefe02d,9fb37fefb39a32be078e145a41e2c2f5,delivered,2017-03-08 07:00:00,2017-03-08 11:00:00,2017-03-10 11:00:00,2017-04-03 11:00:00,2017-03-21 07:00:00
12c2637ae9da53bc6f30a486bed3751e,8025f356f76094b9f1eea3262aaa86b9,delivered,2017-08-18 22:00:00,2017-08-19 19:00:00,2017-08-20 19:00:00,2017-09-03 19:00:00,2017-09-16 22:00:00
5d8aa07caa6460ce59082641bc2dc193,fe2ee93002d9b4e670c279c707b9606b,canceled,2017-10-17 22:00:00,2017-10-17 22:00:00,,,2017-11-09 22:00:00
06637e426e4e8497504acfd63f1b39b8,662fdfe9dfcf3e2e268524de98c17152,delivered,2018-02-25 22:00:00,2018-02-26 18:00:00,2018-02-28 18:00:00,2018-03-13 18:00:00,2018-03-20 22:00:00
b00e454a6c50f6d77e15559bfe5b910d,9fd97c9710ee60a3ab4611be0517c4ef,delivered,2018-06-27 20:00:00,2018-06-28 02:00:00,2018-07-01 02:00:00,2018-07-17 02:00:00,2018-07-11 20:00:00
99e1155b8e38f2f7d70ee61cc63ead20,0b26c33945c090e98905c1838ef156c1,delivered,2017-03-16 19:00:00,2017-03-17 16:00:00,2017-03-20 16:00:00,2017-03-30 16:00:00,2017-04-11 19:00:00
8d88a36b0888671afe74c3525704c077,0671074bd6dfdca5b65fbd574859c2fb,delivered,2017-07-17 06:00:00,2017-07-17 09:00:00,2017-07-18 09:00:00,2017-07-31 09:00:00,2017-08-10 06:00:00
72b14022f67983c36e1f42b8e7dd1c75,4a658ed6e14e1a14f4bd0ed2e99f816d,delivered,2017-03-18 05:00:00,2017-03-19 05:00:00,2017-03-22 05:00:00,2017-03-29 05:00:00,2017-04-15 05:00:00
bebe06ea427cc907d7eaf3b5b957a6e9,143ba27c395e16d53ea41945001ff52b,delivered,2018-08-16 04:00:00,2018-08-16 17:00:00,2018-08-19 17:00:00,2018-09-06 17:00:00,2018-08-31 04:00:00
ee9c33d1b4d96a28b95f45e0e029d295,24e8315162b7f1508742cf970a1a5bde,delivered,2017-10-05 11:00:00,2017-10-05 21:00:00,2017-10-07 21:00:00,2017-10-14 21:00:00,2017-10-21 11:00:00
38209f5684a0c5630940426df6e088cb,e26f65874ff25f793ed28bad939ca12e,delivered,2018-06-01 06:00:00,2018-06-02 02:00:00,2018-06-05 02:00:00,2018-06-12 02:00:00,2018-06-28 06:00:00
34b34319884ce5441f6d9530411ae887,e7e0dd883b0ee3a0572823367852a230,delivered,2017-03-26 05:00:00,2017-03-27 00:00:00,2017-03-30 00:00:00,2017-04-12 00:00:00,2017-04-22 05:00:00
bc679ccb3d036a63f324d1282fafff42,378ad858be34363a07d8ba7212bec596,delivered,2017-09-10 19:00:00,2017-09-11 11:00:00,2017-09-15 11:00:00,2017-10-09 11:00:00,2017-10-05 19:00:00
726c53f08bd782dea4750b7e15be2848,cad7cd240491670d64ef936d2c650e65,delivered,2018-04-25 17:00:00,2018-04-26 08:00:00,2018-05-01 08:00:00,2018-05-15 08:00:00,2018-05-14 17:00:00
60e2df18b6027ca63a2ea5c708eba0a8,fecab8796e95f9ee4f1b66ab86bdab30,delivered,2017-04-13 09:00:00,2017-04-13 16:00:00,2017-04-18 16:00:00,2017-05-03 16:00:00,2017-05-12 09:00:00
86b6a6772d7b02b096f96766aeb6518a,3e93b449d453085fb8e67936f3c209c4,delivered,2018-08-14 22:00:00,2018-08-15 02:00:00,2018-08-16 02:00:00,2018-08-23 02:00:00,2018-09-05 22:00:00
55d7449c8f6e3160b65c0ef81d614e93,108c7476f8ecaad2b44a96992293ce39,delivered,2017-12-02 18:00:00,2017-12-02 23:00:00,2017-12-04 23:00:00,2017-12-27 23:00:00,2017-12-24 18:00:00
053409872298e3d0cb5718cedd797f9c,cf621be62758f1b7a1b4a70ea085f745,delivered,2018-05-06 17:00:00,2018-05-07 15:00:00,2018-05-08 15:00:00,2018-05-11 15:00:00,2018-05-18 17:00:00
5a60ae76f0a87dd9a193ddee43e21f13,b6927bad00668ea00207377382e17e9c,delivered,2017-01-15 21:00:00,2017-01-16 12:00:00,2017-01-18 12:00:00,2017-01-29 12:00:00,2017-02-01 21:00:00
f168ef72c245363e34a6eaac418a775e,e8fb5d3edd5961403796b4aea70c8662,delivered,2017-03-07 05:00:00,2017-03-07 12:00:00,2017-03-11 12:00:00,2017-03-28 12:00:00,2017-03-30 05:00:00
2ead0be0a0b45327af8b8fb1e53b7a49,a12a118d133400297a35c6f0e9971396,delivered,2017-01-02 15:00:00,2017-01-02 15:00:00,2017-01-06 15:00:00,2017-01-11 15:00:00,2017-02-01 15:00:00
d8fa1fe2fd29f979ee23e5926309156b,327d60c1c1d5ca4f5927e2662754ea36,delivered,2017-02-21 06:00:00,2017-02-21 17:00:00,2017-02-23 17:00:00,2017-03-09 17:00:00,2017-03-15 06:00:00
c9e69c34a3963941b29a73ea9c013151,42a38d041692253760fe1dc8ae0b9c3e,delivered,2017-03-15 05:00:00,2017-03-16 02:00:00,2017-03-20 02:00:00,2017-04-13 02:00:00,2017-04-03 05:00:00
adc753265bd3f5b00dc6f1f7fd976fd5,cae40b951e3d208eecf2dd0fb604849b,delivered,2018-02-04 04:00:00,2018-02-04 12:00:00,2018-02-05 12:00:00,2018-02-22 12:00:00,2018-03-04 04:00:00
987f9999cd43a1abc3f2acb629c6b5b0,e307d8c5a0ec7f33ec02876a7b943cdd,delivered,2018-01-09 05:00:00,2018-01-10 04:00:00,2018-01-15 04:00:00,2018-01-30 04:00:00,2018-02-04 05:00:00
c6a35eb8378629df3f4e35ce92e9d58c,20963d9ea827d6500cb449df026c5576,delivered,2018-06-10 05:00:00,2018-06-10 08:00:00,2018-06-12 08:00:00,2018-06-19 08:00:00,2018-07-04 05:00:00
b8f160e41028ea565fd956b1a569ebd9,a01a79a1b34c693c2c3b6afa4412dc03,delivered,2018-11-21 05:00:00,2018-11-21 18:00:00,2018-11-22 18:00:00,2018-12-10 18:00:00,2018-12-16 05:00:00
24cace84f3558fdc5b5831db3c4c2fbd,cc20fa5e39093829edaab9d99bbd038e,delivered,2019-02-04 05:00:00,2019-02-04 19:00:00,2019-02-09 19:00:00,2019-03-03 19:00:00,2019-03-03 05:00:00
0c92fa098bdc57a286bdea2c0c9da1de,af2de9dab9d975015a79ead4f2fe17d9,shipped,2017-05-06 17:00:00,2017-05-07 08:00:00,2017-05-10 08:00:00,,2017-05-27 17:00:00
7153dbad71b7fff3d1368bd94ce3a5b3,3be57a1138214a96ef9f2d1b3e033cb5,delivered,2018-02-02 10:00:00,2018-02-03 04:00:00,2018-02-07 04:00:00,2018-02-17 04:00:00,2018-02-20 10:00:00
e885493451ca2ab60238676a4a2fd5ea,99ac5f8c1d848ee72a2287d5f6b078b2,delivered,2017-02-21 10:00:00,2017-02-21 18:00:00,2017-02-25 18:00:00,2017-03-04 18:00:00,2017-03-18 10:00:00
3479f3865d6611996f93056c638cc8e0,3b5a402fb87f8c66fa1b98ea7c149a94,delivered,2018-03-26 09:00:00,2018-03-27 05:00:00,2018-04-01 05:00:00,2018-04-20 05:00:00,2018-04-18 09:00:00
47153ea77bbe4de47a0b06937a3b94f3,403fdb3e7a98aaad56c542c52e5bf0a8,delivered,2018-08-02 10:00:00,2018-08-03 06:00:00,2018-08-05 06:00:00,2018-08-10 06:00:00,2018-08-18 10:00:00
96d5727852dd2c900f4ad88deb0b8863,0749ad41c76ab393a3a5eb870a5d94e8,delivered,2017-07-11 19:00:00,2017-07-12 04:00:00,2017-07-15 04:00:00,2017-07-21 04:00:00,2017-08-06 19:00:00
5e514265b6b3c921e074cf5a31db1398,ca9b6dabe0958c065f322b9933c1f5d0,delivered,2017-12-11 07:00:00,2017-12-11 22:00:00,2017-12-14 22:00:00,2018-01-04 22:00:00,2018-01-09 07:00:00
94bf52863830a7cf74a5e6b0780764c1,ee956a3a96867dcf0c228b723f5f7fdc,delivered,2018-04-22 13:00:00,2018-04-23 05:00:00,2018-04-25 05:00:00,2018-05-11 05:00:00,2018-05-16 13:00:00
f3172b9fb0928aeb2e955825b5ee7ca9,3b37f8fd9cb61e9371026c76edd82e5c,delivered,2017-03-25 00:00:00,2017-03-25 11:00:00,2017-03-27 11:00:00,2017-04-13 11:00:00,2017-04-22 00:00:00
50bf964eb63b25db544f06507eae1b6c,01d4511d4ddd51c280355d33abd774e5,delivered,2017-02-05 16:00:00,2017-02-06 14:00:00,2017-02-11 14:00:00,2017-02-14 14:00:00,2017-02-28 16:00:00
c809029e732cccb98d83b04e3e097879,8c2993cd635c4457514c67251b54711e,delivered,2017-05-12 17:00:00,2017-05-12 22:00:00,2017-05-16 22:00:00,2017-06-04 22:00:00,2017-06-03 17:00:00
6cd031a7dc401520fa4fa0ff3445b47c,8079e2ecebdc2c9daef7c60b42c410db,delivered,2018-02-22 17:00:00,2018-02-23 17:00:00,2018-02-28 17:00:00,2018-03-06 17:00:00,2018-03-19 17:00:00
54058a012dc829e00a0268074b2d91fb,030e6395fa2b218d5a9215f1217ea378,delivered,2018-05-08 21:00:00,2018-05-09 20:00:00,2018-05-14 20:00:00,2018-06-06 20:00:00,2018-06-05 21:00:00
947148e24d8fc6e9c341f9a2efb2a181,f331f60ebc324a497787bf68ca09a293,delivered,2018-01-14 01:00:00,2018-01-14 13:00:00,2018-01-18 13:00:00,2018-01-21 13:00:00,2018-02-11 01:00:00
a04e33bd214fbee823457bfe96502ed4,8dc14db4a406522ff2ef3eb108aec57e,delivered,2018-07-20 09:00:00,2018-07-20 21:00:00,2018-07-25 21:00:00,2018-08-16 21:00:00,2018-08-02 09:00:00
09d35e757c09102718e741eabe69b262,ea92ed68828e8496c56e60185340cb95,delivered,2017-11-08 11:00:00,2017-11-08 18:00:00,2017-11-10 18:00:00,2017-11-24 18:00:00,2017-11-22 11:00:00
934a5d8faffb1199029f745d4d351375,1abfd7aa50f10435d798608f2a6c6a31,delivered,2018-05-23 20:00:00,2018-05-24 19:00:00,2018-05-28 19:00:00,2018-06-01 19:00:00,2018-06-22 20:00:00
6508941473d257938025eb3697efdfbe,6705f66570fdf5e6209231751ba6373c,delivered,2017-08-13 13:00:00,2017-08-13 18:00:00,2017-08-18 18:00:00,2017-09-01 18:00:00,2017-09-09 13:00:00
e881d4ded5932f7343dab136151dcdb3,d3b4dfe7f198e627f015275161f5a5ff,delivered,2017-10-12 05:00:00,2017-10-12 19:00:00,2017-10-13 19:00:00,2017-10-29 19:00:00,2017-11-03 05:00:00
7c2febce81880021984dcca241192e85,0b66c0de8ec5bffe768116e6d15b6ac2,delivered,2017-08-13 23:00:00,2017-08-14 03:00:00,2017-08-15 03:00:00,2017-09-06 03:00:00,2017-08-31 23:00:00
53573ede27a8ffcf484c578f30f7d6e6,5a3094f130b9cead1fbcc5f0b19c4b30,delivered,2017-06-24 13:00:00,2017-06-25 01:00:00,2017-06-26 01:00:00,2017-07-16 01:00:00,2017-07-12 13:00:00
642bafb026bb66701262db567887343f,2806d3e5704834f20363f8eeb276b405,delivered,2018-06-23 05:00:00,2018-06-23 14:00:00,2018-06-24 14:00:00,2018-07-19 14:00:00,2018-07-10 05:00:00
a3e1de7c7243ef08f83336538994e7d2,62827ba8c32729284afb483ed832b435,delivered,2018-08-18 20:00:00,2018-08-19 20:00:00,2018-08-22 20:00:00,2018-09-12 20:00:00,2018-09-03 20:00:00
35909433805b7c77a56b3436706b771e,e5c6c8a46c358ce8a62db9df6782acf7,delivered,2017-12-05 07:00:00,2017-12-05 08:00:00,2017-12-07 08:00:00,2017-12-12 08:00:00,2017-12-29 07:00:00
89a9b21c229aa1476c62487f3fe140e4,285331c802e69e89d15ba3708a618af5,delivered,2018-02-17 08:00:00,2018-02-17 11:00:00,2018-02-22 11:00:00,2018-03-04 11:00:00,2018-03-17 08:00:00
614b58b8b739b7723c558ee22ef004a7,d8958c166b94c953800715010326e324,delivered,2018-01-22 13:00:00,2018-01-22 22:00:00,2018-01-26 22:00:00,2018-01-30 22:00:00,2018-02-07 13:00:00
907802120983fd671075ac3286010a70,e25fd6119d790f80b5875e1522cd7ff0,processing,2017-01-19 12:00:00,2017-01-20 03:00:00,,,2017-02-13 12:00:00
06b2d29c27b19b69f43c9f5ae4c6ed5a,9a4f421e0290220b9e7eb52031ec3c1c,delivered,2018-08-16 00:00:00,2018-08-16 10:00:00,2018-08-20 10:00:00,2018-08-28 10:00:00,2018-09-09 00:00:00
c556bc04f6cd5a042cb61d24add30b59,abadd1a474197c75932c70d6229b6b0d,delivered,2017-08-01 05:00:00,2017-08-01 06:00:00,2017-08-02 06:00:00,2017-08-14 06:00:00,2017-08-31 05:00:00
3dffa2aa85f31c88d5f9664799415464,fcab6032693d41cd665831e13778ad37,delivered,2017-10-04 13:00:00,2017-10-05 00:00:00,2017-10-08 00:00:00,2017-10-31 00:00:00,2017-10-27 13:00:00
35a056373164e87948627ff2009af9ba,80153e13b4e49cb1966a58d6fdcadf20,delivered,2017-08-21 11:00:00,2017-08-22 11:00:00,2017-08-25 11:00:00,2017-09-18 11:00:00,2017-09-15 11:00:00
18308f4c610f549e1df1d63b3b298d59,3a0a081defd73b67d67f423a660b29ab,delivered,2017-05-14 12:00:00,2017-05-15 05:00:00,2017-05-12 12:00:00,2017-05-26 05:00:00,2017-05-29 12:00:00
6acd5724cd752ade2844a9d65bad29aa,a33f7fd33b958668cf000651cc44cd22,processing,2018-02-27 14:00:00,2018-02-28 01:00:00,,,2018-03-13 14:00:00
4d0f41b3aa0f14a814c676e2499cc7c2,719c872d70b78695721cc013e234f8a5,delivered,2017-07-17 11:00:00,2017-07-17 22:00:00,2017-07-21 22:00:00,2017-07-26 22:00:00,2017-08-13 11:00:00
513731aa1b1b9803f886a4fe7a33aa97,19400fb93fd0734fdca34d328dc8556c,delivered,2018-02-15 23:00:00,2018-02-16 02:00:00,2018-02-17 02:00:00,2018-02-22 02:00:00,2018-03-07 23:00:00
8af1934e0db27d4fa79768b551465018,f1a57a1be79a2e244f6d8d2d52389ed8,delivered,2018-02-16 19:00:00,2018-02-17 18:00:00,2018-02-14 19:00:00,2018-02-27 18:00:00,2018-03-08 19:00:00
6174496e964e3cf5785a59525161f577,f6fdc5a73e9062a7f001877f0794bf3b,delivered,2018-04-11 05:00:00,2018-04-11 18:00:00,2018-04-14 18:00:00,2018-04-17 18:00:00,2018-04-23 05:00:00
11d8f7b4d7a66a52fc9a1ff4b515cd4c,a929b118f5dc5ffe4d8e94bf2c2aca2f,delivered,2017-10-05 22:00:00,2017-10-06 06:00:00,2017-10-10 06:00:00,2017-10-23 06:00:00,2017-10-26 22:00:00
41d2a6e96cb85bd4496035f27ec87a51,c0e9a3aad872c46a108b90e62598c556,delivered,2018-02-05 10:00:00,2018-02-06 10:00:00,2018-02-08 10:00:00,2018-02-14 10:00:00,2018-03-02 10:00:00
6da0d5a3891868eb7bc8a925a393d432,0ba6bd79af16c754d90b5e44993f43b5,delivered,2018-05-24 17:00:00,2018-05-25 14:00:00,2018-05-28 14:00:00,2018-06-14 14:00:00,2018-06-17 17:00:00
8080a74e6d33c65eaa33d95b1801ea1d,08d04b3b7a521e559a5d00f7c2518611,delivered,2017-09-12 13:00:00,2017-09-12 17:00:00,2017-09-15 17:00:00,2017-09-25 17:00:00,2017-09-26 13:00:00
085287825ab3f581f02645a4a83e64c0,c9b0088ab969150e53da5675057062c3,delivered,2017-06-23 18:00:00,2017-06-24 09:00:00,2017-06-29 09:00:00,2017-07-06 09:00:00,2017-07-21 18:00:00
82b19a0806a355729c85a324e4782698,e4562787a5658d538346d5267ceb742f,canceled,2017-07-01 23:00:00,2017-07-02 22:00:00,,,2017-07-29 23:00:00
b066ae7f2cc3d4d36cb3c9441f8fb24b,6dcd9f21e454db2dc1b5068df1603f7f,delivered,2018-06-16 11:00:00,2018-06-16 14:00:00,2018-06-19 14:00:00,2018-06-24 14:00:00,2018-07-04 11:00:00
9dcf3c3fb57b11709e1beb1310c4f8c6,74916fe2821868bfa64483555e9f262e,delivered,2017-09-25 03:00:00,2017-09-25 13:00:00,2017-09-26 13:00:00,2017-10-20 13:00:00,2017-10-17 03:00:00
c8ed9866ae5703b4f5fd2dbb6c1a3f9a,197bc7aca07872e2b8beb96285442cb3,delivered,2017-06-02 07:00:00,2017-06-02 11:00:00,2017-06-07 11:00:00,2017-06-14 11:00:00,2017-06-16 07:00:00
2b8d7660db29818b3a67db6b2e6d99c2,204838ecbab2686fd2a1717223b1f09f,delivered,2017-06-24 06:00:00,2017-06-24 23:00:00,2017-06-28 23:00:00,2017-07-08 23:00:00,2017-07-22 06:00:00
9e0577f601ab89d8840fb04b0dd87fd5,a645c83e6033631523fbaa032f90d560,processing,2017-12-12 06:00:00,2017-12-13 01:00:00,,,2017-12-26 06:00:00
0faacef77204e7e135783061cb002182,392c4a2d1880f8f01f90aaee8b31deb9,delivered,2018-03-11 06:00:00,2018-03-12 00:00:00,2018-03-15 00:00:00,2018-03-30 00:00:00,2018-03-28 06:00:00
0ed6653b526f53f3fe100cc5847933e1,3b7ac2f4befbf06ba6e38e23908cf386,delivered,2018-07-23 05:00:00,2018-07-23 09:00:00,2018-07-28 09:00:00,2018-08-08 09:00:00,2018-08-19 05:00:00
7d75854f3eb1f4ef984ff5dc068b36e9,38603eb8be5a29645642f88655177750,delivered,2017-04-17 18:00:00,2017-04-17 21:00:00,2017-04-19 21:00:00,2017-04-30 21:00:00,2017-04-30 18:00:00
4c6f016ab1598c09f94944ad72e25200,453277a0d40007ec2eb918c46422a75f,delivered,2017-05-28 03:00:00,2017-05-28 16:00:00,2017-06-02 16:00:00,2017-06-13 16:00:00,2017-06-24 03:00:00
05cf46ab9af78021f83de518a953aa5a,d00d5eb38c79c5507a0816df58782bdf,delivered,2017-02-05 19:00:00,2017-02-06 05:00:00,2017-02-09 05:00:00,2017-02-12 05:00:00,2017-03-06 19:00:00
ec5981905eb20456ebd4e983e4bfa939,f947591a15bd5f9de7789b565c8f6375,delivered,2017-02-26 20:00:00,2017-02-27 06:00:00,2017-02-24 20:00:00,2017-03-21 06:00:00,2017-03-18 20:00:00
6ef2dd6ef41431044592a707c902ada9,c88ebc69413d6272d7c88ce712792317,delivered,2017-01-20 18:00:00,2017-01-21 10:00:00,2017-01-24 10:00:00,2017-01-27 10:00:00,2017-02-02 18:00:00
7873842bb259a50f0a1e290187c4a4b6,31422ec0f7582e221549ae7d0f7e2949,delivered,2018-03-31 13:00:00,2018-04-01 12:00:00,2018-04-02 12:00:00,2018-04-07 12:00:00,2018-04-28 13:00:00
f87ba01bc4285a2edb5464687bf4106e,cdcfe030f30c3d587b2498c646471fee,delivered,2018-03-20 21:00:00,2018-03-21 09:00:00,2018-03-23 09:00:00,2018-03-29 09:00:00,2018-04-02 21:00:00
db2e59b016885dfcdde75749113b436a,c5cc0e88e50d2706822c4d412f6a99d2,delivered,2018-07-10 07:00:00,2018-07-10 14:00:00,2018-07-14 14:00:00,2018-08-06 14:00:00,2018-07-26 07:00:00
3c108cb967b9b1f9e5a472ca414c2daf,8b5ec0e5dd2acf59c2bfe362d9c9cfe5,delivered,2018-01-29 10:00:00,2018-01-30 04:00:00,2018-02-01 04:00:00,2018-02-24 04:00:00,2018-02-19 10:00:00
1c8c3cd059c1a48a25e45a03db418f9f,46310d283f8c18bb525647f60b97e778,delivered,2018-07-13 10:00:00,2018-07-14 03:00:00,2018-07-18 03:00:00,2018-07-24 03:00:00,2018-08-07 10:00:00
03f7821bd8c9fa29eda84e70d8702c30,7f0819f29451a436dd5b18696f6b2156,delivered,2017-04-26 14:00:00,2017-04-27 01:00:00,2017-05-01 01:00:00,2017-05-18 01:00:00,2017-05-18 14:00:00
f821a40522803be70e2f07a5ecdc7b52,f1d3ef7f77d37567d8f26ed8d88af4e5,delivered,2017-12-30 14:00:00,2017-12-31 13:00:00,2018-01-01 13:00:00,2018-01-26 13:00:00,2018-01-13 14:00:00
2f09dae6f8b81c8b45802d18b099e44d,569877e5d3fcc09f3df5670735e4bff4,delivered,2018-05-13 14:00:00,2018-05-14 00:00:00,2018-05-15 00:00:00,2018-06-05 00:00:00,2018-06-04 14:00:00
07f7009a8a51819f9c315267cf9ad7aa,6c759415ecd4ff6b68e544883c18ebd9,delivered,2018-02-17 00:00:00,2018-02-17 05:00:00,2018-02-21 05:00:00,2018-03-09 05:00:00,2018-03-10 00:00:00
961f8ddf108b90d0feb6bae29072c5c8,49b58f7cfe666c5a6b8a0a4c1b2e046c,delivered,2017-10-12 15:00:00,2017-10-12 21:00:00,2017-10-16 21:00:00,2017-11-06 21:00:00,2017-11-03 15:00:00
04b4baef945b3dd7bca96822d327e3a3,4ed0d2e4bfe13bd9d997783dc1143180,delivered,2017-07-21 06:00:00,2017-07-22 06:00:00,2017-07-26 06:00:00,2017-08-07 06:00:00,2017-08-09 06:00:00
cf49d9fc0709e2e025244dcda74d6072,15051857fa2f558b188c2153595018fb,delivered,2018-01-01 18:00:00,2018-01-02 01:00:00,2018-01-07 01:00:00,2018-01-11 01:00:00,2018-01-24 18:00:00
795aff913e09c3b16289487a4cc6e094,803b931f87a79a4128b56073e2f93114,delivered,2018-04-14 18:00:00,2018-04-15 01:00:00,2018-04-18 01:00:00,2018-05-11 01:00:00,2018-05-13 18:00:00
761c2613b7fc799a8ef01628f4446f7b,6502ddf124c1dac477422169b0e3a7dd,delivered,2018-06-08 07:00:00,2018-06-08 22:00:00,2018-06-13 22:00:00,2018-06-23 22:00:00,2018-07-06 07:00:00
386c3ed87c6f8a0951161b26be6038a7,19af5a94481d6550bfd540fdd5b8c4ca,delivered,2017-11-18 05:00:00,2017-11-18 21:00:00,2017-11-19 21:00:00,2017-11-26 21:00:00,2017-11-30 05:00:00
951ac6961435e9f707abbbee515ea0d3,5b8bf877cce4a79738d623dc6549d377,delivered,2017-10-26 19:00:00,2017-10-27 01:00:00,2017-10-28 01:00:00,2017-11-21 01:00:00,2017-11-09 19:00:00
1a890fdcf197a1772f54a47901be6a20,3bb42117ffb99bcd7fea49d0cd49f3c8,delivered,2018-03-01 00:00:00,2018-03-01 22:00:00,2018-03-05 22:00:00,2018-03-14 22:00:00,2018-03-27 00:00:00
6d25ac2597f3a5deb14526b0d8b2a4ac,4519b98c55aaede7619ac7cb8633296d,delivered,2017-03-21 06:00:00,2017-03-21 07:00:00,2017-03-23 07:00:00,2017-04-15 07:00:00,2017-04-12 06:00:00
e9ab256541b506f953cc3391d8ebb11d,0cb82ea66ac9a3746fe0a1bc9b612d0e,delivered,2018-05-22 15:00:00,2018-05-23 01:00:00,2018-05-27 01:00:00,2018-06-03 01:00:00,2018-06-13 15:00:00
c9eaa200d3cc60be8ede02cf8fcf4d2a,4cd3f6ad1da5a774cb17f7741bffaf79,delivered,2018-05-26 15:00:00,2018-05-26 16:00:00,2018-05-29 16:00:00,2018-06-18 16:00:00,2018-06-07 15:00:00
89efff8187b05c5404ceeaeea1105dcf,ca7d42cd7e6226e967870ea5bfac1bc1,delivered,2017-09-24 04:00:00,2017-09-24 15:00:00,2017-09-25 15:00:00,2017-09-30 15:00:00,2017-10-16 04:00:00
88ed8d566dde53580b49914402b750d6,a743fe00706b6138141ee0b789fa2744,delivered,2018-01-27 21:00:00,2018-01-28 05:00:00,2018-01-30 05:00:00,2018-02-15 05:00:00,2018-02-19 21:00:00
72e317afe62ce1880164cc5d0187074b,e16d8a59897142bcbe1a45f7b5da12a4,delivered,2017-12-23 03:00:00,2017-12-23 20:00:00,2017-12-26 20:00:00,2018-01-03 20:00:00,2018-01-20 03:00:00
288f8b615cc4f5231c59c70c26aae14b,cba9340c9784cae1a2954ea0f35fc75f,delivered,2017-07-30 00:00:00,2017-07-30 05:00:00,2017-08-02 05:00:00,2017-08-24 05:00:00,2017-08-26 00:00:00
210995a2cc2f564b67ae6237c15e1790,579d2cfc2a48b60dc6328305abd1fe98,delivered,2017-04-03 05:00:00,2017-04-03 11:00:00,2017-04-07 11:00:00,2017-04-13 11:00:00,2017-04-15 05:00:00
b48d5c1b6f83054113aefbc7c0d6c3d3,60f80a26e6259184702813c064346e69,delivered,2017-11-22 03:00:00,2017-11-22 21:00:00,2017-11-26 21:00:00,2017-12-10 21:00:00,2017-12-21 03:00:00
a2d0d985333910e8ea2e354c892b4a59,d713a43ad135952018ce7e9ae94f1ad7,delivered,2018-07-27 15:00:00,2018-07-27 18:00:00,2018-07-28 18:00:00,2018-08-01 18:00:00,2018-08-08 15:00:00
e338b6c37f1a8f72a0f387e9f3a49ace,da435125b2418dea9bf5dd77889f6264,delivered,2017-01-02 22:00:00,2017-01-03 06:00:00,2017-01-08 06:00:00,2017-02-01 06:00:00,2017-01-21 22:00:00
4c7cfe8954123c717dae6320ea61f108,53e8e216f36e1870ed77dbd48ba095d9,delivered,2017-05-02 19:00:00,2017-05-03 12:00:00,2017-05-08 12:00:00,2017-05-11 12:00:00,2017-05-31 19:00:00
c2c1c69eac2818cb7956f9538298d8db,8d8815b0700e0602cd0cb7121784dc41,canceled,2018-04-25 02:00:00,2018-04-25 13:00:00,,,2018-05-10 02:00:00
375d6f24367cbf3bd67de719ea08fb3e,9a8c9016949a27a86d85a70754cadef0,delivered,2018-01-18 02:00:00,2018-01-18 06:00:00,2018-01-22 06:00:00,2018-02-07 06:00:00,2018-02-03 02:00:00
341e30371f835e17d8fffd02d021dc98,d4560b524d3a360f2611fc7714b960a9,delivered,2017-02-16 14:00:00,2017-02-17 09:00:00,2017-02-20 09:00:00,2017-03-14 09:00:00,2017-03-02 14:00:00
1bde7063fe02fb7351d242ba956ab298,8b054a03c10fd0cf081f4ced5e3fba2a,delivered,2018-07-20 03:00:00,2018-07-20 15:00:00,2018-07-22 15:00:00,2018-08-14 15:00:00,2018-08-04 03:00:00
c4bd7bba010a8e8062f73ff791eb586a,a95278e41a8876753d43de1dc24750a9,delivered,2019-01-27 03:00:00,2019-01-27 03:00:00,2019-02-01 03:00:00,2019-02-26 03:00:00,2019-02-12 03:00:00
6d3700ebf3ce1b5a6b2084a79b212de6,8198e919bbd3361d7a048ced5081a400,delivered,2019-06-24 03:00:00,2019-06-24 19:00:00,2019-06-25 19:00:00,2019-07-09 19:00:00,2019-07-12 03:00:00
a7f8c2d4cbcb7fe9e052c6a8a015a8ce,a904b9a681cb5117903dd47e00d0771a,delivered,2017-05-22 03:00:00,2017-05-22 16:00:00,2017-05-24 16:00:00,2017-06-08 16:00:00,2017-06-17 03:00:00
74d2bd8ec94318fb9c11a1d79c741665,aa73986219d228f649158961a19c9d21,processing,2017-05-18 05:00:00,2017-05-18 19:00:00,,,2017-06-02 05:00:00
b12a3f14eafdf7ed608caf338a081a61,517d602acbc12513e66b0cc76a9e4054,delivered,2017-07-17 08:00:00,2017-07-18 07:00:00,2017-07-20 07:00:00,2017-08-04 07:00:00,2017-07-30 08:00:00
b4bef407559d1417c6a41868a475516b,f9c2d0f3ec1ee1642c48491286275aaa,delivered,2017-08-05 14:00:00,2017-08-05 21:00:00,2017-08-09 21:00:00,2017-08-15 21:00:00,2017-08-21 14:00:00
40851dbab8fcc7fdf7298f09468a00a9,9a2f99a7981d84ec7b00543045254f32,delivered,2018-02-02 04:00:00,2018-02-02 07:00:00,2018-02-06 07:00:00,2018-02-26 07:00:00,2018-02-19 04:00:00
d7ae0952510d729ea986345282d0c34f,7c5c0288b2ae3dc59d4d311c9992f66f,delivered,2017-05-23 03:00:00,2017-05-23 23:00:00,2017-05-25 23:00:00,2017-06-07 23:00:00,2017-06-14 03:00:00
fd32d0a9507ebae219510f90060230b7,aa8c8e616ef6e45f0b2e0c5f45747407,delivered,2018-04-29 19:00:00,2018-04-29 22:00:00,2018-05-01 22:00:00,2018-05-20 22:00:00,2018-05-16 19:00:00
3365bd5e4fe9790ee9f660a98f3f5876,0d43240a8dfcfcefa4346ef744c88d0d,delivered,2018-01-17 15:00:00,2018-01-17 17:00:00,2018-01-20 17:00:00,2018-02-10 17:00:00,2018-02-03 15:00:00
56fe58974f14709852b50d5cdf7d51c2,97c6da93aa7f6c01d5a3d3425b09c75d,shipped,2018-03-17 12:00:00,2018-03-18 11:00:00,2018-03-20 11:00:00,,2018-03-30 12:00:00
aaf73dacadc2ecf7883f3134a0900fea,0f225a77728b10b8bfde2c240bbcc28a,delivered,2018-08-07 03:00:00,2018-08-07 05:00:00,2018-08-08 05:00:00,2018-08-26 05:00:00,2018-08-21 03:00:00
5a340ef1e091447692b100e6b37c8bb8,5fbf06708222f0cc282eae6e03cec54a,delivered,2017-03-25 13:00:00,2017-03-26 06:00:00,2017-03-31 06:00:00,2017-04-18 06:00:00,2017-04-16 13:00:00
7eb8d108f5a51dbe9a64767c224733b8,ff0c517cf758c794a08ec1603f004214,delivered,2017-01-21 21:00:00,2017-01-22 05:00:00,2017-01-25 05:00:00,2017-02-17 05:00:00,2017-02-11 21:00:00
901b8db91a4f6dd44bbacd1cc6079d81,a957d31d3609f255828b1176ce3350d1,delivered,2017-06-03 23:00:00,2017-06-04 12:00:00,2017-06-08 12:00:00,2017-07-01 12:00:00,2017-06-17 23:00:00
7835e67b5d1d3fe0a4ac4cc457a6b26c,0073aa561249d147979674b1840619f7,delivered,2017-07-04 09:00:00,2017-07-05 03:00:00,2017-07-06 03:00:00,2017-07-20 03:00:00,2017-08-01 09:00:00
529b08573d182a904ade9ff9a601fc42,9c3ff9cd542ad82497469c9c3d456837,shipped,2017-03-14 23:00:00,2017-03-15 16:00:00,2017-03-18 16:00:00,,2017-03-26 23:00:00
073c002fdb1160425eb330dd0ee8cae8,7cd2e58b0d45ffa374aab2e1f8b9f8fe,delivered,2018-04-21 20:00:00,2018-04-22 15:00:00,2018-04-25 15:00:00,2018-05-18 15:00:00,2018-05-03 20:00:00
b34b5f0729bfc0ce542cfffaa9df0fcf,7ea033467fae946484618581ecb33a78,canceled,2018-03-28 19:00:00,2018-03-29 01:00:00,,,2018-04-22 19:00:00
19c17f740492215a9acd45f0be0bba51,25952bbdcefeaad566575b6e2a6359f3,delivered,2018-09-08 19:00:00,2018-09-09 06:00:00,2018-09-10 06:00:00,2018-09-23 06:00:00,2018-10-08 19:00:00
62073af1e590fd88545801d87ebf1f9e,d1396d094c7b7e32a42229af3691ed69,delivered,2019-03-27 19:00:00,2019-03-28 14:00:00,2019-04-01 14:00:00,2019-04-07 14:00:00,2019-04-22 19:00:00
dfe4f17c0dac1724a6df628ee5c0eacc,8342a8e23a30a5da5359b00ef13a69ca,delivered,2019-05-28 19:00:00,2019-05-29 08:00:00,2019-05-31 08:00:00,2019-06-06 08:00:00,2019-06-09 19:00:00
4299057dab17eb1829dc5cba5910d841,e1bbc4b6bf323f9213a353cf16bebe84,delivered,2017-11-21 06:00:00,2017-11-21 12:00:00,2017-11-26 12:00:00,2017-12-14 12:00:00,2017-12-07 06:00:00
931f7f9df7424101019fa7384727f854,8d887c1e33d79079ab4c382943405bc1,shipped,2017-06-30 20:00:00,2017-07-01 18:00:00,2017-07-03 18:00:00,,2017-07-26 20:00:00
216db33d73f34aa96f3f7de4880035d0,a72cfe9516f31c4a3105924df00d09db,processing,2017-08-06 20:00:00,2017-08-07 11:00:00,,,2017-08-21 20:00:00
5f3df920a76f99f16467f6d22f74562f,fcbbe18600421dd914c7faa6c4c9921c,delivered,2017-09-05 20:00:00,2017-09-06 08:00:00,2017-09-09 08:00:00,2017-09-26 08:00:00,2017-09-28 20:00:00
df58f6e1e425b5b74c05d9d1c88e4acb,9ca942730df4b8cb3e60af643dc606f9,delivered,2017-11-12 20:00:00,2017-11-13 18:00:00,2017-11-15 18:00:00,2017-11-21 18:00:00,2017-12-03 20:00:00
5a0390411c86d33860b99046a63b6c9f,cd970b0293540737ef3ee8550ffa2017,delivered,2018-08-16 06:00:00,2018-08-16 21:00:00,2018-08-17 21:00:00,2018-08-21 21:00:00,2018-09-10 06:00:00
7610468f8cac4e320c76f9e6ac504267,632251f19f36ad32ee1a1e699155bde5,delivered,2018-03-30 01:00:00,2018-03-30 14:00:00,2018-03-31 14:00:00,2018-04-07 14:00:00,2018-04-15 01:00:00
7cf5e30741e1431f530f5e8fe63de1fc,1096e6a470b5d4eeb6891ac091e3af42,delivered,2017-01-13 01:00:00,2017-01-13 19:00:00,2017-01-16 19:00:00,2017-01-19 19:00:00,2017-01-28 01:00:00
9161d0890e51dca653782b7ccac8d16e,6b8e51fd14691eef730a96e33d6f0eb6,delivered,2017-05-02 20:00:00,2017-05-03 16:00:00,2017-05-05 16:00:00,2017-05-29 16:00:00,2017-05-20 20:00:00
43000b4c993263d6480b480d4e268f27,bbd11f4b6ea53d7b4dca04c10c54254c,delivered,2018-03-27 19:00:00,2018-03-28 06:00:00,2018-04-02 06:00:00,2018-04-07 06:00:00,2018-04-18 19:00:00
14aa1503dc31d0004eeccb784a9feea1,d524e373f61b8e0ee47d70611296e233,delivered,2018-03-09 16:00:00,2018-03-10 12:00:00,2018-03-14 12:00:00,2018-03-29 12:00:00,2018-03-24 16:00:00
0f08437f3b00423a0892436101bb32ec,ff9b6a3348ed58382d383f667bf21470,delivered,2017-11-27 22:00:00,2017-11-28 09:00:00,2017-11-29 09:00:00,2017-12-18 09:00:00,2017-12-22 22:00:00
3b7eebe6674ccb71cf4faa6edc77be61,dc62936722e39be70290d27c152f1d44,delivered,2018-08-10 01:00:00,2018-08-10 20:00:00,2018-08-12 20:00:00,2018-08-19 20:00:00,2018-09-05 01:00:00
56c040a0db91d9dfa5e04d585037ac91,1ee72d491e001af701122d83a232df5c,delivered,2017-09-04 16:00:00,2017-09-05 11:00:00,2017-09-08 11:00:00,2017-09-14 11:00:00,2017-09-27 16:00:00
91a5ef7a345b2edcbd1f8d7f1893aed0,250e0480b2dbfac7404918123c1719ad,delivered,2017-05-31 08:00:00,2017-06-01 07:00:00,2017-06-05 07:00:00,2017-06-26 07:00:00,2017-06-25 08:00:00
58e895c1bc1367ef5d853afc2feb27c2,6108ee6684f6dc5d28c3b0b28a828284,delivered,2018-05-03 21:00:00,2018-05-04 20:00:00,2018-05-06 20:00:00,2018-05-27 20:00:00,2018-05-21 21:00:00
d9a1170032adec605ebe5f7415986e2d,104299a805246b4cd9647ef45f8efce5,delivered,2018-02-23 14:00:00,2018-02-24 04:00:00,2018-02-25 04:00:00,2018-03-06 04:00:00,2018-03-16 14:00:00
1343fa9fff0ba26bbd1517d28cfe6345,9554be4cef5e26ad8a24d2fe2f2f02e9,delivered,2017-09-12 16:00:00,2017-09-13 14:00:00,2017-09-15 14:00:00,2017-10-08 14:00:00,2017-10-01 16:00:00
968cd2c121aaadacfb8a27efcccb9f67,44d1e260ad36217241a2cc6bd4c45e2e,delivered,2017-10-15 13:00:00,2017-10-16 12:00:00,2017-10-20 12:00:00,2017-10-26 12:00:00,2017-11-02 13:00:00
03c4033760b1c3b9bb0ad480fffb6cbf,842c04b0950c0421f96f7ccc254cccb2,delivered,2017-03-14 12:00:00,2017-03-14 17:00:00,2017-03-18 17:00:00,2017-04-06 17:00:00,2017-04-06 12:00:00
867911d407f30993c334f2bc623393ab,ef9c783e84dca558c36e91d9c27b6b3e,delivered,2018-07-16 16:00:00,2018-07-16 16:00:00,2018-07-20 16:00:00,2018-07-26 16:00:00,2018-08-06 16:00:00
4def1a69cd106cd10e08caa08119f67c,ec17970baf1744a2136fb0f0965be5e3,delivered,2017-03-16 22:00:00,2017-03-17 07:00:00,2017-03-19 07:00:00,2017-03-23 07:00:00,2017-04-15 22:00:00
b116b9899e7e7a565b57938162ee2814,f6eb09b228d447291f7fb8841ad3f860,delivered,2017-06-12 22:00:00,2017-06-13 10:00:00,2017-06-14 10:00:00,2017-06-23 10:00:00,2017-06-25 22:00:00
618cd01a1dc904f942ff97a7db66aca5,0638ebfe37f920146a1d007e063064ad,delivered,2017-08-23 22:00:00,2017-08-24 12:00:00,2017-08-26 12:00:00,2017-09-10 12:00:00,2017-09-06 22:00:00
90d0bea1d9bf112f07a779132d376d45,08306cbef47a372672e36b8fa999e3e4,delivered,2017-03-18 06:00:00,2017-03-18 23:00:00,2017-03-16 06:00:00,2017-04-10 23:00:00,2017-04-08 06:00:00
66f9d912f46869b61cae532706f80c33,5cc78b9d34f173dbf5e94bfc3db0b3ce,delivered,2017-12-26 07:00:00,2017-12-26 20:00:00,2017-12-28 20:00:00,2018-01-10 20:00:00,2018-01-09 07:00:00
d5bc5ae0962444b7ef298ae3dd637ce9,dd6d54100e1bb38733f8c1c77170f949,shipped,2018-05-06 07:00:00,2018-05-06 11:00:00,2018-05-09 11:00:00,,2018-06-02 07:00:00
608fc6f2ae8192f72440beb764502bae,1a1ad0ba4c66da558d788bd0cb9fd9ae,delivered,2017-01-12 00:00:00,2017-01-12 01:00:00,2017-01-13 01:00:00,2017-02-07 01:00:00,2017-02-02 00:00:00
999cac541aebce34591a4561fa3fea1e,6013cf28184cd43f008f90ae2b4f8899,delivered,2017-05-24 06:00:00,2017-05-25 01:00:00,2017-05-26 01:00:00,2017-06-10 01:00:00,2017-06-05 06:00:00
323f58d3fdd9c36f48a56cb7f22767e3,a096603983e44f53e85067f1a32ae62f,delivered,2017-05-29 21:00:00,2017-05-30 18:00:00,2017-06-03 18:00:00,2017-06-17 18:00:00,2017-06-23 21:00:00
bf07ac86dc492177b5f016aef6bd2327,b8fb26d724851df8c90289484a9dc999,delivered,2017-04-01 08:00:00,2017-04-02 05:00:00,2017-04-07 05:00:00,2017-04-24 05:00:00,2017-04-22 08:00:00
23956105b01c040a72f6ce92cfbb37c4,229e82a941184636eada0857e9491313,delivered,2017-11-19 13:00:00,2017-11-19 19:00:00,2017-11-23 19:00:00,2017-12-16 19:00:00,2017-12-03 13:00:00
33c05ab2ea6f30bde87708d852b0230b,55eb97f92b77fe635cedec352c67e9f6,delivered,2017-01-14 05:00:00,2017-01-14 07:00:00,2017-01-16 07:00:00,2017-01-27 07:00:00,2017-01-28 05:00:00
c2c66f9f06bb9c521a735d49e75fc829,a16dfae69e51e39967f66367be2e5c66,delivered,2017-08-05 19:00:00,2017-08-06 19:00:00,2017-08-11 19:00:00,2017-08-19 19:00:00,2017-09-04 19:00:00
27bdfccd9095c6139491c28792d6f65e,f706e859d40338ecfbf484d0cb56e062,delivered,2017-11-10 07:00:00,2017-11-10 07:00:00,2017-11-15 07:00:00,2017-12-06 07:00:00,2017-11-27 07:00:00
c7696a46090af3e08772dff7dab92589,caa9f13e901389e5d6d6b3f9dc710b9e,delivered,2018-07-04 03:00:00,2018-07-04 19:00:00,2018-07-06 19:00:00,2018-07-28 19:00:00,2018-07-17 03:00:00
d8379ad103406edc5410d3d90472e005,bc0538321f7e2e1ea58d85c5dd74f4e8,delivered,2017-03-08 18:00:00,2017-03-08 21:00:00,2017-03-13 21:00:00,2017-03-30 21:00:00,2017-03-21 18:00:00
30cec6d80afadc21c18c3b377d30e5e4,3a75ede5f2a1101b43b46106f69a28c3,delivered,2017-08-12 05:00:00,2017-08-13 01:00:00,2017-08-18 01:00:00,2017-08-23 01:00:00,2017-09-11 05:00:00
cf73151c5aae52bceebf5afe088c773f,6e73c967bfa025fba2108df0a414ad42,delivered,2018-07-15 02:00:00,2018-07-15 04:00:00,2018-07-20 04:00:00,2018-07-26 04:00:00,2018-08-11 02:00:00
ecda01ef61ba802c76158d0249759160,ffb1d433bd8de7001bd0ad8710bcb6b8,delivered,2018-02-28 03:00:00,2018-02-28 03:00:00,2018-03-04 03:00:00,2018-03-13 03:00:00,2018-03-20 03:00:00
8ba1c9e30388045204d24b37b9e52587,a31833ac7931f7dd3b3ca69167053a72,delivered,2017-06-30 12:00:00,2017-07-01 04:00:00,2017-07-06 04:00:00,2017-07-17 04:00:00,2017-07-19 12:00:00
b14678a6432647143489a7b677a036a7,10cb4ad06ea6a5392ba41da8c820ac8a,delivered,2018-07-24 16:00:00,2018-07-25 09:00:00,2018-07-29 09:00:00,2018-08-07 09:00:00,2018-08-18 16:00:00
414c61dd69944d007d7617eb49464397,66df0ddd14b65cdea78f69e11ca86b02,delivered,2017-10-11 18:00:00,2017-10-12 17:00:00,2017-10-16 17:00:00,2017-10-25 17:00:00,2017-11-09 18:00:00
a6d36bf90d2579be687885e4103ee46e,7c97366d65c4370b33399850169f9729,delivered,2017-02-04 05:00:00,2017-02-04 21:00:00,2017-02-07 21:00:00,2017-02-12 21:00:00,2017-03-03 05:00:00
0ed020b8fedbbac3c1bfcce4f117b0d1,3929b2ac913c2eeca25b1b88e7dc6fc5,delivered,2018-07-08 10:00:00,2018-07-08 14:00:00,2018-07-10 14:00:00,2018-07-27 14:00:00,2018-08-05 10:00:00
adde3e1210843e0a07840aba8d734c8b,7f906ced638894dfb1ecd227d14e1ee3,delivered,2017-08-25 01:00:00,2017-08-25 13:00:00,2017-08-29 13:00:00,2017-09-02 13:00:00,2017-09-08 01:00:00
afc3fe8ca670e4b0e041dd699c78f51f,30302cffc2115191f96702936a7ff301,delivered,2017-01-26 22:00:00,2017-01-27 00:00:00,2017-01-29 00:00:00,2017-02-14 00:00:00,2017-02-24 22:00:00
864ae915e3a2579a7ef7b53bb6e7dddd,7b4e0fd473f061a27b5aab2e57b82899,delivered,2017-12-29 07:00:00,2017-12-29 11:00:00,2018-01-03 11:00:00,2018-01-14 11:00:00,2018-01-20 07:00:00
5536bd5f9e2b57702c4d8acd845c7a3e,cfe005587ab939e2fc70adf91edbdc2c,delivered,2017-03-05 04:00:00,2017-03-05 22:00:00,2017-03-10 22:00:00,2017-03-30 22:00:00,2017-03-19 04:00:00
1a0742b8da6c619dc6d5bc9669c7b7db,8625788c03e2d1121ec06878dbcc1f66,delivered,2017-11-23 10:00:00,2017-11-24 04:00:00,2017-11-28 04:00:00,2017-12-01 04:00:00,2017-12-20 10:00:00
123ce7708e2479e726019167a275429a,3651f93c60c65ab9857c40c54d20ba0b,canceled,2017-11-24 15:00:00,2017-11-25 12:00:00,,,2017-12-06 15:00:00
b162c40acdf41c76055637fc67e76c98,60e32c1470c4f3a7144c1db2fbc1b446,delivered,2017-12-18 06:00:00,2017-12-18 15:00:00,2017-12-21 15:00:00,2018-01-05 15:00:00,2018-01-13 06:00:00
a1309026d01851b7284b73958beaba7e,865f3f8fdefea65d3c47909331c152d2,delivered,2017-01-22 11:00:00,2017-01-23 09:00:00,2017-01-28 09:00:00,2017-02-13 09:00:00,2017-02-21 11:00:00
733f520bddd81c693dbaef2be13ce0b0,90524da1e8672c0e1ef5e8a063ed748e,delivered,2017-05-22 23:00:00,2017-05-23 04:00:00,2017-05-25 04:00:00,2017-06-17 04:00:00,2017-06-09 23:00:00
c17aeb6ada43f6d4da19152cc819ae16,632a218f66acde8a57b726ba2f7f792b,delivered,2017-02-11 15:00:00,2017-02-11 19:00:00,2017-02-13 19:00:00,2017-02-17 19:00:00,2017-03-07 15:00:00
cf1e65f01e46f12dfb579d539526a6b2,7398e12ec78af2f954145f8f50489938,delivered,2018-03-08 15:00:00,2018-03-09 10:00:00,2018-03-12 10:00:00,2018-03-25 10:00:00,2018-03-28 15:00:00
f4411023fca5976e1426fcd3e9b4983e,9099b0323b60c1da6c8328f384a9e047,delivered,2018-06-16 15:00:00,2018-06-17 08:00:00,2018-06-19 08:00:00,2018-07-02 08:00:00,2018-07-16 15:00:00
29c18ab0a633e9b4d3c456ae75c6f18d,40a6c855558407789a0074910f97f401,delivered,2018-08-01 15:00:00,2018-08-01 23:00:00,2018-08-02 23:00:00,2018-08-19 23:00:00,2018-08-23 15:00:00
88f1ded95f4086e5a5900683a6f4e342,8f50f39904c32c00e7706bb6ad0c0331,delivered,2018-09-29 15:00:00,2018-09-30 05:00:00,2018-10-01 05:00:00,2018-10-19 05:00:00,2018-10-22 15:00:00
bc1d405c708c5348bb2a94b46808e849,680556ed2e696c3f673bbc2e84ce5aff,delivered,2018-05-09 02:00:00,2018-05-09 18:00:00,2018-05-13 18:00:00,2018-05-18 18:00:00,2018-06-02 02:00:00
c719735907c2bb9d73d7966b7c8bfc72,912855ef46dcb4fdd336f98bcf252200,delivered,2018-02-11 11:00:00,2018-02-11 23:00:00,2018-02-14 23:00:00,2018-02-25 23:00:00,2018-03-02 11:00:00
994254cc6b3441f79e7637f16d23117e,864e9304663e37585ada641fa20b467e,delivered,2017-01-27 09:00:00,2017-01-27 11:00:00,2017-02-01 11:00:00,2017-02-09 11:00:00,2017-02-14 09:00:00
d99af44bbe25a7b492140ce2d7884b90,f471016dba6d47aeeacc91a8d06d9b2d,delivered,2018-05-07 14:00:00,2018-05-07 21:00:00,2018-05-09 21:00:00,2018-05-19 21:00:00,2018-05-29 14:00:00
13eb909136bbf8b3038e484010b968a0,4806069b6a174ccebb3a41990d94a569,delivered,2018-09-07 14:00:00,2018-09-07 16:00:00,2018-09-11 16:00:00,2018-09-21 16:00:00,2018-09-24 14:00:00
c0f0c8f9d274f6e1f185ba699a1c34dc,df68938c137d00260d42be4bacc4060a,delivered,2017-09-24 09:00:00,2017-09-24 14:00:00,2017-09-29 14:00:00,2017-10-21 14:00:00,2017-10-09 09:00:00
3eaf63a512af135ed8c8c0e155458db7,cb8af6047461fd48b62bc40df80587ae,delivered,2018-06-03 09:00:00,2018-06-03 17:00:00,2018-06-04 17:00:00,2018-06-21 17:00:00,2018-06-23 09:00:00
37f13e48744f2e919784c36ec573e854,59498712b8d63b58c8420fd1f261141a,delivered,2017-04-09 19:00:00,2017-04-09 23:00:00,2017-04-12 23:00:00,2017-04-22 23:00:00,2017-04-21 19:00:00
305efb29af3e0913579effadda1ad9f5,e1697c3e03dd19b13e3114aa7f1b47ba,delivered,2018-04-29 17:00:00,2018-04-29 18:00:00,2018-05-01 18:00:00,2018-05-12 18:00:00,2018-05-17 17:00:00
9a346b513e31d7849823f08e3abc5a7f,cf6d8639fbf4e9d0d594c391383a56cc,delivered,2018-07-14 22:00:00,2018-07-15 07:00:00,2018-07-17 07:00:00,2018-07-22 07:00:00,2018-07-26 22:00:00
5c82786ad0499ba76ea259d68ffd03e5,9a3e1b2f8f94293512393ad9da9bc113,delivered,2017-01-13 21:00:00,2017-01-14 15:00:00,2017-01-19 15:00:00,2017-01-31 15:00:00,2017-02-06 21:00:00
dee531288d5ac91b946b851fcb6f70ec,0daf3372540580cad291a86873b6311f,delivered,2018-01-01 16:00:00,2018-01-01 20:00:00,2018-01-02 20:00:00,2018-01-20 20:00:00,2018-01-23 16:00:00
0355faea44d7acfac76eeb55e5677805,d31f23ae4161e95dcb5f85f5a10e0c72,delivered,2017-06-02 09:00:00,2017-06-02 16:00:00,2017-06-03 16:00:00,2017-06-24 16:00:00,2017-06-29 09:00:00
b1c2d2897d1c5b7707790d43fdb2e8a0,10f7d2997bc1262e464b512c6b9882ae,delivered,2018-03-02 21:00:00,2018-03-03 08:00:00,2018-03-05 08:00:00,2018-03-22 08:00:00,2018-03-24 21:00:00
db79c48b8e64657225fb66f34bf8c414,cd8779f0063207cf60b6c27e8cc24e9e,delivered,2017-08-04 01:00:00,2017-08-04 04:00:00,2017-08-08 04:00:00,2017-08-26 04:00:00,2017-08-20 01:00:00
80f7e73706823a769baae406ce6aecd6,29336f587589a7570f59bc850a132b2c,delivered,2018-07-11 03:00:00,2018-07-11 18:00:00,2018-07-16 18:00:00,2018-08-05 18:00:00,2018-07-24 03:00:00
c4a982f4478da6e7ebdd70a0ba589fdc,c01762ce96cd5029a21b65ed51f8a0df,delivered,2018-04-18 23:00:00,2018-04-19 18:00:00,2018-04-20 18:00:00,2018-04-23 18:00:00,2018-05-18 23:00:00
0843578fd941a66c7687bc6ac99b596a,06aa97612c91a3448b68ea08d15d1e5e,delivered,2017-09-28 19:00:00,2017-09-28 23:00:00,2017-10-02 23:00:00,2017-10-19 23:00:00,2017-10-21 19:00:00
f4e779176366f51efb5a46ed2cdf0bb3,f5348c17cd2f9a127985f1de16f8a267,delivered,2018-06-04 05:00:00,2018-06-04 12:00:00,2018-06-05 12:00:00,2018-06-25 12:00:00,2018-06-17 05:00:00
843b76b86798644db3ce61aa1b6581bf,71fa140d222f92f81994988e17bed924,delivered,2018-05-11 04:00:00,2018-05-11 22:00:00,2018-05-16 22:00:00,2018-05-22 22:00:00,2018-06-06 04:00:00
fa1d05ec4ab4ba097773fc59a2c39075,3101966255ef572391bbca038c9c0a38,delivered,2017-11-15 13:00:00,2017-11-15 18:00:00,2017-11-18 18:00:00,2017-12-05 18:00:00,2017-12-11 13:00:00
a57fd10bb66549805a5a24459d72e9e5,e1c09ac5045809b8b978ad32ad257df2,canceled,2017-04-13 08:00:00,2017-04-14 05:00:00,,,2017-04-27 08:00:00
b2123a66b83a4bcc52275a66164b7db9,824457c8c391c885bc3030ab8c2bb2b0,delivered,2018-03-21 05:00:00,2018-03-21 17:00:00,2018-03-22 17:00:00,2018-04-15 17:00:00,2018-04-08 05:00:00
896a75d3ccfd250e18268dc624ed48a9,633c676776b949e66ca5c389b42e5579,delivered,2017-09-24 03:00:00,2017-09-24 12:00:00,2017-09-26 12:00:00,2017-09-29 12:00:00,2017-10-19 03:00:00
34aae3f8e7e123417a0e07e47025e2bb,23cd95e260ac2b3727847750ca24acc4,delivered,2017-09-29 16:00:00,2017-09-29 21:00:00,2017-10-02 21:00:00,2017-10-21 21:00:00,2017-10-14 16:00:00
7a06aa4611082c842d90077197bc622b,698778921d6519e3c335e611f0a91ba0,delivered,2018-06-13 10:00:00,2018-06-14 00:00:00,2018-06-15 00:00:00,2018-06-25 00:00:00,2018-07-06 10:00:00
1e7311243fedfd47aa9f17348bae04ed,39d0f8321d72b0e54c51669b84852c6c,delivered,2018-07-02 14:00:00,2018-07-03 03:00:00,2018-07-04 03:00:00,2018-07-22 03:00:00,2018-07-31 14:00:00
9425b29dc4008d41a50d01b21a6b6aaf,1944d32d43158ea8ceb281961b4c4255,delivered,2017-11-15 13:00:00,2017-11-15 14:00:00,2017-11-16 14:00:00,2017-11-28 14:00:00,2017-12-11 13:00:00
9a00c4c0d573fe2dd3dc7fcb31d3a0c6,568dad3bfedf7fef807ca2dfa5ad3da5,delivered,2017-11-26 12:00:00,2017-11-27 06:00:00,2017-11-28 06:00:00,2017-12-22 06:00:00,2017-12-22 12:00:00
20728d10526b76134077f02e6bb85cc5,76eef2033ebf35b090a6cb25b1cd0c78,delivered,2017-02-03 04:00:00,2017-02-04 00:00:00,2017-02-07 00:00:00,2017-02-27 00:00:00,2017-03-01 04:00:00
f8d9f45f8bd0ca6c275de2c489bf9377,74c0a6ad31f3329bed8082fe5509bbe9,delivered,2017-01-01 00:00:00,2017-01-01 16:00:00,2017-01-05 16:00:00,2017-01-28 16:00:00,2017-01-18 00:00:00
1158d4a4b262cfdcfa56121fd9e9960d,59308bc811b02c3144e4a78f5dc463ee,canceled,2017-06-21 03:00:00,2017-06-21 20:00:00,,,2017-07-03 03:00:00
c570896e240b2dd59c0001e60d927c37,16a46fad9be7e0a959e4cc6152e4df22,delivered,2017-10-03 19:00:00,2017-10-04 02:00:00,2017-10-06 02:00:00,2017-10-20 02:00:00,2017-10-26 19:00:00
c20c1b4bab53839199f8b86695cec935,b8361150459986e81617476968cd324e,delivered,2017-06-03 18:00:00,2017-06-04 15:00:00,2017-06-09 15:00:00,2017-06-21 15:00:00,2017-06-17 18:00:00
8939882d4d049b8d841e26c7c87fee0c,5651e4be47916bf38369244e29679660,delivered,2018-04-30 20:00:00,2018-05-01 04:00:00,2018-05-06 04:00:00,2018-05-17 04:00:00,2018-05-13 20:00:00
91e15e4e1490bda5054a2cc0cd5abece,74f2e4255b01939f05c2d34da9790968,delivered,2018-07-25 20:00:00,2018-07-26 05:00:00,2018-07-28 05:00:00,2018-08-21 05:00:00,2018-08-16 20:00:00
4912ceb7aefe412bfb318ceaa540e790,9ee4bec14b1c147a2fee7c22b426e902,delivered,2017-06-06 08:00:00,2017-06-07 05:00:00,2017-06-08 05:00:00,2017-06-11 05:00:00,2017-06-22 08:00:00
366e99ba880b84e4afaa9c01f1a517fc,0dea8fc2f5015e55e5dd259df3e09712,delivered,2018-01-31 07:00:00,2018-01-31 11:00:00,2018-02-05 11:00:00,2018-02-27 11:00:00,2018-02-12 07:00:00
8e25ec17fe1eb1306ec6d561d37d5106,c6f3b2dcfbed24e536fd096f3fcb126b,delivered,2017-12-19 14:00:00,2017-12-20 14:00:00,2017-12-22 14:00:00,2018-01-10 14:00:00,2018-01-15 14:00:00
572fb86243d84d8ba41d73c867bbce7e,42dd966b5a33a6e757e95b832cfe189a,delivered,2017-02-22 01:00:00,2017-02-22 08:00:00,2017-02-25 08:00:00,2017-03-14 08:00:00,2017-03-22 01:00:00
5d2d43fddfeb6684db02634a70dd221c,a51aaa0788e9c4b032a4903e1ee15856,delivered,2018-02-08 20:00:00,2018-02-09 07:00:00,2018-02-12 07:00:00,2018-03-05 07:00:00,2018-02-28 20:00:00
c50815d692cd15bb6a6675a2af383b28,392d920f421f89e2fea9446a196fc2ec,delivered,2017-06-08 14:00:00,2017-06-08 22:00:00,2017-06-13 22:00:00,2017-06-22 22:00:00,2017-06-29 14:00:00
113d74f4b9c3267c299dca89516cd9fd,a26d3ed16a0ceacd9e49abadca171da4,delivered,2017-07-13 02:00:00,2017-07-13 16:00:00,2017-07-18 16:00:00,2017-07-22 16:00:00,2017-07-25 02:00:00
7ef9b50b08e4eaed3a26697d1728e0f6,840ec47b6a6f48bb2baa7981a3f02d59,delivered,2018-08-02 03:00:00,2018-08-02 17:00:00,2018-08-04 17:00:00,2018-08-10 17:00:00,2018-08-30 03:00:00
35294a5fc57e9ad3451e22c277194818,b30f51e7cf9b1d842ddc120ffe6ac6f2,delivered,2017-04-15 12:00:00,2017-04-15 21:00:00,2017-04-20 21:00:00,2017-04-27 21:00:00,2017-05-13 12:00:00
e2f6896cf76852a4fff05450a64915e6,2e7405fe0086fdcb6a453893ae025b97,delivered,2017-08-01 08:00:00,2017-08-01 14:00:00,2017-08-03 14:00:00,2017-08-17 14:00:00,2017-08-25 08:00:00
436390ca0b268aaa5da8bae781e0d564,ec48fa38619ea0fdab26110232af8c05,delivered,2017-05-14 20:00:00,2017-05-15 17:00:00,2017-05-18 17:00:00,2017-06-07 17:00:00,2017-06-06 20:00:00
792846ea229cc46a9ab46c07e9a95e4a,87e44455a7f1223a5d960de8442efdbb,delivered,2017-01-18 00:00:00,2017-01-18 20:00:00,2017-01-20 20:00:00,2017-01-29 20:00:00,2017-02-07 00:00:00
58616490dfcd8b4a0b362efc0ad6ff55,8f7ff3c89470f70463b973a3ca4b0a99,delivered,2017-11-01 16:00:00,2017-11-02 07:00:00,2017-10-30 16:00:00,2017-11-13 07:00:00,2017-11-29 16:00:00
a5412d3b09f6269abf62ca27f7661dec,a242e4949ca8764fc3ec99dd98628425,delivered,2017-11-27 16:00:00,2017-11-28 09:00:00,2017-12-02 09:00:00,2017-12-23 09:00:00,2017-12-24 16:00:00
1745ec91cd8bcc3dcc06371cabf19c6b,c303a192141ace26977bf54f570274b0,delivered,2018-01-26 07:00:00,2018-01-27 05:00:00,2018-01-29 05:00:00,2018-02-02 05:00:00,2018-02-11 07:00:00
30d07f8818b4d74d06f880eb03dc0370,0e440a05b3d45809c624b61821aa0c0d,delivered,2017-08-25 22:00:00,2017-08-26 14:00:00,2017-08-31 14:00:00,2017-09-08 14:00:00,2017-09-23 22:00:00
899025e7c482fc00e64cfd610e5650c3,492f37566037c111ccc2afef7cfa2d24,delivered,2018-02-22 23:00:00,2018-02-23 18:00:00,2018-02-27 18:00:00,2018-03-16 18:00:00,2018-03-24 23:00:00
c7dd335bea05b97ceeb9aaa6bef27082,7d68fb1611a0d06c6be0a95329f32051,delivered,2018-04-27 23:00:00,2018-04-28 04:00:00,2018-05-03 04:00:00,2018-05-10 04:00:00,2018-05-18 23:00:00
534f7b30ed8465e1f055e55d8006bae5,3264a8ec152cc757c94f6ba1b881230d,delivered,2017-07-21 16:00:00,2017-07-21 21:00:00,2017-07-23 21:00:00,2017-08-05 21:00:00,2017-08-02 16:00:00
b10a8ef09d156546f725e56bb1b303db,28013002e8ac336f6a3c561f47900f0e,delivered,2017-12-23 01:00:00,2017-12-23 21:00:00,2017-12-27 21:00:00,2018-01-07 21:00:00,2018-01-07 01:00:00
fdc5cedcb3063bfb823e8c380f27768f,587700c0920495bd5c8544367b72a711,delivered,2017-12-15 17:00:00,2017-12-16 08:00:00,2017-12-18 08:00:00,2017-12-28 08:00:00,2018-01-01 17:00:00
0a953e935cf159c0de938def617da927,a57557edf4427dd75de235cdbd6d2160,delivered,2018-07-15 07:00:00,2018-07-16 07:00:00,2018-07-20 07:00:00,2018-08-10 07:00:00,2018-07-31 07:00:00
a5151678e576e9dd6bbed9ad72193dc5,687cfb4ea8e2ff586c3dfae92490d08c,delivered,2017-11-07 02:00:00,2017-11-07 22:00:00,2017-11-12 22:00:00,2017-11-23 22:00:00,2017-11-20 02:00:00
d753c87fe50c3919e7dae30baa6eabc0,b20b8a2d0f042c41de547afa4c6213e1,delivered,2017-10-30 07:00:00,2017-10-30 13:00:00,2017-11-03 13:00:00,2017-11-08 13:00:00,2017-11-22 07:00:00
6f535df30fce15b176aab6168c8ccf88,7022906e481f261271b8211896226bc5,delivered,2018-02-16 08:00:00,2018-02-17 04:00:00,2018-02-21 04:00:00,2018-03-05 04:00:00,2018-03-09 08:00:00
a725382c961f1a0fb769c7864eb12388,7b7c5da0825f55e5bd27f3a71ccadd5e,delivered,2017-05-12 03:00:00,2017-05-12 11:00:00,2017-05-15 11:00:00,2017-06-05 11:00:00,2017-05-26 03:00:00
1691f502378f12430263a33ac92d3680,5ed7046b59179231ccfba4a2077b102d,delivered,2017-07-31 02:00:00,2017-07-31 18:00:00,2017-08-05 18:00:00,2017-08-22 18:00:00,2017-08-29 02:00:00
f6f1002a1acec4e91d675a2f636669a0,8a35c6803af72cc3c747a6f257bf3565,delivered,2017-06-09 02:00:00,2017-06-09 05:00:00,2017-06-10 05:00:00,2017-07-05 05:00:00,2017-07-04 02:00:00
704f66f701c3f43d2547b8a92fd831ab,130aae92e58d67fe7fcfafd63337ac96,delivered,2017-02-06 15:00:00,2017-02-07 14:00:00,2017-02-08 14:00:00,2017-02-28 14:00:00,2017-02-27 15:00:00
973d6becdf1730d0d5495d0f130a0aba,c83a4d513cd03541933941a79cf42ac1,canceled,2017-08-22 15:00:00,2017-08-23 15:00:00,,,2017-09-03 15:00:00
2667e8899f642e9b41c3dcd4e762f8cb,dd12692397561070b5c1225355decd9a,delivered,2017-10-10 15:00:00,2017-10-10 23:00:00,2017-10-12 23:00:00,2017-10-24 23:00:00,2017-11-01 15:00:00
7882d3007e222edf6d12b92cbc65c13e,04ec43643063fd9245662281d1b6a810,delivered,2018-04-25 04:00:00,2018-04-25 20:00:00,2018-04-27 20:00:00,2018-05-21 20:00:00,2018-05-19 04:00:00
042281ad29fa4e52a4973135632b0366,b5e1d78bd4210350157a405262a5f10a,delivered,2017-09-12 13:00:00,2017-09-12 17:00:00,2017-09-17 17:00:00,2017-09-30 17:00:00,2017-09-27 13:00:00
3a80b6346adc0ab087546be3c647557b,05488f6369781b66c1e59c433762efbd,delivered,2018-02-05 15:00:00,2018-02-05 21:00:00,2018-02-07 21:00:00,2018-02-28 21:00:00,2018-02-28 15:00:00
95c5184213eccf02cccbd2144fc6f16f,4b84bfa9ed99b5f06e5b45cfe421bd67,delivered,2017-12-26 11:00:00,2017-12-26 20:00:00,2017-12-27 20:00:00,2018-01-03 20:00:00,2018-01-15 11:00:00
17f49201b20ebbd3f4a62e78d561d044,9040fb2a4771ffb771443eb0732dded9,canceled,2017-05-18 02:00:00,2017-05-19 02:00:00,,,2017-06-13 02:00:00
6cac10db36812d5b0f1346b2954f03c7,f263536c32a50abae83dc3c80928c6d3,delivered,2018-07-27 12:00:00,2018-07-28 05:00:00,2018-08-01 05:00:00,2018-08-18 05:00:00,2018-08-19 12:00:00
c336ab4a0b75b5f88bb25f9b754c30d3,0e8546462bb841c31aca94c584a38a26,delivered,2018-05-24 00:00:00,2018-05-24 00:00:00,2018-05-26 00:00:00,2018-06-13 00:00:00,2018-06-22 00:00:00
49f74a2b9708f85bc8b94082392fc32d,47dbb9910c482a029966b607e552dbb5,delivered,2017-11-16 08:00:00,2017-11-17 06:00:00,2017-11-21 06:00:00,2017-12-16 06:00:00,2017-11-30 08:00:00
9676e8a487c8604cb510ffa9174d0bfc,e7205ea12461a17f95b089de54c26dd3,delivered,2017-12-31 23:00:00,2018-01-01 16:00:00,2018-01-06 16:00:00,2018-01-21 16:00:00,2018-01-20 23:00:00
d87fa072f81ad6a59ed7ced409788a75,a55d3226a4e415d2c5693b6c60b3bd84,delivered,2018-03-28 07:00:00,2018-03-28 17:00:00,2018-04-01 17:00:00,2018-04-14 17:00:00,2018-04-16 07:00:00
e5c1f69af9fbf715ca1c334611c3aff3,513d80d914137136a892520bf3547094,shipped,2018-02-14 23:00:00,2018-02-15 02:00:00,2018-02-19 02:00:00,,2018-03-10 23:00:00
4cf066e1a8b62ca9a0c1908c0aa0177a,eaa31841a37c75b6b3d3842b402395b4,delivered,2018-07-25 10:00:00,2018-07-26 06:00:00,2018-07-29 06:00:00,2018-08-01 06:00:00,2018-08-13 10:00:00
e45c049a775f26130443777c7ab81d02,05ac3f00338f29beef810b45a9ad08e9,delivered,2017-03-20 11:00:00,2017-03-20 14:00:00,2017-03-25 14:00:00,2017-03-29 14:00:00,2017-04-10 11:00:00
8f609c127f053e6fc75b7a6533056f33,356fad318209284616432294c0ea1d0c,delivered,2017-12-22 08:00:00,2017-12-22 17:00:00,2017-12-26 17:00:00,2018-01-20 17:00:00,2018-01-12 08:00:00
e489d416a1ddbcaea314864bd9acea9f,e86549d9cba11d307bf20b0c51954a19,delivered,2017-07-14 23:00:00,2017-07-15 21:00:00,2017-07-16 21:00:00,2017-08-08 21:00:00,2017-08-02 23:00:00
8709dfd87190beb6133fe2ff578eca82,8bb17e564d3e6f136aa4b0c93df8c314,delivered,2017-09-28 20:00:00,2017-09-29 10:00:00,2017-10-02 10:00:00,2017-10-20 10:00:00,2017-10-25 20:00:00
7a429c49794f69f18e8e6644f6d7607d,cea29164a03918313fd915e385317824,delivered,2017-05-10 14:00:00,2017-05-11 00:00:00,2017-05-14 00:00:00,2017-05-17 00:00:00,2017-05-26 14:00:00
a246f2d5958a9a824e114722c771df14,3bff55fd038d60da422a4b87d32f545b,canceled,2017-12-16 21:00:00,2017-12-17 21:00:00,,,2018-01-11 21:00:00
9b4f6e53dfb13fc3b0f4b3afc5c363a8,6295458277efd2c9a7b1e576ba829862,delivered,2017-03-11 17:00:00,2017-03-12 07:00:00,2017-03-13 07:00:00,2017-03-24 07:00:00,2017-03-30 17:00:00
891e3df3e33b9157d1f410e04270c3b9,c4f6fdd6fed6443ae5a1ba579d83b073,delivered,2017-03-04 04:00:00,2017-03-04 13:00:00,2017-03-08 13:00:00,2017-03-27 13:00:00,2017-04-01 04:00:00
67561314e21bdad8d6c1ea631f625067,68195362e3a58bb1576480a715c79f62,delivered,2018-05-07 17:00:00,2018-05-08 16:00:00,2018-05-12 16:00:00,2018-05-21 16:00:00,2018-05-31 17:00:00
bf29d84c4f8b00fb2b6bf5596c983b07,1ecb3144b7e435e9c657f7e2ddfc74dd,delivered,2018-03-12 13:00:00,2018-03-13 01:00:00,2018-03-18 01:00:00,2018-04-07 01:00:00,2018-04-09 13:00:00
921ebfcaaa6418c584d0eb15448607a5,a34b21df178d75e6717078c5d7940fda,delivered,2017-04-15 12:00:00,2017-04-16 07:00:00,2017-04-18 07:00:00,2017-05-01 07:00:00,2017-05-11 12:00:00
f2d986ed2e4478eadb84c3f32f8969ef,fdeb5ca58494b4b1508f7332e034e7e3,delivered,2017-03-09 11:00:00,2017-03-09 14:00:00,2017-03-14 14:00:00,2017-03-27 14:00:00,2017-03-23 11:00:00
4bc5d0a9e3c3fb686676a19131732afa,324a12148db494503e68ef71500e0609,delivered,2017-06-23 11:00:00,2017-06-23 21:00:00,2017-06-24 21:00:00,2017-07-04 21:00:00,2017-07-16 11:00:00
18651a363b8353c90ad2bfb278a24461,72f1e739c1aeebcada3838bbc351999e,delivered,2017-12-16 11:00:00,2017-12-17 02:00:00,2017-12-18 02:00:00,2018-01-01 02:00:00,2018-01-10 11:00:00
ab47588efba3f0834ce074f8d51826c2,da0a5495a1f90be86b5af5f83c3ad6d1,delivered,2018-05-28 13:00:00,2018-05-28 22:00:00,2018-06-02 22:00:00,2018-06-21 22:00:00,2018-06-12 13:00:00
0cd59a0f5758c544a1753ba1caa7c04f,c2ded34aa46d87b83664fe70f4fe8005,delivered,2018-04-03 08:00:00,2018-04-04 05:00:00,2018-04-08 05:00:00,2018-04-28 05:00:00,2018-04-20 08:00:00
c081d253fcd460bd8f0e3ea76f406825,1420cdc96d01fcfffbf87ff07d754e26,delivered,2017-12-24 09:00:00,2017-12-25 05:00:00,2017-12-29 05:00:00,2018-01-17 05:00:00,2018-01-06 09:00:00
fc5a4951e8f719991ea5c3431b93bf9a,e1e26538bc41058c1a3405432f8e4bd9,delivered,2017-09-26 06:00:00,2017-09-27 00:00:00,2017-09-30 00:00:00,2017-10-22 00:00:00,2017-10-12 06:00:00
e6aab28f066a3f4b65de0d3ac942d852,34385a2fa26d35668ac2b0e94d79189d,delivered,2018-01-13 18:00:00,2018-01-13 18:00:00,2018-01-14 18:00:00,2018-01-30 18:00:00,2018-02-10 18:00:00
a1761dbbcdd9203d3392f49255b36a79,324a60385f2214e11dd57b5ef227dc9c,canceled,2018-02-20 18:00:00,2018-02-20 18:00:00,,,2018-03-09 18:00:00
fda20c90fb48ca875b34fbaa529cb29f,549922aeb373ca69e22b37258d2670fd,delivered,2018-05-31 18:00:00,2018-06-01 06:00:00,2018-06-06 06:00:00,2018-06-15 06:00:00,2018-06-17 18:00:00
9fdd478906cc5126afedc1f370cbb7dd,7f639e27667f1ff6c4e84692d0777d4f,delivered,2018-10-09 18:00:00,2018-10-10 05:00:00,2018-10-12 05:00:00,2018-10-17 05:00:00,2018-11-06 18:00:00
c063d44034c6430978b3bbc173c30ff6,36dfe1820611ab167a6f1dae31151c58,delivered,2018-07-12 01:00:00,2018-07-12 02:00:00,2018-07-15 02:00:00,2018-08-04 02:00:00,2018-08-10 01:00:00
e0ee9c897e8840bd1330eafc62e3d6d1,b5a0cbaed8311287b5dde1153e2523ec,delivered,2018-07-21 03:00:00,2018-07-21 04:00:00,2018-07-24 04:00:00,2018-08-12 04:00:00,2018-08-13 03:00:00
b76d0f78f60049b9a9c5063227c61236,efd003d019e38b6544d89a4545856270,delivered,2018-03-18 02:00:00,2018-03-19 02:00:00,2018-03-24 02:00:00,2018-04-13 02:00:00,2018-04-13 02:00:00
0078fc810f72f4c4a319cb73d866be2d,b3e3cb18eab7e3b71689ebcf8429edf3,delivered,2018-08-01 09:00:00,2018-08-01 14:00:00,2018-08-03 14:00:00,2018-08-13 14:00:00,2018-08-13 09:00:00
505404580e47c845a4a584f39a4ddbc2,a996ffb1438af48f7c9628c0bffdd524,canceled,2018-06-02 00:00:00,2018-06-02 16:00:00,,,2018-06-14 00:00:00
bfe4520dd6594627bf6a2d8182498b3e,9293d9a8de85c4c3e7b96a2575e7e108,delivered,2017-12-25 23:00:00,2017-12-26 10:00:00,2017-12-29 10:00:00,2018-01-11 10:00:00,2018-01-08 23:00:00
fd2e1d55757e21aaeddea462a4bfced2,137958599e02054127a893dfe4207f84,delivered,2017-06-15 00:00:00,2017-06-15 10:00:00,2017-06-16 10:00:00,2017-07-09 10:00:00,2017-07-04 00:00:00
156a0e9a2f5680e24eb3c40cd534dffe,4d67f4286c9e7811481ceb5610df94a8,delivered,2017-04-26 06:00:00,2017-04-26 20:00:00,2017-04-30 20:00:00,2017-05-19 20:00:00,2017-05-08 06:00:00
13ee611d4e43ad3ec79f61eaa5e11793,6fa001cc97766542abfec3a06720dc28,delivered,2017-07-08 11:00:00,2017-07-08 22:00:00,2017-07-09 22:00:00,2017-07-26 22:00:00,2017-08-02 11:00:00
7bcc3786d4e9d73dc9cb7bfed7e6a8c1,e2655d9624df613b10e8a2cb185bc5f5,delivered,2017-05-12 01:00:00,2017-05-12 01:00:00,2017-05-15 01:00:00,2017-05-22 01:00:00,2017-05-28 01:00:00
950c083b69cf2f98e0ada076e945758c,4eb18194ad9f13254eb1ed2a78bf52ff,delivered,2017-11-28 01:00:00,2017-11-28 16:00:00,2017-11-29 16:00:00,2017-12-05 16:00:00,2017-12-26 01:00:00
826d6e62cc079c3156c3587b4d65fbef,d72cbe87b951a8322d80dafddebd3e79,delivered,2018-04-10 01:00:00,2018-04-10 10:00:00,2018-04-14 10:00:00,2018-05-05 10:00:00,2018-04-28 01:00:00
9b80aa8c710a17e53b26ae53efeb8976,4e8d0d4b46b3d9a22b84254a4167b8dd,delivered,2018-06-06 19:00:00,2018-06-07 07:00:00,2018-06-11 07:00:00,2018-06-27 07:00:00,2018-06-19 19:00:00
a3fd8f6f1a3347cba3dca0c6a24e7647,a468725d3e0ae56ffcd81879b10d80c0,delivered,2018-04-19 07:00:00,2018-04-19 23:00:00,2018-04-20 23:00:00,2018-05-03 23:00:00,2018-05-14 07:00:00
ed985f04c6b68fb61a97e3bc32228d23,7c24a244123c8895050b96a6fdb302c8,delivered,2017-08-04 00:00:00,2017-08-04 04:00:00,2017-08-08 04:00:00,2017-08-16 04:00:00,2017-08-27 00:00:00
e1112ae6c26172af27dbdc47e99be1d8,4edb5282674f5777a66bd893ec506267,delivered,2017-11-25 04:00:00,2017-11-25 10:00:00,2017-11-29 10:00:00,2017-12-11 10:00:00,2017-12-11 04:00:00
5fba07942b94e406706a3d203b5c0147,f35a490b738ffefc694438af9f76f585,delivered,2018-03-06 01:00:00,2018-03-06 19:00:00,2018-03-08 19:00:00,2018-03-16 19:00:00,2018-03-21 01:00:00
cb75805b0882dcaacce5dc3106fa0c44,be218d8ce7cd26321a7de4ca127b0cc4,delivered,2018-08-18 08:00:00,2018-08-18 13:00:00,2018-08-19 13:00:00,2018-09-08 13:00:00,2018-09-17 08:00:00
2d9a648fe6194e21453e5f1b36384acd,cbec7adeadc231584546c6c2f306a0c2,delivered,2017-08-28 02:00:00,2017-08-28 17:00:00,2017-08-29 17:00:00,2017-09-10 17:00:00,2017-09-15 02:00:00
87a041f9ddd0375faaed0c22789eae24,a422363ab0e24d24e2ff8d7dfc06cebd,delivered,2018-05-13 12:00:00,2018-05-13 18:00:00,2018-05-18 18:00:00,2018-06-06 18:00:00,2018-05-26 12:00:00
68e625c54016b4368c83f371662cdf39,9c058fbdae6752dd8cddcdba4756115b,delivered,2017-07-11 08:00:00,2017-07-11 11:00:00,2017-07-13 11:00:00,2017-07-29 11:00:00,2017-07-26 08:00:00
a6038076c2020122a97892396d615c08,db7819429c57f9d8f71473f02618cd94,delivered,2017-03-16 01:00:00,2017-03-16 12:00:00,2017-03-19 12:00:00,2017-03-31 12:00:00,2017-03-30 01:00:00
0275c36f65b06cc3cef980dcfda3eb86,fb6efae85353d00fc588fef644bddc5a,delivered,2018-02-11 21:00:00,2018-02-12 21:00:00,2018-02-15 21:00:00,2018-02-20 21:00:00,2018-02-25 21:00:00
d91c31a0e15dd4ee217837be25555acd,c3443ba823bdee65f1b2b5e24a8a149c,delivered,2018-02-20 19:00:00,2018-02-21 06:00:00,2018-02-23 06:00:00,2018-03-15 06:00:00,2018-03-12 19:00:00
337636ff8386d7370c32dc94485ab508,a9b352ceff40abae3c2265fb375eaba3,delivered,2018-08-23 17:00:00,2018-08-23 23:00:00,2018-08-27 23:00:00,2018-09-15 23:00:00,2018-09-10 17:00:00
47e9f13f04089e6dd0703ce6a8b51d7e,68bf1290b121e75933a37ae69dac7a69,delivered,2018-01-09 00:00:00,2018-01-09 00:00:00,2018-01-14 00:00:00,2018-01-21 00:00:00,2018-02-07 00:00:00
c083564a242cd80e36da264182c12923,f74a57c7df45729a92f8bc43bb205cd6,delivered,2017-09-10 12:00:00,2017-09-11 09:00:00,2017-09-15 09:00:00,2017-09-23 09:00:00,2017-10-08 12:00:00
b4c06d88b5fbe14cb42823dcb0836426,224402fccc1936423b89aa267d10098b,delivered,2017-05-20 12:00:00,2017-05-20 17:00:00,2017-05-22 17:00:00,2017-05-28 17:00:00,2017-06-11 12:00:00
3304f93e39886ea81b328860e0f580bb,53328859c8842e3197c78934d54f7520,delivered,2017-06-27 09:00:00,2017-06-27 22:00:00,2017-06-28 22:00:00,2017-07-11 22:00:00,2017-07-23 09:00:00
37a1c676eff0602369298548c678ba62,0de14b43dc411edf5d6d11f4ed2a42ff,delivered,2018-02-14 10:00:00,2018-02-15 08:00:00,2018-02-20 08:00:00,2018-03-05 08:00:00,2018-02-28 10:00:00
4a10a7fad8f8cb0a1aa8fcd7afb03328,58f325c0cc77f138cb002a2192c727b6,delivered,2018-08-09 22:00:00,2018-08-10 19:00:00,2018-08-11 19:00:00,2018-08-22 19:00:00,2018-08-27 22:00:00
aeb6b8f0cd5e4d31dfb64b0bbb8a6b03,ab0c127217b789cc8361fd9ef9295554,delivered,2018-05-07 06:00:00,2018-05-07 13:00:00,2018-05-10 13:00:00,2018-05-27 13:00:00,2018-05-25 06:00:00
f6b1fc5eac7827669afe7c4c13ede4c8,f689a6197082cd98b25fb91410c09270,delivered,2017-10-29 07:00:00,2017-10-29 09:00:00,2017-11-02 09:00:00,2017-11-12 09:00:00,2017-11-16 07:00:00
b0105e4e8d12043ac5c2454e574b3ec0,41347e30b9d02501e6ff8f1c9784a21a,delivered,2018-08-07 20:00:00,2018-08-08 12:00:00,2018-08-11 12:00:00,2018-08-25 12:00:00,2018-09-02 20:00:00
3918efdcc964a8c41c691f656f019e2c,f762bebf846d7318ebaf6a88378c5044,delivered,2017-04-13 06:00:00,2017-04-14 04:00:00,2017-04-17 04:00:00,2017-05-02 04:00:00,2017-04-27 06:00:00
9815b2d1fcbe228923f30208737818e5,c50561229f2dd759634b7186affdebf8,delivered,2017-01-01 21:00:00,2017-01-02 01:00:00,2017-01-03 01:00:00,2017-01-14 01:00:00,2017-01-15 21:00:00
004f57decc9c144753821a2755ba55e3,f978c04073fb281f1ee50b79e08489b5,delivered,2017-12-19 07:00:00,2017-12-19 10:00:00,2017-12-23 10:00:00,2017-12-29 10:00:00,2018-01-09 07:00:00
85d98480c177db8681d0be42291426c1,5276fda5a5759afb5480b898826b7eca,delivered,2017-02-27 06:00:00,2017-02-27 09:00:00,2017-03-01 09:00:00,2017-03-08 09:00:00,2017-03-24 06:00:00
b13b8ee87cdc6b9b3a014a9b450f7128,fcfdfedeb298ea0aa5abda7bb66ea1ad,delivered,2017-05-26 10:00:00,2017-05-26 23:00:00,2017-05-30 23:00:00,2017-06-07 23:00:00,2017-06-23 10:00:00
76331e23bb23c98c92e05c5b9b534f54,0fa6cfe3cd5795ebc823bfc43c47e0f6,delivered,2018-07-06 13:00:00,2018-07-07 05:00:00,2018-07-10 05:00:00,2018-07-23 05:00:00,2018-07-26 13:00:00
42fedf5f7e9fa5dc5c58bbbaf3bb1f8b,f43766d88cdce91f2481c95be8e756df,delivered,2017-05-31 09:00:00,2017-05-31 09:00:00,2017-06-03 09:00:00,2017-06-11 09:00:00,2017-06-27 09:00:00
f75e0d0dccccb213d399b4152b69b3d1,7cd7a80a05eacd77486f1d91d9d0033a,delivered,2017-04-11 19:00:00,2017-04-12 08:00:00,2017-04-13 08:00:00,2017-04-27 08:00:00,2017-04-24 19:00:00
20657718526eb0dd5ec1c270ffccb821,58f184c9b552bac90e084b7d927b0a9a,delivered,2017-06-30 19:00:00,2017-07-01 11:00:00,2017-07-03 11:00:00,2017-07-28 11:00:00,2017-07-12 19:00:00
0a885233355d371516d586c14b6a24ad,234bf2fe8f24b0370d95d9a7cabf65e4,delivered,2018-07-29 06:00:00,2018-07-29 07:00:00,2018-08-02 07:00:00,2018-08-26 07:00:00,2018-08-18 06:00:00
d9c40c69a02445a319913cb5f9dea644,d4fbc99626e047c6d15bfda0b83f0063,delivered,2017-04-24 17:00:00,2017-04-24 19:00:00,2017-04-28 19:00:00,2017-05-22 19:00:00,2017-05-06 17:00:00
cc39398d23f3853aacfdc5f3c535fb4c,019ae014e8eae7997acad9d7ae0f85eb,delivered,2018-02-13 18:00:00,2018-02-14 05:00:00,2018-02-18 05:00:00,2018-03-12 05:00:00,2018-03-07 18:00:00
521e6d7d42e79f06134710eb9f7f8fdc,58522ed4a2388e95799204c21200630a,delivered,2017-02-28 07:00:00,2017-02-28 08:00:00,2017-03-05 08:00:00,2017-03-28 08:00:00,2017-03-12 07:00:00
4ba50f41c2d20aa3f2b27c96376600ef,d1edee4c51e8f02afc8372b2f85e8e43,delivered,2018-04-01 12:00:00,2018-04-01 13:00:00,2018-04-03 13:00:00,2018-04-28 13:00:00,2018-04-22 12:00:00
5dcedf370e93ce9e4561e8f77253486e,01007b0a2425f74c9839eaea7dc5018c,delivered,2018-07-18 09:00:00,2018-07-19 08:00:00,2018-07-24 08:00:00,2018-08-10 08:00:00,2018-07-30 09:00:00
fcbd878b0e06bb2b114c35a5c30e6e96,821958a02198fc387c9df1a9a3d0c09d,delivered,2017-02-23 07:00:00,2017-02-24 07:00:00,2017-03-01 07:00:00,2017-03-18 07:00:00,2017-03-12 07:00:00
36ce365b353924f4da709690194162c1,290e99976afb0cf24921c5857d35c657,delivered,2017-05-01 05:00:00,2017-05-01 23:00:00,2017-05-04 23:00:00,2017-05-24 23:00:00,2017-05-18 05:00:00
fec1afaa4fcdc795e8e525e36dac538b,8b1c1a785a98c975820face4c507a54c,delivered,2018-03-04 09:00:00,2018-03-04 22:00:00,2018-03-09 22:00:00,2018-03-23 22:00:00,2018-03-26 09:00:00
f519f70b60be505e4328bfc46cbc7e60,2a6ac433df618c5f4f76cefd00b60e38,delivered,2018-05-31 14:00:00,2018-06-01 09:00:00,2018-06-04 09:00:00,2018-06-08 09:00:00,2018-06-29 14:00:00
c41584262f37a2361c22abff2cbe7729,55aa4da02e363ec6286c3f349d52c38c,delivered,2017-01-29 20:00:00,2017-01-30 03:00:00,2017-02-04 03:00:00,2017-02-07 03:00:00,2017-02-15 20:00:00
8bd2e759fc1e3492bae99c003d8ad150,9929c7228f702f01ce337defc0f886bd,delivered,2017-10-10 11:00:00,2017-10-11 07:00:00,2017-10-13 07:00:00,2017-10-26 07:00:00,2017-11-07 11:00:00
3fda8388751f8769933e0e04c10a59d2,4d4b2d64aad894147f1d37aa16fe18f8,delivered,2017-03-09 17:00:00,2017-03-09 20:00:00,2017-03-10 20:00:00,2017-03-22 20:00:00,2017-04-03 17:00:00
8248df78ad083cd3044628f629b471d3,4cb854e9b75161260437f07616c97de7,delivered,2017-10-07 05:00:00,2017-10-07 07:00:00,2017-10-12 07:00:00,2017-10-20 07:00:00,2017-11-05 05:00:00
1cdcdff6468d5fa1964311016c7be210,aba0c8b7e87f04c117b99eb966e46b77,delivered,2017-01-31 21:00:00,2017-02-01 08:00:00,2017-02-02 08:00:00,2017-02-10 08:00:00,2017-03-01 21:00:00
6cba47027f5115b72d97ffc4a51ee90a,86126456d9d5e87a05560a8ce2ec459b,delivered,2017-01-30 13:00:00,2017-01-30 13:00:00,2017-02-01 13:00:00,2017-02-26 13:00:00,2017-02-18 13:00:00
15c40649b15568f9979e23ce44c11aad,b89d30aab1eae126830ce24bddd89ebd,delivered,2018-01-03 18:00:00,2018-01-04 11:00:00,2018-01-08 11:00:00,2018-02-02 11:00:00,2018-01-31 18:00:00
3d6ff0396a8fff839a0889a9c599ee2c,7c3374ae80d3487a7d5b26232501533f,delivered,2018-04-22 03:00:00,2018-04-22 19:00:00,2018-04-26 19:00:00,2018-05-18 19:00:00,2018-05-05 03:00:00
ab2a6a442427b93ef8ee840d4a792758,cd1c6add08cdaaeac2464175cd998628,delivered,2018-05-03 03:00:00,2018-05-03 22:00:00,2018-05-08 22:00:00,2018-05-11 22:00:00,2018-05-15 03:00:00
3925ac0a7f7dec7c1743faf6a39d41fc,ce8d80e4b50bae6d550415c62baa4128,delivered,2018-04-30 18:00:00,2018-05-01 05:00:00,2018-05-06 05:00:00,2018-05-12 05:00:00,2018-05-19 18:00:00
b812a19948d3915f6ec5ee8c60a34c4b,a80b53ecc6691549d6fb1c447501f85b,delivered,2017-10-02 00:00:00,2017-10-02 10:00:00,2017-10-04 10:00:00,2017-10-19 10:00:00,2017-10-18 00:00:00
706df64498033771bc3bbb4b472b60f6,957db9feb8b28b73e9549d88ab297730,delivered,2017-12-31 08:00:00,2017-12-31 17:00:00,2018-01-04 17:00:00,2018-01-11 17:00:00,2018-01-13 08:00:00
c196c84382f96a0fe32b62bcb40c3917,22772549512bc06a28f91b325175a481,delivered,2017-10-27 23:00:00,2017-10-28 20:00:00,2017-11-01 20:00:00,2017-11-13 20:00:00,2017-11-20 23:00:00
ff19d2a8c6f656e7bf9765b121ebf7fd,ffd93e32e53cc1257bd498d07c21feb4,delivered,2017-08-08 15:00:00,2017-08-08 18:00:00,2017-08-11 18:00:00,2017-08-22 18:00:00,2017-08-24 15:00:00
8e9a911d9aa8561decb76586eac2bf6c,9883c6113c17fa07294412af3c782140,delivered,2017-02-23 13:00:00,2017-02-24 06:00:00,2017-02-28 06:00:00,2017-03-17 06:00:00,2017-03-13 13:00:00
8411974f94139184b0670682b4b15243,905d292081e4f881c3e57f5a58bf1058,canceled,2018-07-25 16:00:00,2018-07-26 13:00:00,,,2018-08-09 16:00:00
194a5e83b658707774288600ad5c5f36,9057b26d48a69aca3005b234320a17c7,delivered,2017-07-12 09:00:00,2017-07-12 23:00:00,2017-07-14 23:00:00,2017-08-06 23:00:00,2017-07-24 09:00:00
cbdd81d0a7c3f26e84098faca85c5e8f,00f901be3a37d645a5df8d4a4b1b9e7c,delivered,2017-08-15 04:00:00,2017-08-16 04:00:00,2017-08-18 04:00:00,2017-08-30 04:00:00,2017-09-04 04:00:00
ffe426042d2dec8a5c25da209f9ccf07,a6c5815f4a770b1647ee7ff2ff138e39,delivered,2018-04-28 05:00:00,2018-04-28 17:00:00,2018-05-03 17:00:00,2018-05-24 17:00:00,2018-05-12 05:00:00
18e8edff38e6d127205f6b13dd83fc2a,aa55b5b31dfc839b0f20e0f563cd5e1b,delivered,2018-04-23 14:00:00,2018-04-24 00:00:00,2018-04-28 00:00:00,2018-05-12 00:00:00,2018-05-07 14:00:00
ce100ad8979d3af72c8da2e61b6e82f3,2d25c3f3ed06adf60c2635c6dc69bc4e,delivered,2018-02-02 07:00:00,2018-02-02 12:00:00,2018-02-04 12:00:00,2018-02-20 12:00:00,2018-02-20 07:00:00
d94ede514806a14d537548ad28e3e551,9364eb7227041d21fef25358dd200d2a,delivered,2017-12-25 05:00:00,2017-12-25 17:00:00,2017-12-28 17:00:00,2018-01-22 17:00:00,2018-01-14 05:00:00
4ddb98de7e35f43112e9816c63cc975a,7b59a1f4b2ad653ae958d27868cac2f4,delivered,2017-05-09 05:00:00,2017-05-09 23:00:00,2017-05-10 23:00:00,2017-05-21 23:00:00,2017-06-01 05:00:00
9f5367fb82f6b1d9cdb8e652c02ff878,d9b8a0644a40c1e3306534c7a59549c0,delivered,2017-02-10 22:00:00,2017-02-11 05:00:00,2017-02-12 05:00:00,2017-02-18 05:00:00,2017-03-07 22:00:00
6a77ef8c865156e7b428cf140f90f3a1,c9f8892cf9c968ff9c6ecbd2771e996c,delivered,2017-08-07 20:00:00,2017-08-07 20:00:00,2017-08-12 20:00:00,2017-08-31 20:00:00,2017-08-26 20:00:00
4da118b7d91ffb43c4c6a32cbb311617,0ecdb456fbc7555ca5e1cd1f94b6572c,delivered,2017-06-15 20:00:00,2017-06-16 12:00:00,2017-06-18 12:00:00,2017-07-06 12:00:00,2017-07-07 20:00:00
1b8672851bba0fcd5f859cc742f43cef,986981d2e2dca438ecbf3f56c71937dc,delivered,2018-06-19 21:00:00,2018-06-20 16:00:00,2018-06-22 16:00:00,2018-07-16 16:00:00,2018-07-06 21:00:00
b7e4590d900e07860aa3ac8a2e5eae54,d08cd4b134336fd95dc1aba00e3b0441,delivered,2017-12-26 14:00:00,2017-12-26 16:00:00,2017-12-28 16:00:00,2018-01-21 16:00:00,2018-01-07 14:00:00
44239cd497672ed8e478329586393390,b91cb4a0c5ee3f8cc5a31cafbae1a218,delivered,2017-06-07 22:00:00,2017-06-08 00:00:00,2017-06-12 00:00:00,2017-06-17 00:00:00,2017-06-25 22:00:00
0b0adcaf159705000c1c78e7ed2d92eb,69ed7ba24f3d39907d86d1042b5d5716,delivered,2017-12-20 19:00:00,2017-12-21 07:00:00,2017-12-26 07:00:00,2018-01-18 07:00:00,2018-01-15 19:00:00
23f5b1b9c01354112650899deb51d5b4,01946e6419a90b0e054b6638d45012c7,delivered,2018-05-27 01:00:00,2018-05-27 04:00:00,2018-05-29 04:00:00,2018-06-23 04:00:00,2018-06-20 01:00:00
14e1521c1450b8074e0ef21b9d26f160,4817c1901c21515bfb114dc5d6bb889f,delivered,2017-03-08 01:00:00,2017-03-09 01:00:00,2017-03-13 01:00:00,2017-03-23 01:00:00,2017-03-25 01:00:00
f8d9033d09397f9053abc02650eee904,63f62d0b985643eed083abf6c964bce7,delivered,2017-09-17 09:00:00,2017-09-17 17:00:00,2017-09-19 17:00:00,2017-10-14 17:00:00,2017-10-01 09:00:00
7f6bb6f5715055a780d0d17a49987625,52021cb0a11d89ec76839ecfa8d2a8a6,shipped,2017-08-21 03:00:00,2017-08-22 00:00:00,2017-08-24 00:00:00,,2017-09-02 03:00:00
9cb528334c9de256e603203dd585db0d,ebd219870b3cd62a0fd0e20d9d6cca22,delivered,2018-05-26 06:00:00,2018-05-26 07:00:00,2018-05-31 07:00:00,2018-06-15 07:00:00,2018-06-20 06:00:00
43c2a4cad944a886808b902fa350b1d4,521b180ef8587d06d4989921fcc810a4,delivered,2017-12-02 08:00:00,2017-12-02 21:00:00,2017-12-05 21:00:00,2017-12-22 21:00:00,2017-12-28 08:00:00
c4bb12264e1c47d7dc7a78de7fe70e69,20ca811a4a1eb843a1aee10b88c78c39,delivered,2017-09-21 23:00:00,2017-09-22 08:00:00,2017-09-26 08:00:00,2017-10-21 08:00:00,2017-10-12 23:00:00
29730710cf1e5ffa83c30f116acfe5e3,633992d3595f33f537e6a5ed3ea46943,canceled,2017-12-07 23:00:00,2017-12-08 23:00:00,,,2018-01-01 23:00:00
e06c05724f8a70aaea0aa62f196ba2d1,020e308ff8875e4b7b58a16374f98896,delivered,2018-01-10 21:00:00,2018-01-10 23:00:00,2018-01-13 23:00:00,2018-02-01 23:00:00,2018-01-25 21:00:00
c27cb42cc91ae994c0d20cb69b023e3a,be0b39b1d1fd6505706d8b05e3115499,delivered,2017-01-24 11:00:00,2017-01-24 22:00:00,2017-01-25 22:00:00,2017-01-29 22:00:00,2017-02-22 11:00:00
cf527cb564c15ed6df0fd2d02a3ae5ba,ef2a4e7a329a934bdd0ec47361f53bab,delivered,2018-06-23 05:00:00,2018-06-24 04:00:00,2018-06-26 04:00:00,2018-07-21 04:00:00,2018-07-08 05:00:00
e7b86544d56f403a33a7bb68bbd3f066,81971c9232e16f36f0c496684802775b,delivered,2018-01-26 03:00:00,2018-01-27 02:00:00,2018-01-28 02:00:00,2018-02-13 02:00:00,2018-02-22 03:00:00
2db2b1118b0f264996f0226bf14eb339,8e4c5da3905d27a2e9992f48754fc6a3,delivered,2017-12-08 19:00:00,2017-12-09 04:00:00,2017-12-12 04:00:00,2017-12-26 04:00:00,2017-12-29 19:00:00
f9f9edeb20c8102eeefaacd26263e8fd,6159cf7f8be0685e9eb4c2b9b41636bc,delivered,2017-12-21 14:00:00,2017-12-22 09:00:00,2017-12-24 09:00:00,2018-01-02 09:00:00,2018-01-09 14:00:00
388bcd741f7dc802082dd7bace8404f9,7d4fa4dbd71c077cb82a1c6f87e4cc5c,processing,2017-11-15 11:00:00,2017-11-16 10:00:00,,,2017-12-11 11:00:00
b2417eece5634d905939eda6373b7c42,9bcb3032e24e9eadaf20df26f36f9bc7,delivered,2017-08-25 10:00:00,2017-08-26 07:00:00,2017-08-31 07:00:00,2017-09-05 07:00:00,2017-09-07 10:00:00
b1d420cbaaa90e31273626774b130b6a,8ef05e0879c3de2ab423e204b8ebcf0c,delivered,2018-07-01 21:00:00,2018-07-02 07:00:00,2018-07-03 07:00:00,2018-07-16 07:00:00,2018-07-20 21:00:00
c40f258b196ef555349914ba3c900f09,92654759d2550653491f59536b9d7759,delivered,2017-10-26 02:00:00,2017-10-26 04:00:00,2017-10-29 04:00:00,2017-11-13 04:00:00,2017-11-24 02:00:00
ccac575e3d8e3a9ccfd3fefdbc13c586,70b1f02bd62627060fd4450fe5202b36,delivered,2017-07-24 22:00:00,2017-07-25 12:00:00,2017-07-26 12:00:00,2017-08-18 12:00:00,2017-08-14 22:00:00
e2ba06e62cce3122c1fd195c335d2323,3e969abd66c087f118dafcff35c06b22,delivered,2017-04-13 16:00:00,2017-04-13 23:00:00,2017-04-17 23:00:00,2017-04-26 23:00:00,2017-04-26 16:00:00
5f5907ac68e5d3b19dc4a55d834d3221,6bbd8ecf0c18c636f2d59aba14f5f7d4,delivered,2017-06-01 13:00:00,2017-06-02 12:00:00,2017-06-04 12:00:00,2017-06-11 12:00:00,2017-06-25 13:00:00
6331bb8b1b0d833f7cff3b35837e3700,e6d42ea401fa978827c7166fafb7cec3,delivered,2018-07-20 21:00:00,2018-07-21 13:00:00,2018-07-26 13:00:00,2018-08-01 13:00:00,2018-08-19 21:00:00
0830312682ec2f421a4077920209f205,be956bd86bc58c4c74e3bb635caea0f0,canceled,2018-04-22 23:00:00,2018-04-23 12:00:00,,,2018-05-14 23:00:00
1d9fe29b3ef85af491c1649f4a2615c0,e69f777e75fce80ccdc92af0c48b7702,delivered,2017-03-27 19:00:00,2017-03-27 23:00:00,2017-03-31 23:00:00,2017-04-24 23:00:00,2017-04-21 19:00:00
40781aed54684553c46ba4fd187bce0a,780361042b64cd9374acc51f1c1611c5,delivered,2017-09-25 19:00:00,2017-09-26 01:00:00,2017-09-30 01:00:00,2017-10-08 01:00:00,2017-10-24 19:00:00
83e9859f1d6a1c2a2474faaf89f1cc00,40c12f43b577dd1b4df8153950b7b9b7,delivered,2018-03-15 22:00:00,2018-03-16 13:00:00,2018-03-18 13:00:00,2018-04-09 13:00:00,2018-04-13 22:00:00
3819bda3bebe21f0b09259996dc7d0d6,eb751ba9900a48b69ea1fc156b0a1a02,delivered,2017-11-27 22:00:00,2017-11-28 06:00:00,2017-12-01 06:00:00,2017-12-19 06:00:00,2017-12-24 22:00:00
0ae985cac5f8bce7b68ba6b6f301b46d,2831263ec3b1ea736bfb821e5ddf0828,delivered,2018-03-08 12:00:00,2018-03-09 03:00:00,2018-03-10 03:00:00,2018-03-20 03:00:00,2018-03-27 12:00:00
3ed9c236bc5958609f4d141209011d61,467e2cc9ea226b61eac7fd70abd82c53,delivered,2017-01-13 06:00:00,2017-01-14 06:00:00,2017-01-19 06:00:00,2017-01-27 06:00:00,2017-02-09 06:00:00
a02f8aab8025613ada8273ca598312d9,4df7b42ffcf06d6b8311e3c48c924f96,delivered,2018-04-24 16:00:00,2018-04-25 07:00:00,2018-04-30 07:00:00,2018-05-14 07:00:00,2018-05-20 16:00:00
9240d6449b3fcc37fb8618bea90829a6,f89e54ea8ac06a9e6cf7f504db4cf4e2,delivered,2018-02-06 16:00:00,2018-02-06 20:00:00,2018-02-07 20:00:00,2018-02-10 20:00:00,2018-02-25 16:00:00
a164a104fd504ba3b64578ba3fab58d4,0d9450f46fef233279f47bdc5fa1c9ff,delivered,2018-08-08 16:00:00,2018-08-09 05:00:00,2018-08-10 05:00:00,2018-08-13 05:00:00,2018-09-06 16:00:00
582dc1b31ed89dc6d9ca8598fcb5697b,3a07af70b8a45f4d47ded823fe358dad,delivered,2018-09-24 16:00:00,2018-09-25 13:00:00,2018-09-30 13:00:00,2018-10-23 13:00:00,2018-10-12 16:00:00
7dad0327cc581b773e5fc839e26b910e,2eee56f740642ac0b76571f0678a3ea6,delivered,2017-02-02 06:00:00,2017-02-02 12:00:00,2017-02-03 12:00:00,2017-02-12 12:00:00,2017-02-23 06:00:00
8abf5472447f3b22e47077e57ee8224e,22c2de437eb9168d1a869fd3d0ce3feb,delivered,2017-04-11 01:00:00,2017-04-11 03:00:00,2017-04-14 03:00:00,2017-04-19 03:00:00,2017-05-08 01:00:00
ad147e4118b626fe7665bbea72d49178,c032c50db24086775f3db4a182f2ec06,delivered,2017-08-08 14:00:00,2017-08-09 04:00:00,2017-08-10 04:00:00,2017-08-18 04:00:00,2017-08-22 14:00:00
f2f190a94a4bea63d903581efd8c38eb,817a44e17144b75d2edb9d1e563ab98a,delivered,2017-10-11 09:00:00,2017-10-12 07:00:00,2017-10-13 07:00:00,2017-10-23 07:00:00,2017-11-09 09:00:00
ee755ae3dbe5f4548d8b619060ca5e56,2ab7ab012426fc0a94d09368b8c13be7,delivered,2017-01-08 06:00:00,2017-01-08 21:00:00,2017-01-09 21:00:00,2017-02-01 21:00:00,2017-01-26 06:00:00
29e37c0f235c12e31376610a423920d1,04e10a965ee260c475e2fdf8fa7ca745,delivered,2017-06-27 11:00:00,2017-06-27 20:00:00,2017-06-29 20:00:00,2017-07-24 20:00:00,2017-07-20 11:00:00
50ed97a2414c1e0724fd2a750c886db1,0f94a58711fd0a86f6386ff27b35863f,delivered,2018-05-30 01:00:00,2018-05-30 23:00:00,2018-06-04 23:00:00,2018-06-28 23:00:00,2018-06-24 01:00:00
58728ca3264f964287819162ca79f86c,94b2c8ba85a20bf76607dd73cbe54724,delivered,2018-07-19 23:00:00,2018-07-20 13:00:00,2018-07-22 13:00:00,2018-08-11 13:00:00,2018-08-13 23:00:00
59d28af9b985e3829de6a89ac7ad2a28,d6751089e8a0a77198211c982d2fbccb,delivered,2017-08-02 09:00:00,2017-08-02 21:00:00,2017-08-06 21:00:00,2017-08-13 21:00:00,2017-08-18 09:00:00
379af3c03a48d24b918b0a9de50af837,92fc167cc98dfe6ff31a544a805a459a,delivered,2017-09-29 13:00:00,2017-09-29 19:00:00,2017-10-03 19:00:00,2017-10-14 19:00:00,2017-10-12 13:00:00
362336a214c07a4564b96ddbc1195ecf,68aad7e3d2e64713895973259d366639,delivered,2017-11-26 13:00:00,2017-11-26 22:00:00,2017-11-27 22:00:00,2017-12-12 22:00:00,2017-12-15 13:00:00
53a4cd21ee05d3670433da84b0a97f60,5021b620fd2a1edce0626893cc22c5b6,delivered,2017-10-02 20:00:00,2017-10-03 04:00:00,2017-10-08 04:00:00,2017-10-11 04:00:00,2017-10-23 20:00:00
e84eb205dec8f7914eb6b6786de54bfa,b29822742431d9962923d53c26458e70,delivered,2018-04-13 04:00:00,2018-04-14 01:00:00,2018-04-15 01:00:00,2018-04-28 01:00:00,2018-05-02 04:00:00
1df4c2510280426bad701caf98267562,a62a5af060994eed8dd8c95bdeef5508,shipped,2018-01-02 07:00:00,2018-01-02 23:00:00,2018-01-03 23:00:00,,2018-01-15 07:00:00
4f23db5c9d72decffc50d3a6893cbf3f,f8faed6fbe39a68d4dbfc19a188dfc7f,delivered,2017-07-05 04:00:00,2017-07-05 06:00:00,2017-07-07 06:00:00,2017-07-29 06:00:00,2017-08-04 04:00:00
d27d28bb6e6f0ae8d6e816d30355363a,10aeb021b558531a5e8c951099054f4c,delivered,2017-11-23 04:00:00,2017-11-23 17:00:00,2017-11-24 17:00:00,2017-12-17 17:00:00,2017-12-07 04:00:00
9a3d3e97953fe33b84fa406bce2b723b,ffca442ee3a057b470d89e7f8b93e3cb,delivered,2018-01-25 04:00:00,2018-01-25 22:00:00,2018-01-29 22:00:00,2018-02-05 22:00:00,2018-02-22 04:00:00
f19a769d8b2a3e993de76874dfb73554,981fd84703f4a0f9f619c85045b81441,shipped,2018-07-16 08:00:00,2018-07-16 21:00:00,2018-07-19 21:00:00,,2018-08-11 08:00:00
5c5794fa1baa324bdf2184d6642eaae2,a04b240245afe5b54f091ebeffd03eb3,delivered,2018-08-22 20:00:00,2018-08-22 23:00:00,2018-08-24 23:00:00,2018-09-17 23:00:00,2018-09-10 20:00:00
4ef22bca9a123b42ed3f42a618a1d95a,956944273fa78532f7a55627b3156457,delivered,2018-05-03 18:00:00,2018-05-04 01:00:00,2018-05-08 01:00:00,2018-05-15 01:00:00,2018-06-02 18:00:00
a5e59d2d6fd5bbd0217a1c490c973297,94b5067ea1e16a4dd03b76071303577e,delivered,2017-03-24 03:00:00,2017-03-25 00:00:00,2017-03-27 00:00:00,2017-04-06 00:00:00,2017-04-20 03:00:00
e168ed6debb5f565598435eaa8581351,936589448e60d31fe84ca0af5c3d122b,delivered,2017-02-20 22:00:00,2017-02-21 04:00:00,2017-02-26 04:00:00,2017-03-04 04:00:00,2017-03-14 22:00:00
f485ed0c1d38f943d70d9de6c97fe6c4,fb8b57c1a275452ad7c957f4c1f825f0,delivered,2017-12-22 21:00:00,2017-12-23 10:00:00,2017-12-27 10:00:00,2018-01-01 10:00:00,2018-01-13 21:00:00
2b2ee0580ba929d7997a95029e47d7c2,5a29784be3b306a69ee77ae29abfe395,delivered,2018-03-20 11:00:00,2018-03-20 19:00:00,2018-03-23 19:00:00,2018-03-30 19:00:00,2018-04-08 11:00:00
13c582f0331cfecba144499815023053,5c5b405ba883c5a11632204e336543d8,delivered,2018-01-19 06:00:00,2018-01-19 12:00:00,2018-01-22 12:00:00,2018-02-07 12:00:00,2018-02-03 06:00:00
d05dae5ceed8f7cff29ca904fd398041,85cd92fef26e9e9aaa91593c5753f9e7,delivered,2018-06-19 17:00:00,2018-06-19 23:00:00,2018-06-20 23:00:00,2018-06-29 23:00:00,2018-07-11 17:00:00
1fd39664542c6bb8263aa49e4335f7ab,4a06ff9bbda360a43e2fba4be5f12547,delivered,2017-05-08 16:00:00,2017-05-08 17:00:00,2017-05-13 17:00:00,2017-05-26 17:00:00,2017-05-28 16:00:00
3ed583d4ffd42057365c3ab5534f10a6,4e51e8b74de5b54f1e079f5ae8fdc673,delivered,2017-09-15 19:00:00,2017-09-16 06:00:00,2017-09-18 06:00:00,2017-09-21 06:00:00,2017-09-30 19:00:00
5fd4a95392e78e691c7c921b7ca99e59,0179ea689e5fa74703fe728a119cce69,delivered,2018-05-19 16:00:00,2018-05-19 19:00:00,2018-05-22 19:00:00,2018-06-05 19:00:00,2018-06-03 16:00:00
23d1da68878ae19b4f995de68a770e42,d3e92b7561f3555d118eaee6e28938f4,delivered,2018-06-17 16:00:00,2018-06-18 14:00:00,2018-06-20 14:00:00,2018-06-29 14:00:00,2018-06-29 16:00:00
d2faa668a35dbdc47e33fab12d66d35a,074d7f270d81a36836044a6a3b13ded2,delivered,2018-06-10 15:00:00,2018-06-11 13:00:00,2018-06-13 13:00:00,2018-06-30 13:00:00,2018-06-27 15:00:00
dc7894ba580ee961c2eef280d0f16f10,cb36df00f72002f20d6b843634be719f,delivered,2017-09-24 18:00:00,2017-09-25 12:00:00,2017-09-29 12:00:00,2017-10-08 12:00:00,2017-10-15 18:00:00
16c9e74cdac87de79d6bfb759ba695e3,11a0e905ca8735b5175426a54a7c60bb,delivered,2017-04-28 12:00:00,2017-04-29 01:00:00,2017-05-02 01:00:00,2017-05-18 01:00:00,2017-05-19 12:00:00
d893870b83d15d0a29929f4e1a25789e,508f2bc25dc071ae65ed1a5a5af96580,delivered,2018-04-01 14:00:00,2018-04-02 06:00:00,2018-04-07 06:00:00,2018-05-01 06:00:00,2018-04-23 14:00:00
55f6b5b8caf24275d314266336e84b8b,82e64302bcb226944988c8514d226829,delivered,2017-07-02 02:00:00,2017-07-03 02:00:00,2017-07-06 02:00:00,2017-07-23 02:00:00,2017-07-23 02:00:00
f21024866b83998f61390456ca2d4842,4959ecf9fc2886bfae26a3f63218f17b,delivered,2017-03-06 15:00:00,2017-03-07 04:00:00,2017-03-12 04:00:00,2017-04-02 04:00:00,2017-04-05 15:00:00
22eafee939762cd1831409a698a7e50e,6ae2ab28d02991d9dc33c99b18b67fb4,delivered,2017-04-20 05:00:00,2017-04-20 22:00:00,2017-04-23 22:00:00,2017-05-04 22:00:00,2017-05-05 05:00:00
2db97923354309e119b50cbf9b023cf8,c2f550c35a5b1846a38cccd91fe99c14,delivered,2017-03-22 21:00:00,2017-03-23 06:00:00,2017-03-25 06:00:00,2017-04-03 06:00:00,2017-04-08 21:00:00
fcedc3bef78ebdb1743df59d233cc287,56aafa64573a5f794b1493ac5aa03ab7,shipped,2018-07-16 03:00:00,2018-07-17 02:00:00,2018-07-21 02:00:00,,2018-08-02 03:00:00
ffa2eae81bb54ea8f361125d864cd667,aafa4c6237a2993890f329dd9b50e520,delivered,2018-08-07 18:00:00,2018-08-08 14:00:00,2018-08-09 14:00:00,2018-09-01 14:00:00,2018-09-06 18:00:00
abd6ac7fb65f3e860f330e451128b702,e9ed743b295c6336629d10d916c1bfde,delivered,2017-08-06 02:00:00,2017-08-06 13:00:00,2017-08-07 13:00:00,2017-08-19 13:00:00,2017-08-26 02:00:00
8c4a173354a6e6a6c36948899405f1f8,fd5c430c8bb91174a12fef91ebb0e699,delivered,2017-02-12 17:00:00,2017-02-13 07:00:00,2017-02-18 07:00:00,2017-02-27 07:00:00,2017-03-06 17:00:00
b87695cfde67901edf6fea8c9301d615,a73d641e0c396bd145c4ef09ae9ff67a,delivered,2018-07-19 01:00:00,2018-07-19 20:00:00,2018-07-24 20:00:00,2018-07-30 20:00:00,2018-08-10 01:00:00
572fb96d490eb24b2da570bcdcf8b18e,bd639e23932c12aeb309560b381e2811,delivered,2017-10-01 22:00:00,2017-10-02 21:00:00,2017-10-06 21:00:00,2017-10-09 21:00:00,2017-10-22 22:00:00
4e814a8e27048a882a5bc72d1a23a319,8c867ecea5c3a06d8c4f3e95190fc88c,delivered,2017-01-20 18:00:00,2017-01-21 18:00:00,2017-01-25 18:00:00,2017-02-09 18:00:00,2017-02-04 18:00:00
4ef1fba10d2aa12363a79cb58808c6a5,006fafa87955479e993b17b47fb52217,delivered,2017-07-28 07:00:00,2017-07-28 14:00:00,2017-08-01 14:00:00,2017-08-19 14:00:00,2017-08-20 07:00:00
176888375b5614e519b3aa8eec47c28b,11e826403c635eb9e7ff46d5ec889eaa,delivered,2017-03-10 06:00:00,2017-03-10 22:00:00,2017-03-12 22:00:00,2017-04-03 22:00:00,2017-03-31 06:00:00
b5a0ffccd1dfe76bdbdea7b4322c1995,57b5c3b9a3fde9bf6187fc95d22a7420,delivered,2017-03-19 11:00:00,2017-03-20 02:00:00,2017-03-21 02:00:00,2017-03-30 02:00:00,2017-04-12 11:00:00
58b5eaaf38a0f99ba42c838bff9f320d,3d6a481b8cbe73d150b6767974c161d0,delivered,2017-12-30 14:00:00,2017-12-31 11:00:00,2018-01-05 11:00:00,2018-01-23 11:00:00,2018-01-11 14:00:00
3087cdfef568efe5055bf87ea267ac4f,7f58ce782449053c32632cc3665e816f,delivered,2017-01-15 03:00:00,2017-01-15 21:00:00,2017-01-16 21:00:00,2017-01-27 21:00:00,2017-01-30 03:00:00
2f98765aed4fac7bdb029024a12bf306,7ab62fdc63ce7e7f4e4772d5a8bbbef5,delivered,2018-03-20 15:00:00,2018-03-21 07:00:00,2018-03-18 15:00:00,2018-04-19 07:00:00,2018-04-07 15:00:00
5a11d31d8a41ea74db6b650e1811df17,9f82e561487a4b449a58975ddb526436,delivered,2017-03-14 09:00:00,2017-03-15 08:00:00,2017-03-19 08:00:00,2017-04-02 08:00:00,2017-04-08 09:00:00
30f4795e03d29f9d918636476c6e6f35,0b14c119e2905621cbfeba5f55c1c5ea,delivered,2018-07-15 16:00:00,2018-07-16 14:00:00,2018-07-18 14:00:00,2018-07-30 14:00:00,2018-08-11 16:00:00
3e15fdeb34641facca15ff320bb3a1e0,326eb27a25acc7442706f98e76f66637,delivered,2018-08-23 16:00:00,2018-08-24 09:00:00,2018-08-26 09:00:00,2018-09-05 09:00:00,2018-09-11 16:00:00
88900afef133204170074b65faf35a4f,63d8770977c06355fdc3ae998d21a748,delivered,2019-01-12 16:00:00,2019-01-12 23:00:00,2019-01-16 23:00:00,2019-01-19 23:00:00,2019-02-10 16:00:00
81781648966d6eb41f949a11a051547e,9d49a11190e71c2ecf3a9f784c7ba6ab,delivered,2018-07-25 20:00:00,2018-07-26 00:00:00,2018-07-27 00:00:00,2018-08-04 00:00:00,2018-08-24 20:00:00
d3666e1018c9131170e688e82bba1b9c,df921996d8cee3e53d323031486a4f10,delivered,2017-02-24 09:00:00,2017-02-24 14:00:00,2017-03-01 14:00:00,2017-03-21 14:00:00,2017-03-08 09:00:00
6d87266fa6d56545a79fdd8ce41e3c70,f1c70ea71d5a53c3dd368244fb53d7a4,delivered,2017-06-18 09:00:00,2017-06-18 16:00:00,2017-06-23 16:00:00,2017-06-29 16:00:00,2017-07-06 09:00:00
691949e26f08c08db6ed62d6472d91ee,c6be8c7dc991427a486a44de694f6251,delivered,2017-08-17 09:00:00,2017-08-17 17:00:00,2017-08-21 17:00:00,2017-08-27 17:00:00,2017-09-04 09:00:00
0c5023b5f63b7158454b7d38c8daf6b4,18ed915003c664159799572d829faa29,delivered,2018-06-06 05:00:00,2018-06-06 09:00:00,2018-06-08 09:00:00,2018-06-21 09:00:00,2018-07-01 05:00:00
591c1ed70bb31dc6bf46a40d719178e3,e5edcf76ab63f2497fa758374ea2cd73,canceled,2018-06-29 07:00:00,2018-06-29 07:00:00,,,2018-07-18 07:00:00
86a4ef706b779bb9739b8e04973b0a10,17686d40ee068e53057347ddc2bf3bda,delivered,2018-08-02 07:00:00,2018-08-03 02:00:00,2018-08-05 02:00:00,2018-08-15 02:00:00,2018-08-22 07:00:00
b0abc45fcbd26e854f9114f169ec5a20,dad47cfb44839883bbd4ee9b8e6d84fd,delivered,2018-12-12 07:00:00,2018-12-12 11:00:00,2018-12-13 11:00:00,2019-01-04 11:00:00,2019-01-09 07:00:00
9219d23bc7d059ba38f1c43dca772a53,153bacff2bcf26e57611a3cbc18b91ec,delivered,2019-05-18 07:00:00,2019-05-18 13:00:00,2019-05-22 13:00:00,2019-05-29 13:00:00,2019-05-30 07:00:00
cb346e5b8ba8d656b29301d1199117fe,225945c970188e01d15811233e2711c8,delivered,2018-06-24 12:00:00,2018-06-25 05:00:00,2018-06-30 05:00:00,2018-07-09 05:00:00,2018-07-17 12:00:00
55cdc5c6185a45a47522073b6b6a76b5,63c70f6c65216f6250c665eb6daac7cf,delivered,2017-04-14 21:00:00,2017-04-15 00:00:00,2017-04-16 00:00:00,2017-04-22 00:00:00,2017-04-30 21:00:00
58e33a0c300224713cd653c7e08b9177,fcdadb1dd8c18b8dea68d969b65dd2d5,delivered,2017-01-29 22:00:00,2017-01-30 17:00:00,2017-02-04 17:00:00,2017-02-27 17:00:00,2017-02-18 22:00:00
d38eff7c90b36f478b4c4dd1953b8035,e6a986f23810532d3d8d99fcb643768a,delivered,2017-01-04 02:00:00,2017-01-04 20:00:00,2017-01-05 20:00:00,2017-01-16 20:00:00,2017-01-16 02:00:00
9049ed0c9a13b77ebc4692d27600edca,eac5c155aea4660f249cfba50e6a1812,delivered,2017-11-29 19:00:00,2017-11-30 07:00:00,2017-12-02 07:00:00,2017-12-17 07:00:00,2017-12-13 19:00:00
ae5baf1dec459b9eb7425aa1693a7605,9904993b2f6a546d517acfe1752b6e23,delivered,2018-04-12 22:00:00,2018-04-13 07:00:00,2018-04-15 07:00:00,2018-05-10 07:00:00,2018-05-06 22:00:00
d2b45510d7b446594b98452343f8a275,29bcca3d6e11a45b527592590a7b1cad,delivered,2017-12-12 10:00:00,2017-12-13 03:00:00,2017-12-18 03:00:00,2018-01-07 03:00:00,2018-01-05 10:00:00
4aff5bdc044337a54f8788ede5b4f21f,ef84102c133dbc86edc6be6ec3a6ff1d,delivered,2018-07-13 21:00:00,2018-07-14 06:00:00,2018-07-18 06:00:00,2018-08-07 06:00:00,2018-08-07 21:00:00
9807a077ea56646edd82d4bd0ac03112,fc2abdd4f10fdf16bf52e2b0f9fe3956,delivered,2017-07-02 02:00:00,2017-07-02 21:00:00,2017-07-06 21:00:00,2017-07-26 21:00:00,2017-07-27 02:00:00
518a19e429b9aa24f833c0a2baa545e9,676a71aa59e17e8cd707bfa1b6f9f210,delivered,2017-02-10 06:00:00,2017-02-10 18:00:00,2017-02-12 18:00:00,2017-02-17 18:00:00,2017-02-23 06:00:00
7f331ead28089c29e55ed31a72e63b3e,ba2139a95fd6d77ce8557192f1f2d022,delivered,2017-09-01 01:00:00,2017-09-01 05:00:00,2017-09-03 05:00:00,2017-09-06 05:00:00,2017-09-18 01:00:00
faf9fd1584f84800477beea0bb596656,e41b2e3b27148b08376f3f71d55cc0dc,delivered,2017-01-05 21:00:00,2017-01-06 21:00:00,2017-01-08 21:00:00,2017-01-18 21:00:00,2017-01-31 21:00:00
ba68d8868ce16d40f8f908e5821f6689,9ab4eeb48fc1f104fa1d352ca64812d8,delivered,2017-05-22 21:00:00,2017-05-23 12:00:00,2017-05-27 12:00:00,2017-06-10 12:00:00,2017-06-18 21:00:00
7d93a7de85789ee5aac233732effbbed,24f6bd15588b10676604e47e1758f357,canceled,2017-09-21 21:00:00,2017-09-22 03:00:00,,,2017-10-05 21:00:00
89711599861c9b5f113b7b6b3179f0b7,04aa1d2cff66a6b9f80c5164f43a9ab0,delivered,2017-11-09 21:00:00,2017-11-10 21:00:00,2017-11-12 21:00:00,2017-11-30 21:00:00,2017-12-06 21:00:00
3b93503f589c898f1d004b24c59b2bca,5167d5c6db88d6ff6799e6f8b8a28fa0,delivered,2017-04-05 17:00:00,2017-04-05 19:00:00,2017-04-08 19:00:00,2017-04-13 19:00:00,2017-04-24 17:00:00
1b657a6b09787000768e974d6a2f3280,9d34845f3ca74505911176bd59957547,processing,2017-01-15 23:00:00,2017-01-16 21:00:00,,,2017-02-01 23:00:00
b773293f768f5fc2e235e8a2cc50fe63,28bb63bb2e0e29c3d0f4571ef0d0e302,delivered,2017-05-23 00:00:00,2017-05-23 06:00:00,2017-05-24 06:00:00,2017-06-12 06:00:00,2017-06-05 00:00:00
d2c465eacac1844b8cbf77e810f86f4e,fff4eb28b4c4d672a99596e2fe872bed,delivered,2017-07-12 04:00:00,2017-07-12 17:00:00,2017-07-16 17:00:00,2017-08-06 17:00:00,2017-08-01 04:00:00
9c32fd49d96d0974647290974c81ea26,ea2e0f434269687c24c54dbfa0087696,delivered,2018-04-23 01:00:00,2018-04-23 12:00:00,2018-04-28 12:00:00,2018-05-18 12:00:00,2018-05-05 01:00:00
0afa1dfaedcb14d5aff4fc8d23c958dc,cbf3f13047b7e393af2f934e87a9013d,delivered,2017-05-26 23:00:00,2017-05-27 04:00:00,2017-05-31 04:00:00,2017-06-12 04:00:00,2017-06-25 23:00:00
7d11ef393adca8c7ff09e70c2a48960d,54f82f04ab51b2216340b89fb70f7ebb,delivered,2017-10-25 03:00:00,2017-10-26 03:00:00,2017-10-31 03:00:00,2017-11-17 03:00:00,2017-11-21 03:00:00
3e21fdb741ee3556cf9dce145a9ea522,cedba8e8a9fc9c2dee83739f8b7550f7,delivered,2017-08-12 07:00:00,2017-08-12 20:00:00,2017-08-16 20:00:00,2017-08-26 20:00:00,2017-08-25 07:00:00
20aad2731c6ef0da446981261e96bb6b,8b1ff3337a28db4c055da82934bc9616,delivered,2017-06-22 22:00:00,2017-06-23 22:00:00,2017-06-26 22:00:00,2017-07-13 22:00:00,2017-07-04 22:00:00
4c695a0b216997760a9f4085ac7c9190,1dfb558735fce6dd7c88e882d57581d1,delivered,2018-03-02 16:00:00,2018-03-03 01:00:00,2018-03-06 01:00:00,2018-03-28 01:00:00,2018-03-27 16:00:00
2f2b8a744e4211e1638cee092794c9a4,9b1eeafc122977f9a243a73b7daa08b9,delivered,2017-02-05 05:00:00,2017-02-05 05:00:00,2017-02-07 05:00:00,2017-02-17 05:00:00,2017-03-06 05:00:00
bec027f7387b2e0f4460817ad13dd184,a16e6098a9bc4a956799e400d258eb33,delivered,2017-04-30 18:00:00,2017-05-01 16:00:00,2017-05-03 16:00:00,2017-05-17 16:00:00,2017-05-25 18:00:00
c42eb83efc6330de622bd1ea5bff04ad,b7efd7b4936ba68c3c2b5f929620c246,delivered,2017-02-13 17:00:00,2017-02-14 11:00:00,2017-02-19 11:00:00,2017-02-22 11:00:00,2017-03-06 17:00:00
7648cba55d74ff7f80ae3d98ba478fd2,a12c99d487e5fd7d83d04ee66723d9bb,delivered,2017-03-01 23:00:00,2017-03-02 23:00:00,2017-03-03 23:00:00,2017-03-11 23:00:00,2017-03-27 23:00:00
d04aeed19bc135716d6e5b88f1983a50,f8764e26a939b28e16882d81ea36139a,delivered,2017-06-08 08:00:00,2017-06-09 08:00:00,2017-06-12 08:00:00,2017-06-28 08:00:00,2017-06-29 08:00:00
79861b75c207713a0469f55d18fdaefc,bb4e48627d35ec33456ebbb182b55700,delivered,2017-07-15 14:00:00,2017-07-15 19:00:00,2017-07-17 19:00:00,2017-07-25 19:00:00,2017-07-31 14:00:00
14190b4f6fe52124d08d20a1ffaa247d,6bea0229ffcc83b089fc023d7639d0d3,delivered,2018-02-19 11:00:00,2018-02-20 07:00:00,2018-02-21 07:00:00,2018-02-25 07:00:00,2018-03-03 11:00:00
ad13375359d9ffb2a223d3b458ff0c41,b3067523f85b3e8151ed97faf587dc68,delivered,2017-08-19 02:00:00,2017-08-19 22:00:00,2017-08-20 22:00:00,2017-09-08 22:00:00,2017-09-15 02:00:00
5deb235681ad7c3b3e9b058e166f8cbd,8aab1eb9a18a171732b2bc6aaae9763a,delivered,2017-01-17 03:00:00,2017-01-18 00:00:00,2017-01-21 00:00:00,2017-01-27 00:00:00,2017-02-15 03:00:00
2a3f4d7263586b15e0df54d327e21f8a,88b4685609bea7e9a0848a44143a43b0,delivered,2018-08-15 07:00:00,2018-08-15 22:00:00,2018-08-19 22:00:00,2018-09-01 22:00:00,2018-09-09 07:00:00
525fe2317e3879f895cd19e805b974ec,3cc9ab8ccf1375e48fe5167d5c6d7b7b,delivered,2017-11-08 07:00:00,2017-11-08 13:00:00,2017-11-12 13:00:00,2017-11-21 13:00:00,2017-11-23 07:00:00
2c2bcc0e2b69a1e0af1fbbd6aae1834d,479ec9fcefb0c51861cdd676f59ab1d1,delivered,2018-05-08 07:00:00,2018-05-09 07:00:00,2018-05-14 07:00:00,2018-06-04 07:00:00,2018-05-24 07:00:00
3d7078868bdc6510ea318e128eb9e366,fb239c894a4e86663b85b758d7c294e2,delivered,2018-09-04 07:00:00,2018-09-05 02:00:00,2018-09-07 02:00:00,2018-09-24 02:00:00,2018-09-21 07:00:00
ea9987d2f6da52d30da317212cac90a7,0b202de948d45aa539d512ce01bb76bb,delivered,2017-04-07 03:00:00,2017-04-07 10:00:00,2017-04-11 10:00:00,2017-04-16 10:00:00,2017-05-04 03:00:00
d22a4cddba05260f17f9a03e1466821b,020e0f02ea6be77b4159151d04b7fc18,delivered,2018-07-15 18:00:00,2018-07-16 18:00:00,2018-07-21 18:00:00,2018-07-29 18:00:00,2018-07-30 18:00:00
65ad220fe97fadb434d3ec6e32313d46,d41c8363be8dcab98b9b3184a2a0bccd,shipped,2018-01-18 22:00:00,2018-01-19 17:00:00,2018-01-23 17:00:00,,2018-02-14 22:00:00
d8878260bacab7f76291a8b41e41083b,948ca6559df1cd8faefa5a43695366f1,delivered,2018-01-22 12:00:00,2018-01-23 06:00:00,2018-01-25 06:00:00,2018-02-19 06:00:00,2018-02-17 12:00:00
04033c5181c83a6ea06cb649ce43c271,cad3b10aaa561c9bb11e201b36c4d5b0,delivered,2018-03-21 15:00:00,2018-03-22 05:00:00,2018-03-25 05:00:00,2018-03-29 05:00:00,2018-04-15 15:00:00
5c01b91bc1597635be5156bcbe6ee782,00c5f59c67135975d711ca4a42f2d642,delivered,2018-07-12 11:00:00,2018-07-13 01:00:00,2018-07-15 01:00:00,2018-07-22 01:00:00,2018-07-26 11:00:00
371d1ce48998442685ca98df8316da16,0e1ef30d37ce55bfc1b070069e55d1f3,delivered,2018-05-27 12:00:00,2018-05-28 09:00:00,2018-05-29 09:00:00,2018-06-15 09:00:00,2018-06-26 12:00:00
7099b85ab408ec621c9f15fd1fc174fe,7cecf07165a1cf97be189c438a8e4dae,delivered,2018-07-14 09:00:00,2018-07-14 14:00:00,2018-07-17 14:00:00,2018-08-08 14:00:00,2018-08-11 09:00:00
dfe24b995f478acf19ddf1e9d8e04009,24867c1c3f20a850b69dcf81e3f1c6a1,delivered,2017-02-28 02:00:00,2017-02-28 15:00:00,2017-03-04 15:00:00,2017-03-08 15:00:00,2017-03-14 02:00:00
084873e765c87c8ca5d955ce9526be4f,8e252bfffe0c97471ac9571f3e06ff5d,delivered,2017-06-26 02:00:00,2017-06-26 08:00:00,2017-06-29 08:00:00,2017-07-14 08:00:00,2017-07-11 02:00:00
5954369a164dd2dd9ea49978bef9b1f6,4d3bd723c14ac20ffcd79687cb37577b,delivered,2017-03-18 13:00:00,2017-03-19 01:00:00,2017-03-21 01:00:00,2017-03-24 01:00:00,2017-04-05 13:00:00
d81bd31a6d50111d9d0338d56f66b39d,a6ba8cae6490bd17ce9be26b0509c467,delivered,2017-09-23 14:00:00,2017-09-24 14:00:00,2017-09-28 14:00:00,2017-10-16 14:00:00,2017-10-21 14:00:00
27464d3e993c1e2b356af924f02f955c,60ed11b1e3214dc6f290a3070a0e09ed,delivered,2018-06-18 08:00:00,2018-06-18 16:00:00,2018-06-22 16:00:00,2018-07-06 16:00:00,2018-07-03 08:00:00
d177f2833e6e9a4aa8a81da326c21d2a,f12e7ddfbc09f636ad17953e91095db7,shipped,2017-08-05 07:00:00,2017-08-05 19:00:00,2017-08-07 19:00:00,,2017-09-04 07:00:00
fe28ba06ec739e22e952fcca363bab4a,832870c21cd840bc883186f5c21652fd,delivered,2017-06-27 07:00:00,2017-06-27 12:00:00,2017-06-30 12:00:00,2017-07-14 12:00:00,2017-07-12 07:00:00
5a2b65ab3f4aed385f934b0fe7df694b,1512cd4934cd593c5c8327fc35a609b3,delivered,2017-09-12 23:00:00,2017-09-13 21:00:00,2017-09-18 21:00:00,2017-10-05 21:00:00,2017-09-28 23:00:00
ddd8ceb6a4d3d2e348eb6222a47f7b5b,da7033916e6ca05985ef706c36414b0a,delivered,2017-10-13 23:00:00,2017-10-14 20:00:00,2017-10-18 20:00:00,2017-10-28 20:00:00,2017-10-29 23:00:00
58e0320d7a10930747b58bb58a9faf2f,d0380a25f0ff772b7c3223f7c7218179,delivered,2018-03-25 23:00:00,2018-03-26 07:00:00,2018-03-29 07:00:00,2018-04-15 07:00:00,2018-04-15 23:00:00
471b20383b60446ec13a179989a0685e,a9aa7d1644c44611d5f8e3904c851e7a,delivered,2018-07-01 23:00:00,2018-07-02 02:00:00,2018-07-07 02:00:00,2018-07-28 02:00:00,2018-07-24 23:00:00
a8cd021a31f7ee6b4cfe40eb06ba1d8b,2fec507f2c5ca8b8f0593ff06dc5d919,delivered,2017-04-17 22:00:00,2017-04-18 12:00:00,2017-04-19 12:00:00,2017-04-30 12:00:00,2017-05-08 22:00:00
83b0f80e8064b287980e5bf7011ab1b2,da8bc4b4809205b7a430b35d79539493,delivered,2017-01-22 23:00:00,2017-01-23 04:00:00,2017-01-24 04:00:00,2017-02-14 04:00:00,2017-02-07 23:00:00
d66806685c722c55d80c6d2a22dd7bf3,cc476eaaecab85b98fb9f8b39901e22d,delivered,2017-06-23 15:00:00,2017-06-24 09:00:00,2017-06-29 09:00:00,2017-07-18 09:00:00,2017-07-12 15:00:00
829578938199ac210374f34d61981181,4b2f05ee25fef38153e842458ac6a79f,delivered,2017-02-20 12:00:00,2017-02-21 05:00:00,2017-02-26 05:00:00,2017-03-12 05:00:00,2017-03-22 12:00:00
8035c0b2ebcbe691d533f5ff4bb2c536,67df989f3c15f4de0ffc5fbee5e75cba,delivered,2018-01-18 18:00:00,2018-01-19 01:00:00,2018-01-23 01:00:00,2018-01-30 01:00:00,2018-02-10 18:00:00
cf384f192f234b70dc4265f4a83bffb7,fea8c9b8f0861ee8fa5420204feefead,delivered,2017-03-18 10:00:00,2017-03-19 04:00:00,2017-03-22 04:00:00,2017-04-15 04:00:00,2017-04-09 10:00:00
56a1f8e2f5298b8302d13793440553b4,33b5f5132df65903785f7ff0eef615b4,delivered,2017-04-28 20:00:00,2017-04-28 22:00:00,2017-05-01 22:00:00,2017-05-14 22:00:00,2017-05-27 20:00:00
55f725e394a60409abe1c69153430b1e,62ebc50ab5c0444bb9a7394925dfd41f,delivered,2017-04-28 19:00:00,2017-04-29 01:00:00,2017-05-01 01:00:00,2017-05-16 01:00:00,2017-05-22 19:00:00
d2b25bdd918d014feb70eef4f71fa95a,43f85d47c5e75efd58eac344626a911c,delivered,2017-08-29 05:00:00,2017-08-29 07:00:00,2017-09-03 07:00:00,2017-09-25 07:00:00,2017-09-26 05:00:00
11c8deebe0e10ce69bb8fd430bf387a2,864670c50ca5ed5b45d5e4b29df4e97c,delivered,2017-01-30 09:00:00,2017-01-30 09:00:00,2017-02-03 09:00:00,2017-02-24 09:00:00,2017-02-21 09:00:00
841184fe0544b1994730d9c36e3e1c9e,f245a3b6a7cd962606eeae17911f331e,delivered,2018-08-01 18:00:00,2018-08-02 06:00:00,2018-08-06 06:00:00,2018-08-12 06:00:00,2018-08-14 18:00:00
550f538bb7810da3bba0e2c0629d83a7,6f436cddbb166799d79cd510de226bf8,delivered,2018-06-22 11:00:00,2018-06-23 05:00:00,2018-06-25 05:00:00,2018-07-06 05:00:00,2018-07-18 11:00:00
2c3cc29ab7e658dbf6fe60443fe47f0d,20ea97b16c7f8dddbd13bc1076d828f7,delivered,2018-06-22 03:00:00,2018-06-22 19:00:00,2018-06-27 19:00:00,2018-07-03 19:00:00,2018-07-06 03:00:00
56af145a2f0214e217ababa27f3871f4,50c8fb05694a88d1e1b6dbea719a7f7d,delivered,2017-12-20 19:00:00,2017-12-21 06:00:00,2017-12-26 06:00:00,2018-01-07 06:00:00,2018-01-15 19:00:00
d8cb294326d8a1f9b39a15fa5b4bc036,7c6ed92466fe4340be37947263ef9313,delivered,2018-04-14 12:00:00,2018-04-14 21:00:00,2018-04-16 21:00:00,2018-04-19 21:00:00,2018-05-03 12:00:00
dbf1f1542c63f89b728b3598f54b3571,a115b6fbff54c509760b75a215b9cf2f,delivered,2018-03-06 00:00:00,2018-03-06 10:00:00,2018-03-11 10:00:00,2018-03-16 10:00:00,2018-03-24 00:00:00
c5621922ec916ea98b6729d0180944b4,74029438c7e5b1f8045eec6c4f120916,canceled,2018-04-28 23:00:00,2018-04-29 10:00:00,,,2018-05-13 23:00:00
40dfa59a6a3aab9e9640cefcef3ffdd6,ded7f325b422cdb5d20bed9d266dbf5f,delivered,2017-04-24 11:00:00,2017-04-25 03:00:00,2017-04-29 03:00:00,2017-05-04 03:00:00,2017-05-18 11:00:00
31ed8dfab1413ca7e335d23ff670dc24,30c059e08bd009088b73d4521a956e55,delivered,2017-04-13 05:00:00,2017-04-14 01:00:00,2017-04-15 01:00:00,2017-05-03 01:00:00,2017-05-13 05:00:00
6170c8b4573db45b71c1ce8af7d7b1d9,fac150eaa1cebac41f44a5e844b53700,delivered,2018-05-07 22:00:00,2018-05-08 17:00:00,2018-05-10 17:00:00,2018-05-19 17:00:00,2018-05-19 22:00:00
10c09a2ceaf7a95328ebfc4bbe631d51,a07b5693739ff4379ec5d0cc9f608712,delivered,2017-03-28 19:00:00,2017-03-29 05:00:00,2017-03-31 05:00:00,2017-04-22 05:00:00,2017-04-14 19:00:00
d21a93dc0c4d0bfc092e9b1b6471c2c0,432d4d55c4174a2dae57f61cf4ac198b,delivered,2017-04-28 00:00:00,2017-04-28 20:00:00,2017-04-29 20:00:00,2017-05-11 20:00:00,2017-05-28 00:00:00
8b5d5aaf8b363edd875fbe9c44926202,4eb879132e6f31e936e74f20ca0b6af7,delivered,2017-06-20 10:00:00,2017-06-20 10:00:00,2017-06-24 10:00:00,2017-07-10 10:00:00,2017-07-15 10:00:00
ae4267728b4c3504772a6d4bce6fd84d,add5949d43eef08d82606053ba2133c5,shipped,2018-02-20 01:00:00,2018-02-20 18:00:00,2018-02-22 18:00:00,,2018-03-09 01:00:00
17d22c6a961ff37bbe31307b9ee240d1,23f414ee76a5e3f55e33f53ba11b311b,delivered,2017-07-01 03:00:00,2017-07-01 15:00:00,2017-07-02 15:00:00,2017-07-20 15:00:00,2017-07-15 03:00:00
1c9e05b4c73d4922923382abb971d7c1,55c6663ae5755c1025b50437eba80422,delivered,2018-01-10 03:00:00,2018-01-10 17:00:00,2018-01-12 17:00:00,2018-01-15 17:00:00,2018-02-04 03:00:00
287fe1abeec09c1a8c8b992830b7b750,f3ac97e0950abd73a3fc1a36c87d746b,delivered,2017-03-31 21:00:00,2017-04-01 18:00:00,2017-04-06 18:00:00,2017-04-11 18:00:00,2017-04-28 21:00:00
a2752d76faf3c9c0c501bed265310d5b,556b50d28091eecaf81c7f9975ea4c0b,delivered,2017-06-03 21:00:00,2017-06-03 23:00:00,2017-06-07 23:00:00,2017-07-02 23:00:00,2017-06-27 21:00:00
524a430b42f8da638b49b87c3e7e2098,3661c1d5bfe544d0628a9708427492b7,delivered,2017-03-13 09:00:00,2017-03-13 19:00:00,2017-03-14 19:00:00,2017-03-19 19:00:00,2017-03-29 09:00:00
e0813a074f0ac825ec380f2df45a38b4,b7ace1b32a3841100a2210c6b6561efb,delivered,2017-07-09 04:00:00,2017-07-09 19:00:00,2017-07-13 19:00:00,2017-07-29 19:00:00,2017-08-08 04:00:00
1d816760bb10a38d04aa3398975a7a37,599c19c1990245b6d4425752aa6d5bb8,delivered,2017-07-09 11:00:00,2017-07-09 17:00:00,2017-07-12 17:00:00,2017-07-25 17:00:00,2017-07-27 11:00:00
c12fea40f4922364f3d5c6e4549a7bed,cd53feb6e8e4327842a762c6ba257c76,delivered,2017-03-17 19:00:00,2017-03-18 00:00:00,2017-03-19 00:00:00,2017-04-02 00:00:00,2017-04-09 19:00:00
d38bf2ffba948e81cb16dde92658082c,9478e9aef3ae77adf5fa75fb33057c2b,delivered,2018-08-16 18:00:00,2018-08-17 11:00:00,2018-08-21 11:00:00,2018-09-05 11:00:00,2018-09-13 18:00:00
e566982523a94f8bb498586e42bd3935,e98660547f214692297011cda352e8c6,delivered,2017-01-19 14:00:00,2017-01-20 11:00:00,2017-01-23 11:00:00,2017-01-27 11:00:00,2017-02-05 14:00:00
1ad0df114eedab880b468e77a20b2d63,48575b3f85d08c5272763701c1d281ce,delivered,2017-10-31 17:00:00,2017-11-01 08:00:00,2017-11-02 08:00:00,2017-11-13 08:00:00,2017-11-12 17:00:00
7a49c5a7b2e28ddf4ee317b40387da88,ac9edd8f482e0228860401138dff2774,delivered,2017-03-06 12:00:00,2017-03-07 10:00:00,2017-03-09 10:00:00,2017-03-19 10:00:00,2017-03-18 12:00:00
bc27faeb687ac02deaea27be47a92445,71d1b4a0c7533a533df476ee560c5bd8,delivered,2017-04-15 13:00:00,2017-04-16 03:00:00,2017-04-21 03:00:00,2017-05-04 03:00:00,2017-05-10 13:00:00
531c10d22c5c99d2343aa67ebd577957,bb6ad59d45db82fc3f7e3e2da35a7f2f,delivered,2017-11-19 13:00:00,2017-11-19 16:00:00,2017-11-20 16:00:00,2017-11-23 16:00:00,2017-12-06 13:00:00
cfa9c86edead0e249689e6b0fe798e32,18b28c2a6faa526b9193f527799e7ebd,delivered,2017-11-17 21:00:00,2017-11-18 01:00:00,2017-11-20 01:00:00,2017-12-09 01:00:00,2017-11-30 21:00:00
adcf4c664f414a69ad4612cc2dafcf5e,464665a3547f8d2d29e0a50549c113d0,delivered,2018-02-24 22:00:00,2018-02-25 03:00:00,2018-03-01 03:00:00,2018-03-23 03:00:00,2018-03-11 22:00:00
3b075a6359b42c1146d1fc5cbb9e8e6f,c1417f0e4d7569a6f957623cd3e8d1cb,delivered,2017-09-04 06:00:00,2017-09-04 17:00:00,2017-09-05 17:00:00,2017-09-25 17:00:00,2017-09-21 06:00:00
75322170f993de57cec0b7ce4b171efd,e1b5346fadb389fee018be6baf454efe,delivered,2017-10-31 03:00:00,2017-10-31 11:00:00,2017-11-03 11:00:00,2017-11-20 11:00:00,2017-11-22 03:00:00
239040408d6173f2cad203fbbb124fc7,7b522776a34b0f886bd6ba4802313061,delivered,2018-04-29 17:00:00,2018-04-30 06:00:00,2018-05-03 06:00:00,2018-05-26 06:00:00,2018-05-21 17:00:00
36daf56584083d9d0ed2923dd9834420,64563a20e1846d88c4f06072e60b8a60,delivered,2017-10-02 02:00:00,2017-10-02 22:00:00,2017-10-03 22:00:00,2017-10-14 22:00:00,2017-10-31 02:00:00
ea71fc0eefcaa9d2258e95243261f27c,6667c883824f9885c41e2980180395bf,delivered,2018-06-05 22:00:00,2018-06-06 05:00:00,2018-06-08 05:00:00,2018-06-25 05:00:00,2018-06-27 22:00:00
a5d30b9c5d5fa7d3ce4acefcdc13ae19,83de436340c8edb17ddab0ba37e7a359,delivered,2017-07-25 01:00:00,2017-07-25 07:00:00,2017-07-29 07:00:00,2017-08-09 07:00:00,2017-08-13 01:00:00
96febf1df8624c2bc40fae827fb27891,363d3b7f8064eb2838ee1568feee07e6,canceled,2017-08-27 10:00:00,2017-08-27 15:00:00,,,2017-09-26 10:00:00
431e5ca628eef57928848e975a699dab,9d1b779dcc2d9252930dd644e1198ce9,delivered,2018-07-08 01:00:00,2018-07-09 01:00:00,2018-07-13 01:00:00,2018-07-26 01:00:00,2018-08-02 01:00:00
0ade6c31fcdd7b08904ba1718212520f,ca49fe499b0198ceca1d429d9ad79207,delivered,2017-09-24 22:00:00,2017-09-25 13:00:00,2017-09-26 13:00:00,2017-10-21 13:00:00,2017-10-18 22:00:00
0e05985231b1cf87a0193b479df58c2d,322b48edcf171269fe1a2f1d04ac2d09,delivered,2017-11-17 21:00:00,2017-11-18 04:00:00,2017-11-23 04:00:00,2017-11-26 04:00:00,2017-12-05 21:00:00
7b214449d563bf66dff027bb2217ac2e,955395eda46389de2d6b09bab1b7324f,delivered,2017-08-22 04:00:00,2017-08-22 23:00:00,2017-08-27 23:00:00,2017-09-03 23:00:00,2017-09-19 04:00:00
b2d21a7e613c07eca627025177babb3b,0a003f9d7acc0b9c6496f68e8b9a85bc,delivered,2018-08-09 08:00:00,2018-08-10 01:00:00,2018-08-14 01:00:00,2018-08-25 01:00:00,2018-08-29 08:00:00
bb52a663a401bc47294f08cc2197f7b7,04395b6b3968a485dab1d1512ce80248,delivered,2018-05-31 09:00:00,2018-05-31 14:00:00,2018-06-04 14:00:00,2018-06-29 14:00:00,2018-06-23 09:00:00
824923f6926392a1a74b03a81c0eb646,77562b2470d5018277125b3321c11202,delivered,2018-08-20 14:00:00,2018-08-21 03:00:00,2018-08-22 03:00:00,2018-09-05 03:00:00,2018-09-07 14:00:00
203637679d3f625728858b9cc9e40ef4,668a73e8fa244128c1b3227e4a505020,delivered,2018-03-14 22:00:00,2018-03-15 22:00:00,2018-03-19 22:00:00,2018-04-06 22:00:00,2018-04-01 22:00:00
bebf7630adc9f7217c1338388a3d0f6c,963ad4e51219455740095930a3adad40,delivered,2017-07-28 15:00:00,2017-07-28 20:00:00,2017-07-30 20:00:00,2017-08-12 20:00:00,2017-08-10 15:00:00
ec14897375afbb89afa075e7ba992325,ad41935dd102af13701f3bb6cc0c4032,delivered,2017-10-25 09:00:00,2017-10-25 23:00:00,2017-10-28 23:00:00,2017-10-31 23:00:00,2017-11-19 09:00:00
99a0afd80771e287905020dc7e6653b5,c57cea70dc0b9d0a848ddf0f7e0a0d48,delivered,2017-01-31 17:00:00,2017-02-01 09:00:00,2017-02-02 09:00:00,2017-02-10 09:00:00,2017-02-14 17:00:00
196c6dc8e503d716b953544e072f1955,410f685a80030607e9ae8b90e2238e52,delivered,2018-07-09 05:00:00,2018-07-09 16:00:00,2018-07-11 16:00:00,2018-07-15 16:00:00,2018-07-22 05:00:00
368efa54149332a459ae3fb779bf3ba7,fdf109c3e02437a2374f0c2c9c01ae7b,delivered,2017-02-21 19:00:00,2017-02-22 16:00:00,2017-02-27 16:00:00,2017-03-10 16:00:00,2017-03-21 19:00:00
673466fdefa60f335f8ab0e30a098467,432adfc991ea247be817381c1757f919,delivered,2018-06-10 10:00:00,2018-06-11 10:00:00,2018-06-14 10:00:00,2018-07-07 10:00:00,2018-07-10 10:00:00
f571f2d32f453a76c3ea0a5ee2d9fa59,2810ced7a97eaf2a1e1e48d7cfcf992a,delivered,2017-09-12 22:00:00,2017-09-13 09:00:00,2017-09-16 09:00:00,2017-09-28 09:00:00,2017-10-12 22:00:00
b1cce1619bdfc44703557f4f4c86fe01,ec0c05d79f1bf57b7b9adb55c138d80c,delivered,2017-07-05 12:00:00,2017-07-05 13:00:00,2017-07-09 13:00:00,2017-07-18 13:00:00,2017-07-31 12:00:00
2dfa753b9214faf8457326fda3a2f7f5,fb1bf23c1229364d4cfe1c528f76aa72,delivered,2018-06-20 08:00:00,2018-06-21 01:00:00,2018-06-23 01:00:00,2018-07-06 01:00:00,2018-07-14 08:00:00
b2b05ccbabaa49db56581d143a968d50,434abe0dd8babb2ecb42bff3f215bf1e,delivered,2017-01-07 21:00:00,2017-01-08 08:00:00,2017-01-13 08:00:00,2017-01-22 08:00:00,2017-01-21 21:00:00
fe8994f27a1400a5aaaa76a899e00029,972774987905ccc5e34119e531cbfd14,delivered,2018-06-02 10:00:00,2018-06-03 02:00:00,2018-06-04 02:00:00,2018-06-20 02:00:00,2018-06-27 10:00:00
cb7b03e9a341fa77c517fa95855ac022,0a2707466596600a05fa2319764f56c8,delivered,2018-05-04 21:00:00,2018-05-05 07:00:00,2018-05-10 07:00:00,2018-05-29 07:00:00,2018-05-22 21:00:00
14ce462789ab086a908269549fbcb2b1,c1a447e5e343589566a4d9da63c6258f,delivered,2018-01-28 05:00:00,2018-01-28 16:00:00,2018-01-30 16:00:00,2018-02-16 16:00:00,2018-02-27 05:00:00
a767df033a0b5b0d39915bfccd526e64,b9c68fd7339f29de854d863083e6c80f,delivered,2018-07-06 06:00:00,2018-07-07 00:00:00,2018-07-09 00:00:00,2018-08-01 00:00:00,2018-07-22 06:00:00
2af53bbae558904934899ff30503812f,0a0c4ea60007e2331519c716eeca9950,delivered,2017-06-05 17:00:00,2017-06-06 05:00:00,2017-06-10 05:00:00,2017-06-15 05:00:00,2017-07-01 17:00:00
f4e5fdb55c8ebe831dce690892eaef88,e06ce2d2d01fc1db22139dc327750e9b,delivered,2017-03-05 02:00:00,2017-03-05 08:00:00,2017-03-09 08:00:00,2017-03-22 08:00:00,2017-04-04 02:00:00
050cf1e6657030ff4efa632d4b2ef2b1,e814ad2feafa5512c1271bf47601e58e,delivered,2017-04-29 14:00:00,2017-04-29 23:00:00,2017-05-04 23:00:00,2017-05-19 23:00:00,2017-05-19 14:00:00
bb9a86d68fa6228d47bafd4261388aad,1b4008714c54d7ac1ac6439759331d07,delivered,2017-08-15 14:00:00,2017-08-16 12:00:00,2017-08-20 12:00:00,2017-09-08 12:00:00,2017-09-14 14:00:00
e293663330fa62235252ead221127a4d,59178b7596f72674b702f5539792cb50,delivered,2017-09-26 21:00:00,2017-09-27 15:00:00,2017-09-30 15:00:00,2017-10-10 15:00:00,2017-10-08 21:00:00
d65b17e03f344fe712a50d3f73b8f06a,a1af5571006bc64f79f0bd12aa8d9e25,delivered,2018-06-01 17:00:00,2018-06-02 06:00:00,2018-06-03 06:00:00,2018-06-15 06:00:00,2018-06-17 17:00:00
36fde0807f74e8d361fc0cdcdcb3be81,f6a2d9ad58e1872304871f9216a87e5b,delivered,2017-04-07 14:00:00,2017-04-07 18:00:00,2017-04-12 18:00:00,2017-04-21 18:00:00,2017-05-02 14:00:00
4e61125e0a31cbfa05f0b34b7bae0ac4,76f2fbe14dddcc4f0dec0e1c2384e812,delivered,2018-01-09 20:00:00,2018-01-10 18:00:00,2018-01-11 18:00:00,2018-02-04 18:00:00,2018-02-04 20:00:00
e5379fd0230f7d44bd78da81ae1e68e4,bf1d767ae6c30d203c527a807499154a,shipped,2018-06-27 06:00:00,2018-06-27 06:00:00,2018-06-28 06:00:00,,2018-07-22 06:00:00
0dabf86b8a1659e5957b3d060b10f84a,c374fde65d12ca2f092dbd2337c2be05,delivered,2017-10-04 06:00:00,2017-10-05 00:00:00,2017-10-07 00:00:00,2017-10-18 00:00:00,2017-10-17 06:00:00
f809bd434fccbfcd4b12c617e2d79fd9,c4a66edcd76a08df6f4a2af2b170926d,delivered,2017-12-10 11:00:00,2017-12-10 16:00:00,2017-12-14 16:00:00,2018-01-01 16:00:00,2018-01-01 11:00:00
ea631029bb2de18e0591dcc5bf28d3e4,2e7f23b749a9c27ab06589db136209c4,delivered,2018-07-15 14:00:00,2018-07-16 11:00:00,2018-07-19 11:00:00,2018-08-05 11:00:00,2018-08-11 14:00:00
894ba14bf9fab26f51fdeedf6f36a9c9,f44d058ab79204ebc623d9d0df8f2b69,delivered,2017-08-11 01:00:00,2017-08-11 05:00:00,2017-08-15 05:00:00,2017-08-31 05:00:00,2017-09-03 01:00:00
06098bc95030b8ec75c19ae3056666e3,9fc2810b1d4d344d68e8c27e77ab931a,delivered,2018-02-23 17:00:00,2018-02-23 19:00:00,2018-02-24 19:00:00,2018-03-21 19:00:00,2018-03-18 17:00:00
a5ec89512b2e982367ecdf6fc221cac4,5b2ae3f01deb97c0a448dd5436bbc952,delivered,2018-03-01 16:00:00,2018-03-01 21:00:00,2018-03-02 21:00:00,2018-03-17 21:00:00,2018-03-14 16:00:00
794deba8b275fc8cd0d4d137f0d27cb3,083c16971af95401b4ce684e7f20ac12,delivered,2017-09-11 05:00:00,2017-09-11 09:00:00,2017-09-14 09:00:00,2017-10-01 09:00:00,2017-10-04 05:00:00
d0219bdfc557387335a3dd256525645e,fc5740bed7268fab47a3761ca76f23a2,delivered,2017-02-28 20:00:00,2017-02-28 22:00:00,2017-03-05 22:00:00,2017-03-30 22:00:00,2017-03-24 20:00:00
d2b5b9f2418352c2316e76d37fe7a5b4,9486078193ce40d5ee453188f57e6f5d,delivered,2018-03-30 00:00:00,2018-03-30 11:00:00,2018-03-31 11:00:00,2018-04-13 11:00:00,2018-04-19 00:00:00
9d9b038bc0f1b5d23be11bd0f15a47d0,ef6e14c7e79690b5554204c2e0afe4e0,delivered,2018-07-13 00:00:00,2018-07-13 20:00:00,2018-07-14 20:00:00,2018-07-31 20:00:00,2018-07-29 00:00:00
31237ee4973365d272df95ff2d455678,55f39eb4206206d67c225ec2dfcd4047,delivered,2018-03-10 13:00:00,2018-03-11 12:00:00,2018-03-14 12:00:00,2018-03-25 12:00:00,2018-03-30 13:00:00
b0372c9235f3e7dd566dc2093d0130b7,fbc3f5b175cf86653aa46a18cfae89a2,delivered,2017-10-04 05:00:00,2017-10-04 19:00:00,2017-10-06 19:00:00,2017-10-18 19:00:00,2017-11-01 05:00:00
026f167de30950f97a1028c3ed84c7a3,383ffa631c55c19cdfd47ee57dfd9faf,delivered,2018-06-15 08:00:00,2018-06-15 23:00:00,2018-06-19 23:00:00,2018-07-02 23:00:00,2018-07-01 08:00:00
6725b98c32c193ff8b049bbf3d690065,694f9678ba4240dfa9cef0b45059f099,delivered,2017-05-09 03:00:00,2017-05-09 21:00:00,2017-05-12 21:00:00,2017-06-04 21:00:00,2017-05-27 03:00:00
df2738ac4fc5e0a694dfe71650b403ff,da7c57aa7dd9a0ab309c9c247f50a04c,delivered,2018-02-04 15:00:00,2018-02-05 08:00:00,2018-02-07 08:00:00,2018-02-12 08:00:00,2018-03-04 15:00:00
eca09df2121683551d23144792e916a1,aab7f4be4257ee34fc852065ad6792bb,delivered,2017-01-06 11:00:00,2017-01-07 08:00:00,2017-01-10 08:00:00,2017-01-14 08:00:00,2017-01-31 11:00:00
5340b3b699c0ba3aaaad82a74d4e715f,38955f643756a92490b583dcd2502c05,delivered,2018-02-28 05:00:00,2018-02-28 15:00:00,2018-03-01 15:00:00,2018-03-14 15:00:00,2018-03-29 05:00:00
825e30d2346683adc68faf12bd02c8fb,bb6329e894d9de10626bebe2d7e3fd17,delivered,2018-05-13 18:00:00,2018-05-14 05:00:00,2018-05-16 05:00:00,2018-06-07 05:00:00,2018-05-28 18:00:00
751f880400d4daf42193657e330c6855,734d7bc5eab615cd8697dcadd57097e6,delivered,2018-06-21 13:00:00,2018-06-21 15:00:00,2018-06-22 15:00:00,2018-07-07 15:00:00,2018-07-11 13:00:00
4c9a62759543c8ae95f7c4b4c308cbdb,db0696a1ce575d16953d33511088c3ac,delivered,2017-03-21 18:00:00,2017-03-22 16:00:00,2017-03-27 16:00:00,2017-04-16 16:00:00,2017-04-12 18:00:00
07ab04ec75cf5b32a655f42737fa203c,e8b2afcfc6faf9a0a4be23f090d26d99,delivered,2017-08-26 18:00:00,2017-08-26 19:00:00,2017-08-28 19:00:00,2017-09-11 19:00:00,2017-09-21 18:00:00
8311a3360d7653fe55bf103fa6ffaa62,19a7c4b13a5c532edf343a20c650a8d4,delivered,2017-07-02 12:00:00,2017-07-03 05:00:00,2017-07-07 05:00:00,2017-07-23 05:00:00,2017-07-28 12:00:00
89a829aa142577ada9af3a059f7c8651,f2aff20365fdd0257c3812d8e91bdfdc,delivered,2018-06-30 16:00:00,2018-07-01 05:00:00,2018-07-04 05:00:00,2018-07-23 05:00:00,2018-07-21 16:00:00
d82c39bce53696d81a4673ec78237588,5200bc12b5197a150eca885079671286,delivered,2018-06-15 17:00:00,2018-06-16 12:00:00,2018-06-21 12:00:00,2018-07-02 12:00:00,2018-07-12 17:00:00
9e3c5f314e91c9f8231b392cbbba8321,3b16c41d553b7db79a74d23086d6dc2f,delivered,2018-04-11 14:00:00,2018-04-12 00:00:00,2018-04-14 00:00:00,2018-05-06 00:00:00,2018-04-29 14:00:00
145df5f473bdc17c37f5a6c9acadb6d9,023063828644833ebc8b6970730d2c44,delivered,2018-07-02 06:00:00,2018-07-02 23:00:00,2018-07-06 23:00:00,2018-07-19 23:00:00,2018-07-31 06:00:00
357774991d04f5c4c15e4aafaad4f643,8d487c32b4be74d0f9b09bff31ed5e54,delivered,2018-11-09 06:00:00,2018-11-09 10:00:00,2018-11-11 10:00:00,2018-11-19 10:00:00,2018-11-27 06:00:00
98d8b69958d6fa81bc951432b5547345,789d55f9a13ab5bb7e8bdab5bd7aff93,delivered,2019-02-02 06:00:00,2019-02-02 11:00:00,2019-02-07 11:00:00,2019-02-14 11:00:00,2019-03-04 06:00:00
a37572589a17d8504bf49d13b4b60591,78f5d15fefd8bec8b95e7269ec8b29e9,delivered,2019-03-16 06:00:00,2019-03-16 08:00:00,2019-03-18 08:00:00,2019-04-09 08:00:00,2019-04-01 06:00:00
69ff1191ac584c167fbaf0b948aacd0a,0ffdab65f12e608bb82b97c24c96c79e,delivered,2018-02-19 02:00:00,2018-02-19 11:00:00,2018-02-22 11:00:00,2018-03-10 11:00:00,2018-03-05 02:00:00
cb66839be81c4c161072d09b0aba474a,25ae006ca648362ea4ed87f135d9731d,delivered,2018-06-20 18:00:00,2018-06-21 15:00:00,2018-06-26 15:00:00,2018-07-18 15:00:00,2018-07-18 18:00:00
7ef5383dceb0559517946e7f4cd27f56,c2110d94991f8cd8444781be237f54da,delivered,2018-05-13 09:00:00,2018-05-14 02:00:00,2018-05-17 02:00:00,2018-06-04 02:00:00,2018-06-09 09:00:00
4d020ff2d9a1cf95fbabb543270c3c3d,dd759a71bf58b0b1ab64e5870734bba0,delivered,2017-11-14 02:00:00,2017-11-14 03:00:00,2017-11-17 03:00:00,2017-12-09 03:00:00,2017-12-08 02:00:00
2b8e69634d27b06905146e32de67ed32,b950165820161fcf6ac34342f504c7ca,delivered,2017-07-11 18:00:00,2017-07-12 09:00:00,2017-07-15 09:00:00,2017-08-09 09:00:00,2017-08-09 18:00:00
f10f41406aa2fcc7e8d00c769bdfd91d,4f5be1f70ac42f1cfc38bfd306b17eec,delivered,2018-06-02 16:00:00,2018-06-03 03:00:00,2018-06-06 03:00:00,2018-06-22 03:00:00,2018-07-02 16:00:00
df668c9985af9ca3bf9546dcdf2c3adf,2a57e132293b7b1f396f0d0362f418f7,delivered,2017-12-06 04:00:00,2017-12-06 07:00:00,2017-12-08 07:00:00,2017-12-18 07:00:00,2017-12-24 04:00:00
d0f88c1edfec2d7edbbf300bf053526e,8210703ce4d553f70da4b892e5ba6576,delivered,2018-01-14 15:00:00,2018-01-14 20:00:00,2018-01-19 20:00:00,2018-02-03 20:00:00,2018-01-27 15:00:00
e681b071378ca8bb041d45f5d10fe0a5,45b0bb740e73d29d3b07092cfd526f8b,delivered,2017-08-27 06:00:00,2017-08-28 03:00:00,2017-08-31 03:00:00,2017-09-20 03:00:00,2017-09-10 06:00:00
34662d81df2a93e09d6a85c6d5ac4492,fd46353bd07832bb2d195bf41134bdfe,delivered,2017-09-01 06:00:00,2017-09-01 18:00:00,2017-09-04 18:00:00,2017-09-17 18:00:00,2017-09-25 06:00:00
19730453981bc548f02bb279e0e225fd,5ea56ff6aeeaff143059db618bd06951,delivered,2017-11-30 02:00:00,2017-11-30 05:00:00,2017-12-02 05:00:00,2017-12-06 05:00:00,2017-12-15 02:00:00
4f1a9d593dd92173ce1de4b870f80cbe,eda4ed77dabd364d1c1a9a23c682aa52,delivered,2018-02-24 02:00:00,2018-02-25 01:00:00,2018-03-02 01:00:00,2018-03-18 01:00:00,2018-03-14 02:00:00
cbbcd7ff199cdb5960294fe48bdb348f,d33498ccef7d50f5fbfd24e6d134e1ce,delivered,2018-04-28 02:00:00,2018-04-28 23:00:00,2018-04-30 23:00:00,2018-05-11 23:00:00,2018-05-10 02:00:00
b40ae22efb91beaa7cff0d7da52328ff,fb1b061d5f39c43d7db3efc5975f4450,delivered,2018-10-10 02:00:00,2018-10-10 10:00:00,2018-10-12 10:00:00,2018-10-22 10:00:00,2018-11-02 02:00:00
be65cf3dd0313c13d6e087afc96209ef,9cb429336a83f6679f1e725da4807bf1,delivered,2017-07-11 15:00:00,2017-07-12 10:00:00,2017-07-14 10:00:00,2017-07-17 10:00:00,2017-08-03 15:00:00
e81227327e12ff9bac4bb92f3d321357,38720ab14a8696464aefc2cf786f3a5f,shipped,2018-02-03 16:00:00,2018-02-03 19:00:00,2018-02-06 19:00:00,,2018-02-15 16:00:00
3aacac45e53b499425d7b12783c88104,caf35eeb0563c6845ac2bfe0e479f626,delivered,2018-05-06 10:00:00,2018-05-07 02:00:00,2018-05-12 02:00:00,2018-06-01 02:00:00,2018-05-21 10:00:00
0d756bea2d5ddcda71a3cb338b01b0c2,d3cc2e59c6947752e89ee608b6d81ab0,delivered,2017-08-08 20:00:00,2017-08-09 01:00:00,2017-08-11 01:00:00,2017-08-30 01:00:00,2017-08-27 20:00:00
894e1f0bb884c6c94786dd5fa5d015d7,5ab12511811e83f61973f26481fa7644,delivered,2017-05-04 00:00:00,2017-05-04 10:00:00,2017-05-05 10:00:00,2017-05-16 10:00:00,2017-05-23 00:00:00
184dab1468bb59d3f836c96448f74721,b8e68f5b125a6f73e231066026587240,delivered,2017-02-09 13:00:00,2017-02-10 00:00:00,2017-02-13 00:00:00,2017-03-02 00:00:00,2017-02-27 13:00:00
304182fde201ed0cfcd248f8edeb0253,a542d085a96af085c063be5024dea1db,delivered,2018-08-02 04:00:00,2018-08-02 17:00:00,2018-08-06 17:00:00,2018-08-20 17:00:00,2018-08-18 04:00:00
b08b5c22d4eafd19799cf2483a175c81,fbadf5bb30b84777dee4ce9f6def1ab0,delivered,2017-01-19 15:00:00,2017-01-20 04:00:00,2017-01-23 04:00:00,2017-02-01 04:00:00,2017-02-11 15:00:00
7d9177d264b9e4126553c2b83338ec24,9a6ad6a04a8ffd65aed8012743a2b459,delivered,2017-10-16 15:00:00,2017-10-16 19:00:00,2017-10-17 19:00:00,2017-11-01 19:00:00,2017-10-28 15:00:00
cd8074b7b47827ed264930134a82a7ea,531ceababdeb0d101aee17e9cce120ce,delivered,2018-02-03 05:00:00,2018-02-03 18:00:00,2018-02-07 18:00:00,2018-02-12 18:00:00,2018-03-03 05:00:00
39bf468b577529ae47b2d92ec49e2d01,062cc5532da4c5d9bcaeaf2e7aa927ef,delivered,2017-09-29 15:00:00,2017-09-30 05:00:00,2017-10-04 05:00:00,2017-10-25 05:00:00,2017-10-25 15:00:00
6b32497bdd1ed4085d6fc14aa095e132,aa10da7e345d9ab5c13934047d9ac431,delivered,2018-05-01 16:00:00,2018-05-01 21:00:00,2018-05-02 21:00:00,2018-05-08 21:00:00,2018-05-29 16:00:00
9ddb99b072c704154b4e170e9ec68909,096e3ad900829b7cfe157a74ce3a2cd1,delivered,2018-06-20 10:00:00,2018-06-21 00:00:00,2018-06-26 00:00:00,2018-07-04 00:00:00,2018-07-20 10:00:00
20ca37b95f4527d6dd14d35e3af4e2dc,62bc2502600aca3c9f9e45793b0d33e1,delivered,2018-04-09 13:00:00,2018-04-10 01:00:00,2018-04-11 01:00:00,2018-04-14 01:00:00,2018-05-05 13:00:00
eab0a8261fa5c02566e8dfefae36a967,897b3686b9ddb571b9f0b2e780a5e3ef,delivered,2018-08-18 21:00:00,2018-08-19 08:00:00,2018-08-23 08:00:00,2018-09-17 08:00:00,2018-09-01 21:00:00
d079bf467f74594bf9384b4c5ad87125,6746c88dd96c59522ee433f6fe290032,delivered,2018-02-12 13:00:00,2018-02-12 19:00:00,2018-02-17 19:00:00,2018-03-08 19:00:00,2018-03-02 13:00:00
d0005fd0b8ffce23069cf9fe74fefd13,e0ebbf51e3bccb23ae22a98fae9f43ce,delivered,2017-02-26 21:00:00,2017-02-27 06:00:00,2017-03-03 06:00:00,2017-03-10 06:00:00,2017-03-11 21:00:00
f10257a56212c80266d7553978495f53,7894329b91aeee4372a98ef0eae90143,delivered,2017-01-30 02:00:00,2017-01-30 03:00:00,2017-02-01 03:00:00,2017-02-09 03:00:00,2017-02-11 02:00:00
55531aed6718ea95c97bed8e91b665cc,306f09f7e24f922f1468968d1b1cff87,delivered,2018-08-14 08:00:00,2018-08-14 13:00:00,2018-08-17 13:00:00,2018-09-11 13:00:00,2018-09-05 08:00:00
b14438034968db32196da162e6399b35,b62e9682310c7e7eb9ee53cea9e16008,delivered,2017-03-02 23:00:00,2017-03-02 23:00:00,2017-03-06 23:00:00,2017-03-12 23:00:00,2017-03-23 23:00:00
40fff2f66c16354ca8da04a7393bfd5f,1ac3371fa8283eaf189e559e7eb4b7b4,delivered,2018-08-16 01:00:00,2018-08-16 20:00:00,2018-08-17 20:00:00,2018-09-01 20:00:00,2018-09-14 01:00:00
e6ee06e4be7364429180de3b3ad9d536,0dc7ebe4f3b41b25a431efa073973573,delivered,2017-07-04 18:00:00,2017-07-05 18:00:00,2017-07-09 18:00:00,2017-07-18 18:00:00,2017-07-23 18:00:00
39238eddf050480430a222acb1b34e8c,e874d57ab2417db32c8fb1976009980f,delivered,2018-01-09 17:00:00,2018-01-10 08:00:00,2018-01-15 08:00:00,2018-01-20 08:00:00,2018-01-28 17:00:00
b2120875cf702de579448aadfb306592,40b02f61276242fef49bf8fc928acbe8,delivered,2018-08-19 14:00:00,2018-08-19 17:00:00,2018-08-23 17:00:00,2018-09-03 17:00:00,2018-09-01 14:00:00
c0f0ef36a40c3bb9f26d37eb8d2d4e03,fe3cdf0fe92de38e0e08210aeda55f05,delivered,2017-04-16 10:00:00,2017-04-16 14:00:00,2017-04-21 14:00:00,2017-05-10 14:00:00,2017-05-04 10:00:00
9d62abe11de8e57ed38622885e80bf26,92cf861423627d231f9d2e7d55c1216e,delivered,2017-07-12 08:00:00,2017-07-13 05:00:00,2017-07-15 05:00:00,2017-08-04 05:00:00,2017-08-03 08:00:00
d6e9cc7c9b2cc6b26881bd60ef3737ef,fcd3875cfe01d2f90e2b8dfed71c5876,delivered,2017-05-17 16:00:00,2017-05-18 02:00:00,2017-05-20 02:00:00,2017-05-26 02:00:00,2017-06-01 16:00:00
a06c69065312a340ab9c0a80a13cc87e,8d0b7ef236618948d9e315e32b262d41,delivered,2017-01-09 08:00:00,2017-01-09 22:00:00,2017-01-14 22:00:00,2017-01-29 22:00:00,2017-01-31 08:00:00
c9d39a2725644d8a09ed377f65467cfd,00481819d848c84c47ab089fc47662b7,delivered,2018-07-12 09:00:00,2018-07-13 09:00:00,2018-07-14 09:00:00,2018-08-04 09:00:00,2018-08-04 09:00:00
72e5ac507706090de80a3e28cc2ac789,632b64c5f416e62633ed4fa634efccfb,delivered,2018-08-17 07:00:00,2018-08-17 11:00:00,2018-08-22 11:00:00,2018-09-09 11:00:00,2018-09-16 07:00:00
20f1bdcc18e12cbf231b22372d6584ec,4677ee947c790ae42c3cc2206c24d027,delivered,2017-11-08 02:00:00,2017-11-08 05:00:00,2017-11-09 05:00:00,2017-11-22 05:00:00,2017-11-29 02:00:00
30b76ffe7265275d02aa254f64cd54a9,c9e36307f32b6a35a2609aea4db402b1,delivered,2017-04-08 22:00:00,2017-04-09 03:00:00,2017-04-10 03:00:00,2017-04-22 03:00:00,2017-04-21 22:00:00
87657d1028d29c08e987a8de153a2a30,3d23825d4052b375040dfc96999f7278,canceled,2017-03-28 05:00:00,2017-03-28 22:00:00,,,2017-04-23 05:00:00
61623bef4de7bb27c194c25a1136c096,0881c5fdd015e5cbfd2b2cd5f24cf421,delivered,2018-06-22 15:00:00,2018-06-23 07:00:00,2018-06-27 07:00:00,2018-07-01 07:00:00,2018-07-09 15:00:00
26050196f2fbdac136850ced7d99b3ec,d248db3aad861b3872a33062abe1f359,delivered,2017-11-09 22:00:00,2017-11-10 03:00:00,2017-11-13 03:00:00,2017-12-04 03:00:00,2017-11-26 22:00:00
db2359ece80d2012155e0dc961e21b85,2afc787b861a9188aa91302f5bc82112,delivered,2018-02-21 19:00:00,2018-02-22 18:00:00,2018-02-27 18:00:00,2018-03-05 18:00:00,2018-03-11 19:00:00
120161c06c228aba27ac4fb7600d828d,50aa79026a9f55dfad636f43b163a134,delivered,2017-10-23 04:00:00,2017-10-23 05:00:00,2017-10-26 05:00:00,2017-11-10 05:00:00,2017-11-13 04:00:00
becc8b1bc598006a4e1cea922f78c321,c9c23ec1e936f11b7b4462f9ba5426d7,delivered,2018-05-20 15:00:00,2018-05-20 23:00:00,2018-05-22 23:00:00,2018-06-09 23:00:00,2018-06-17 15:00:00
d75c6c2dd4c4a4abfd99ddd8a8a1f9cc,495c948fd806d32899adabdb9136ab79,delivered,2018-04-05 19:00:00,2018-04-06 13:00:00,2018-04-09 13:00:00,2018-05-04 13:00:00,2018-04-18 19:00:00
ea7ff80858f02579631e2e41f09c31bc,f133d4c41300d3e075cc160346a195a6,delivered,2018-01-23 05:00:00,2018-01-23 11:00:00,2018-01-28 11:00:00,2018-02-13 11:00:00,2018-02-14 05:00:00
202112a8615abe5f316f40433d49362e,a9d5154f26a518c9beb182c6e28b8d9c,delivered,2018-02-26 05:00:00,2018-02-26 05:00:00,2018-03-02 05:00:00,2018-03-16 05:00:00,2018-03-17 05:00:00
5aa1031d8d23398cb538dc0138141d7e,6a645874cff5950990dd9b6dccbe559f,delivered,2018-08-14 05:00:00,2018-08-14 16:00:00,2018-08-16 16:00:00,2018-08-28 16:00:00,2018-08-27 05:00:00
fe9500ab563df88815d1208980ffaee8,a727902bf563f9c0a3c327bf94458265,delivered,2018-11-06 05:00:00,2018-11-06 21:00:00,2018-11-08 21:00:00,2018-11-16 21:00:00,2018-11-22 05:00:00
fdbcb7e25da7b09febeab9d7e798054f,ef5a4025c3f1f88bf465a63f1c427ad8,delivered,2018-05-09 17:00:00,2018-05-10 17:00:00,2018-05-15 17:00:00,2018-06-09 17:00:00,2018-05-27 17:00:00
6f2aa5c5654e83f6cd22d7b95756df54,cff10b3d44ab8ecec6c03a3abf468efb,delivered,2018-04-22 17:00:00,2018-04-22 19:00:00,2018-04-23 19:00:00,2018-05-06 19:00:00,2018-05-15 17:00:00
26413a68074abc71b82b68128a8d7ecc,ebc337604ad8615173d5578d045d4743,delivered,2018-04-28 07:00:00,2018-04-28 22:00:00,2018-04-30 22:00:00,2018-05-18 22:00:00,2018-05-16 07:00:00
aaf7921f05c5e5808eb4faa3b04844e9,39f16220d7b2c0ee4da6bd8ad3a9fcc6,delivered,2018-07-30 09:00:00,2018-07-31 01:00:00,2018-08-03 01:00:00,2018-08-09 01:00:00,2018-08-20 09:00:00
9e96f644c6db1d77a1b72d0ab6123aeb,64f04f7d171cf636e523e63c9846e30a,delivered,2018-02-17 06:00:00,2018-02-18 01:00:00,2018-02-22 01:00:00,2018-03-03 01:00:00,2018-03-19 06:00:00
d25e434c37d8d41df35bb72a6b4eda44,50e9b5ff7c45de70cdab36c516484392,delivered,2017-12-19 03:00:00,2017-12-19 11:00:00,2017-12-20 11:00:00,2018-01-05 11:00:00,2018-01-01 03:00:00
4df911df2ca04b5984405a46cbf27106,69bd869f9082575e10ac6b96330f2c12,delivered,2017-08-01 15:00:00,2017-08-02 09:00:00,2017-08-07 09:00:00,2017-08-12 09:00:00,2017-08-17 15:00:00
7ccad5d606fa386462f9b1f646931954,61c18964c862e3bce0e2d96e141e4387,delivered,2018-01-01 09:00:00,2018-01-01 20:00:00,2018-01-02 20:00:00,2018-01-05 20:00:00,2018-01-26 09:00:00
7a732407e7005cf09fbc535eadce74f6,b896894e58b1c0fdcb5cb78bed461810,delivered,2017-01-19 12:00:00,2017-01-19 21:00:00,2017-01-20 21:00:00,2017-02-01 21:00:00,2017-02-08 12:00:00
78fc8716fe8ce2e28661cad06af27ff4,6dd69c92b97495a1d5a8480d47d4187c,delivered,2018-05-27 00:00:00,2018-05-27 00:00:00,2018-06-01 00:00:00,2018-06-07 00:00:00,2018-06-23 00:00:00
685fbe1bcc6bf4db6c0318b53982f87f,d4ea3a341a0d8bf2af0f0307d0fe16af,delivered,2018-01-02 17:00:00,2018-01-02 22:00:00,2018-01-04 22:00:00,2018-01-08 22:00:00,2018-01-31 17:00:00
b0c3bc629100b08e77ea26f0bd9bdcf0,fdaa7b3503f7ee364d4f20fd71a4cf22,delivered,2017-09-24 22:00:00,2017-09-25 04:00:00,2017-09-28 04:00:00,2017-10-10 04:00:00,2017-10-15 22:00:00
56f4fdf9645ebe9b1a339b77cd8d044e,22761bbc31bed890c397bfca0a34168a,delivered,2018-01-29 02:00:00,2018-01-29 18:00:00,2018-01-30 18:00:00,2018-02-19 18:00:00,2018-02-24 02:00:00
087993a1fc32c016c793b529210c497a,4564cf6d0282fd933e3a259bf12437db,delivered,2017-03-26 19:00:00,2017-03-27 12:00:00,2017-03-30 12:00:00,2017-04-20 12:00:00,2017-04-08 19:00:00
2fcfaaefb6201155a0df18e19abcf128,fd830b1f94bb5011e155382cce19b238,delivered,2018-08-04 11:00:00,2018-08-04 19:00:00,2018-08-09 19:00:00,2018-08-17 19:00:00,2018-08-24 11:00:00
1309d2ecce1b102a2d30e3ca38290fcb,4b6cb2b01e6b2ef096872a23b04b7912,delivered,2017-12-23 10:00:00,2017-12-24 08:00:00,2017-12-28 08:00:00,2018-01-05 08:00:00,2018-01-12 10:00:00
5ba47d15fe02c8d5b0e25e74e4195bd1,e381a3da0f3bad0fe7fd636327acb4e6,delivered,2017-06-03 08:00:00,2017-06-04 07:00:00,2017-06-06 07:00:00,2017-06-22 07:00:00,2017-06-26 08:00:00
