review_id,order_id,review_score,review_comment_title,review_comment_message,review_creation_date,review_answer_timestamp
00f24a96eb821435382afbde7ef55011,5804550b6c0c32f90dfabe46dbd3e865,3,,,2017-03-08 13:00:00,2017-03-08 13:00:00
3ef7839f8df4097bd8f8001856fe4769,348f9ce0603bc183bd75f95ccea95510,5,,,2018-05-15 23:00:00,2018-05-16 23:00:00
c8dfd1f114d72283ba303cce359097e0,efa52c8a56a049431c687714e2901d96,5,,,2017-02-09 11:00:00,2017-02-12 11:00:00
4128d40b5fc57ff4d7a998eaef7cdb39,868592d25fb68406b6658a3452630028,1,,,2018-06-30 09:00:00,2018-07-01 09:00:00
1e5bc68b193156f53a4d45fded360bb7,6d150b06561c9af39f021a1983239ba9,3,,,2018-07-06 00:00:00,2018-07-08 00:00:00
6dc560443016b62bd88675455025ac18,30cdf14946434f21d86f4bb4aefc6ef1,2,,,2017-12-21 12:00:00,2017-12-21 12:00:00
f2dd85f63446c0f0619e17fffaec8f42,7ff2e80a027a76dcbce0caeff17fa5c0,5,,,2018-02-02 15:00:00,2018-02-05 15:00:00
1c59b736fd561b27283379b8641f79aa,1ab444a72be26bd117deace84dfd3ecd,4,,,2017-12-30 23:00:00,2018-01-02 23:00:00
b62e8f02d7b73862b347f1d458c6b1c6,798b2f02aa2fd9d1b5ad09f5d161a381,1,,,2017-08-25 22:00:00,2017-08-28 22:00:00
c161b06c1397b5425e653990fecd0ded,a8b97820e92c5b92627967a3753439c0,4,,,2017-09-30 23:00:00,2017-09-30 23:00:00
d770a46e4775d7abd2077bc478858b6d,bfeeb533acf59149b1c9d0dca38cc35f,5,,,2017-08-16 02:00:00,2017-08-17 02:00:00
176519e73332432b3d10fa95e8a44238,ad68fb4502deb2e6c37a927babe05b22,5,,,2017-05-21 07:00:00,2017-05-23 07:00:00
10e6717638583966757256f63677f5b4,0b44676d2ac39be9b958d1532afa5f6a,4,,,2017-08-31 06:00:00,2017-09-03 06:00:00
9bc8d6f60484a1b355c974a411489054,693da46c37f39aace2ad828b113c9f25,5,,,2017-12-04 22:00:00,2017-12-07 22:00:00
225f52ab542504b8e098d2e3bd3fdb62,b462931f966456be80e022c83b803c61,4,,,2018-04-17 03:00:00,2018-04-20 03:00:00
cb946541d4cae4328c813e5397b6a461,8a1055c534b0738e3e04078257bd0ca8,1,,,2017-11-19 21:00:00,2017-11-20 21:00:00
9b247a558fe88b776009a05a48817b98,4d9802023fbc75e09b1911122d2ae08e,5,,,2017-11-29 19:00:00,2017-12-02 19:00:00
a28e08417d165228b589717e8275b18a,7dcfe9245fcf5c22b9b03c1abaf9706d,5,,,2017-06-27 19:00:00,2017-06-29 19:00:00
e041f0a33056b87fe8f26d6384bed7ed,073bca43ad2a3a7cb4e10c33a1861de1,5,,,2017-09-21 11:00:00,2017-09-21 11:00:00
366b3575d07a9518912cf322735e8153,16c068e8de922cf1ba47680feca04629,4,,,2018-09-05 03:00:00,2018-09-05 03:00:00
01dbeb73cab285dc85b7b77436089374,2a873e02a2ed50b9de4cf8bc1bf43b9f,5,,,2017-10-04 15:00:00,2017-10-04 15:00:00
afa9d02c9e4c4be773b0e73d5e516bf8,50b281c0ffdba2ee57d3ec63e3e103bb,4,,,2018-01-02 06:00:00,2018-01-03 06:00:00
92678e10e050df248522496adeaf0fa9,f521cf35a358c4d3fc76627b00cd11a8,5,,,2018-05-13 19:00:00,2018-05-14 19:00:00
b81bda1d386a905047c58839c42cd0ba,ac4dcd33d51528af4d25298f164b85f0,4,,,2018-10-19 19:00:00,2018-10-22 19:00:00
efed098b979a7368bd96bb0a5719d3e4,394b5d35df377ff855327432b118cad6,3,,,2018-07-03 20:00:00,2018-07-03 20:00:00
f1613babd0ef1299250b1c5a50e08a81,93b0d27e61547769f43dd74050392a8c,5,,,2018-09-23 05:00:00,2018-09-26 05:00:00
e9917f60a8c4a0cad0a4a31afc00f3e7,bf3f51d52557c82c488c6ea499f9a338,3,,,2018-12-19 18:00:00,2018-12-21 18:00:00
935fe6e2db2c1379b9d859f55cbad410,592aa87bfd853cf8793228b9ad8ac4bc,5,,,2019-01-20 08:00:00,2019-01-20 08:00:00
71f34593a737d19ba1e09bf146748ee4,faf36aec1e0a71570d6ed01ef1efa963,2,,,2017-03-21 13:00:00,2017-03-24 13:00:00
95b04f8ad64f10b584d6b400105dd35c,b198047f4612d4247ac067a69297eaac,5,,,2018-06-25 01:00:00,2018-06-28 01:00:00
f23b1efb0bd18d4a4cf41edd3f9304fa,ccee6b1c727dda848e023ef0015ce9f4,5,,,2017-05-25 06:00:00,2017-05-25 06:00:00
e75641e0a65741db61bc7c5642bb8f63,9b2e18c05a24591dff2e1955fc6bc66b,1,,,2018-09-09 21:00:00,2018-09-11 21:00:00
c72fa86e55616496e8c44e4c5ce1bcc2,b261ad5ca214245cfecfdd7244f760a8,4,,,2017-06-22 15:00:00,2017-06-22 15:00:00
4251d2f020a8926097a1a2f67a139e90,ba73aa4e86c71c162cfcbb3f1f9deccd,5,,,2017-08-28 06:00:00,2017-08-31 06:00:00
4251d2f020a8926097a1a2f67a139e90,ba73aa4e86c71c162cfcbb3f1f9deccd,5,,,2017-08-28 06:00:00,2017-09-01 06:00:00
bade33a013a22a821458771da27a2bda,f978d269a3a22f35b9b513c7eb1efddc,1,,,2017-06-24 12:00:00,2017-06-24 12:00:00
5f8f85382ba4d656610c5ade7ed99a6b,6c8a30c1f2ca2002f650885202bce2e0,5,,,2017-11-11 16:00:00,2017-11-14 16:00:00
27599511e604bfbe83aa622f8772df4a,919fa02ea194c7b1bcef40f800926d61,5,,,2017-11-04 18:00:00,2017-11-04 18:00:00
f2c8c25e32f1227caa8c662d290a3d67,89534e152ea37b78e466c9376da7c95b,1,,,2017-09-18 18:00:00,2017-09-18 18:00:00
c2ca55ed15263fef7c65dbfb483fca72,c7c432a0c3af3d93c0476d80532bd70a,5,,,2018-07-31 07:00:00,2018-08-02 07:00:00
31328995fd8ac696461bcbc309d261e0,1d71f339c44842af47f8b6f13fdd0e2b,1,,,2019-02-19 13:00:00,2019-02-22 13:00:00
47b885fa78d8cdd6490a886c36442939,38c6430f3b3ed7bdfae96dd3a2209a31,5,,,2017-03-16 03:00:00,2017-03-18 03:00:00
eced9c30721df83cb46499f43163b274,c53d1af98d40aeb2aed690cc037f5347,5,,,2018-01-26 20:00:00,2018-01-27 20:00:00
30b05a0bb19d1860f8f40e49cb5d2aff,b62b9f628ced48ea6b0ffa793113b13a,5,,,2017-08-16 17:00:00,2017-08-16 17:00:00
25ec77e4a3bdd4d60a01d8b64ab63e0f,9b72a9fe669e098d63e73896c784ef4b,4,,,2017-06-29 19:00:00,2017-06-30 19:00:00
61c9815eb0285484beeac4d3b8fc7513,f8e351ea9aebbc3ea1f7815758f34359,2,,,2017-09-29 08:00:00,2017-09-29 08:00:00
64ea1dd3d147a0bf2d7ffe23e29ff19c,c0bde748dbb464a3cec79642a13a9da2,1,,,2018-04-17 21:00:00,2018-04-18 21:00:00
c279d9137afd292323a4957133cb59ef,232585b486daf596b96c2da019a8ec19,5,,,2017-09-21 14:00:00,2017-09-21 14:00:00
5c494d631e4c3fdf556efce49d9e4da2,1f81e0978b2a3730a0a2e9bd447809c0,1,,,2018-05-28 05:00:00,2018-05-28 05:00:00
cbfe68f0b8a9f704725aa10d63fe557c,e4a35a102674d1ff6cdcd3beadef5777,3,,,2017-07-20 22:00:00,2017-07-21 22:00:00
b18925a6c6cec51b93efb5c486e5edf4,5a44914362908017c47d336f2e8f2f7f,2,,,2017-11-12 17:00:00,2017-11-15 17:00:00
1b2375d0b38f10f20dd867e55f26b2a6,2233212af5264ea279533cb78ef1a114,3,,,2017-01-21 07:00:00,2017-01-24 07:00:00
6c726915d52a85c86579dc2202c837b6,d4c0df2891b5fcb40331bd0d13ba8d24,4,,,2017-02-21 08:00:00,2017-02-22 08:00:00
1ab9f6621bc02912451972c431d9dd32,fa59607b60a7ca57858117a1178926f3,5,,,2017-08-22 13:00:00,2017-08-25 13:00:00
31e3e608800e295265ec4424f56febb1,c1ab639802cf63a898dc4031363fbae9,1,,,2017-09-18 15:00:00,2017-09-20 15:00:00
56ca0fb321962a11c90cd1d3728e1002,2672a20cc66a5821ceb7f2d6808eadf2,1,,,2018-01-02 01:00:00,2018-01-04 01:00:00
42089fc875f321cbc59de4aab5ed7ce8,91206a372703c75df540838e13331679,3,,,2018-02-06 22:00:00,2018-02-07 22:00:00
02088c918f909d9dd23c7585b32281f3,db646a3368b666d666a3f3db496042b0,5,,,2017-05-28 15:00:00,2017-05-29 15:00:00
5c8aca1bcefc0e85efbbd2160ff97696,77eee00f7743c1045953ff9017efd203,5,,,2017-03-23 21:00:00,2017-03-26 21:00:00
9417e0f5aaff96ffb9046b5213eb4599,67b2916c461ea8aa11baf6162448ef43,5,,,2018-04-01 06:00:00,2018-04-02 06:00:00
ffc19ef6a61f135f7fc706f0b30672dc,1d15571c51001ab9dd42da677fdbabc1,5,,,2017-02-01 01:00:00,2017-02-01 01:00:00
9fb30a4dc0712a38bffc4f097f1464b3,8d8142152d4900585f84e3c56daa8c7e,5,,,2018-07-11 03:00:00,2018-07-11 03:00:00
e672abf50110783e3dd6831bac5d7133,32103c491d4ff1c8618e72a78d34dd83,5,,,2017-11-14 16:00:00,2017-11-17 16:00:00
93b1ee1da1a61f321e4dacd68116fd6c,6e15c527fe2a0cbc927ae04ef58b8c61,3,,,2018-07-12 11:00:00,2018-07-13 11:00:00
0d3f69eda8c51cca42aecc90c5386208,97e1bc36c520d50fa0ff349802f4298f,5,,,2017-12-09 01:00:00,2017-12-12 01:00:00
fe65b78257c26cfdf9d59f7f1e014975,e504d1c64312153d484f7f7c244f52f4,3,,,2017-05-13 16:00:00,2017-05-13 16:00:00
7eecdc53cf1b6490bec5104077902ddf,05e5d46189344b060790eeb49b2a1376,5,,,2018-07-02 23:00:00,2018-07-04 23:00:00
08a47ee1e3b2f9852ad0d57e730c19bc,9569f8cb1a574cee64903d65f63d3295,5,,,2017-08-04 15:00:00,2017-08-04 15:00:00
e223e389f23ed1fc9b9f9efeb75d2f0c,5b9525062f981e44ca782f586dec4b0d,1,,,2018-03-02 06:00:00,2018-03-04 06:00:00
eb044ecb88914b26e555157009795e75,7fa797087e7279cecd7f65f60cb68029,4,,,2018-04-02 18:00:00,2018-04-05 18:00:00
dc83f96f52a6e3d4fe58a9701aea2c2c,146b9fbc667cf7885887f3d2c0f1fa3a,4,,,2017-05-05 23:00:00,2017-05-06 23:00:00
1f53db6eab1177367260282fa30c1e0e,e2213776427ae4720d700c8bde36390a,5,,,2018-01-27 20:00:00,2018-01-30 20:00:00
b56110f64fd3ca88f1c2fa18c2af56a6,4bd600e6c425d02043892f66178029e9,5,,,2017-10-31 21:00:00,2017-11-02 21:00:00
82077e016e4c1501808f8cb9659d12db,c7af75de33f92a87837261239ed7a652,1,,,2017-09-02 13:00:00,2017-09-03 13:00:00
384a996719ef13bf649423aa645416be,98139b312d389d1f6716d461307fc576,5,,,2018-02-21 18:00:00,2018-02-24 18:00:00
13b4c4f6e19a17f6438a819ef9705e4b,2f615360182047f700cb9caabbdfb574,1,,,2018-01-16 18:00:00,2018-01-17 18:00:00
a9f7c6d1c6475ae284909370e430fb91,fd8bb697ae1782f6913864740473b982,1,,,2018-06-10 14:00:00,2018-06-12 14:00:00
945b37110a85872230c95ec44f2fcfd6,07e95e6d7f71eef65b7117bd24421191,5,,,2017-06-21 12:00:00,2017-06-23 12:00:00
6e29a319014d98294e4a516f7d05955b,02223c10f82f2dc31c35730b49d52453,2,,,2018-05-02 15:00:00,2018-05-02 15:00:00
cdebdd3c528e0ae8e03d1b30adcde95f,b69415c7160452b7f424b79c27b0816b,4,,,2017-11-07 15:00:00,2017-11-10 15:00:00
e8273dee9d7e4eb723fd6adec17fcf19,2ef17a908bbb8f3f760e36aaa0d980ba,5,,,2017-11-14 22:00:00,2017-11-14 22:00:00
bd8c6f4f8fe275b124e723838429e12c,67273710203d54c96485525ed858f464,3,,,2018-08-04 08:00:00,2018-08-05 08:00:00
42a1279b8bf5caedd904b887d77b03b3,9fa870407c260521ce3ce7ce01a6c260,5,,,2017-11-10 23:00:00,2017-11-11 23:00:00
907001b61ec09c3575035829488e5bd8,3d9d542aa84fa67fbe9e01a9d18c7fde,5,,,2018-04-04 03:00:00,2018-04-04 03:00:00
ea897692117637b264d88360ec68fc07,0255b13b46e32efc75566ff1b91ace28,3,,,2017-02-14 11:00:00,2017-02-16 11:00:00
cf052461874db4a6d057ab856f1ec0de,12a85ff7bffbbc83d8c8018409943e76,1,,,2018-04-05 13:00:00,2018-04-06 13:00:00
4c589a8e846a4a71c84a89b8208fae02,917bc86668747b44c63e23bf5c0c309c,5,,,2017-08-09 03:00:00,2017-08-09 03:00:00
42c91aaf6be13e78568a220d0843280a,b409b85563f2fc26405a8f9ed4018a45,5,,,2017-02-02 12:00:00,2017-02-02 12:00:00
e05f039cd98eb024c81320254dacd33c,b3fdc2b89c291269e781c4cc9058e121,5,,,2017-03-14 08:00:00,2017-03-17 08:00:00
c0a85dbdbf5a910f69bea8c93a24ec19,7b6fb65b8d70600f04a1dd66bce88f22,1,,,2018-08-02 19:00:00,2018-08-02 19:00:00
de74e1224aed4cc88d28eef5c7bbbcf8,5983ce94506a8dd30b31324f485835db,4,,,2017-03-11 09:00:00,2017-03-13 09:00:00
4ce7db3f625966cc9696e8334728ddf6,14150ad9479fea147c781b989f32fd3e,5,,,2017-03-13 15:00:00,2017-03-15 15:00:00
baae905cc8594dfb6d73dd1ddda1497a,611b92ab34aababd397574330b5ed148,5,,,2018-06-02 13:00:00,2018-06-05 13:00:00
c58536b7cf6d2a9da72d0bf4c84d16c0,4295f5c984d77929c4ddfe54917c4f11,4,,,2017-11-07 05:00:00,2017-11-09 05:00:00
dc4e557f81b85934af378cf92f2b5e31,f74445960979140877689441024559a5,4,,,2017-10-14 01:00:00,2017-10-14 01:00:00
9b622c0a53982922065262a224a0db6e,db847c06d84d6427adaad2f90420521e,1,,,2017-03-29 15:00:00,2017-03-31 15:00:00
ef7e1940f568757413caaeb6f486a251,e9707c9e266a8b90ee28b2f44a76a0ea,5,,,2017-11-13 22:00:00,2017-11-13 22:00:00
bb98abdf71ec02ad3db538c9b16d3da7,89f9c43e6b074c79bbe43aa78c58fff0,4,,,2018-05-16 11:00:00,2018-05-16 11:00:00
32b6f533c5cc0fb0e1a62208a1f40627,5cbf7ee6ea258d831391d18a8171d955,3,,,2018-09-23 14:00:00,2018-09-26 14:00:00
1b96ee819ddb6fea9bd7871c976b1a33,b61d1f438df8dff9c3f86f2d436c9e18,3,,,2019-01-27 19:00:00,2019-01-29 19:00:00
906ae95d0c5c9940575375347e487b1c,b33aa6b97a239f3cc1f6028b4a0efbe5,1,,,2018-03-21 01:00:00,2018-03-23 01:00:00
47543604aa9b64ba3b4f068eecad122d,f1eef895d06176b30abc36fc24a887a1,5,,,2017-12-17 11:00:00,2017-12-17 11:00:00
fe3a4f96230681aadd500d6b163cb529,31f436eacc8abd6989b4db808a32484a,5,,,2017-02-11 19:00:00,2017-02-13 19:00:00
7c08a96026c451fd78597bc643e9c94c,8349c078bc4b2732a170920c7416386b,5,,,2017-03-26 12:00:00,2017-03-27 12:00:00
3b5d5c9cd73794d54cd36406e0bd6044,842ca512f369c68316b5cf7ae0389eb7,5,,,2017-08-29 09:00:00,2017-08-30 09:00:00
371132b781eab1da4496a8834a7a677b,e595e3fae18258d2f681db3f1cc41c62,5,,,2018-01-24 02:00:00,2018-01-24 02:00:00
cd6aee300567f81fb8e3fb43f34574ae,42bd31c4660fdc406cd9dc3f7123bc96,3,,,2017-10-11 05:00:00,2017-10-11 05:00:00
4d2ce7964878917a282d94a30ad33361,89238eb6d690efa92830affafc37337a,5,,,2017-03-08 14:00:00,2017-03-11 14:00:00
4d59f68e05ffa2f2be54eceb8329bd1a,d17bd6cc2195e07366979d0fa7c02a59,5,,,2017-10-14 07:00:00,2017-10-17 07:00:00
85fde9e9793841a9d68bc80f9dd23036,7bbccb5d474f92058f9d737568054a24,1,,,2018-02-16 07:00:00,2018-02-19 07:00:00
e3b93a349d7739b25287e5f485c14181,3286af002a8be2891f19297ebf86ad63,5,,,2018-02-07 07:00:00,2018-02-09 07:00:00
39dd11e1e222c7758f24da7ea2e768d7,ed55169f54867db3efaaf79135eb0106,4,,,2018-02-07 20:00:00,2018-02-09 20:00:00
df0fea06bcbd6eebceab2f76f776f4e8,41374168ef2ecdc9673c984bc4596172,5,,,2018-03-22 14:00:00,2018-03-24 14:00:00
9afa3fb4e21f01671404e49287db0168,dfe6b58979b8023d2a3189ba24b17e45,4,,,2017-08-19 04:00:00,2017-08-21 04:00:00
86a81b2b5c69ee49712c31263222504f,8ed2de161ec80917af7440014023539b,5,,,2018-04-06 13:00:00,2018-04-06 13:00:00
c0266d51a5c5bce0dffbdc2dbffbce28,80b710a640f66fdeea7255845e6e187a,5,,,2018-09-29 12:00:00,2018-10-02 12:00:00
6a97cbce673659efaa1c5dcaf0c7915e,b4a4cb8027379316b69b8391e4ee8f51,1,,,2018-12-03 21:00:00,2018-12-03 21:00:00
02ac1c61c9eaa5b92b5997f2c447ee3f,8166356cb04fbce932dcea5b9bc88efe,4,,,2017-10-15 22:00:00,2017-10-15 22:00:00
85e620fea44eb3e1c5ba136f594ed61a,bcf4ced1c17e3dc0bf5628b930eb0400,2,,,2017-12-12 22:00:00,2017-12-14 22:00:00
08aa6127e6b9f3a396a0c726a886a9fc,58cfd9666f110436b3c28ec5fe66c4fa,4,,,2018-09-06 09:00:00,2018-09-09 09:00:00
e09f6e24edd24200f884195d0a45e44d,5ba62f73e9c41f0d2fe68a5219a7361b,3,,,2018-03-23 05:00:00,2018-03-25 05:00:00
3c7686e52f4187bc1493794a4eba12da,e2f7e7ea4cf2fdf8ec1f5d972a983090,5,,,2018-08-31 10:00:00,2018-09-02 10:00:00
7d01d70658cc49bb1258199888bbc5bb,afd13c738cc19913788664f31993edfe,1,,,2018-08-21 17:00:00,2018-08-24 17:00:00
aeadd1dc65f17e3329ddf2292df4e387,c06e6481996337aa9c4e166200684d9c,5,,,2017-09-08 13:00:00,2017-09-11 13:00:00
5d679515f8c5ef5c88f757fbd81b6bb7,20f5128d51abac77292fadf7032124e8,5,,,2017-04-23 08:00:00,2017-04-25 08:00:00
531b1e76725f875a047c1fe56ac475a5,3296c4c04201938b971444b7b522f610,1,,,2017-04-13 23:00:00,2017-04-15 23:00:00
09cd33a65f6f83c5539b4d731397df7e,656e5170bd1a2704880136fc095f6d43,5,,,2017-05-13 06:00:00,2017-05-13 06:00:00
c73f41d2b0595815bf32dbc546586cb2,1429ef31b9b3c0eefaf2be80833bde78,5,,,2017-12-01 00:00:00,2017-12-04 00:00:00
98610b0ba280760f6bb73dac96818aed,48f006a3ad9f0e532e671517e8e52412,4,,,2018-04-23 17:00:00,2018-04-26 17:00:00
95be6c8a9ff7007b27e9184f07918b35,be1924aadab712f6764231c326daf6d1,2,,,2018-01-15 03:00:00,2018-01-18 03:00:00
e27f7dc7aa0b46ea1b0b249da159bef3,21b6eb84899fad03ebd235736012a24e,4,,,2017-11-04 20:00:00,2017-11-06 20:00:00
80dc48739eb318ad9c15b25e2379750a,282f0aa6730f8b28ecaf549ed37dcef3,1,,,2017-09-05 17:00:00,2017-09-06 17:00:00
758daaee760fdd9593ddbda134fe6da8,f3ac2f5e1749939daf326af578cf536a,1,,,2017-12-29 18:00:00,2017-12-29 18:00:00
b9dd378ed3e7acd97b1634537042eb9e,eb8f54d8df40fe0454cd67b4d67f017d,5,,,2018-04-28 23:00:00,2018-04-28 23:00:00
428f54aac1c97ab63ea685f6c0a40088,c99496ab6db7fa7e70a6d78ba64e2384,4,,,2018-02-02 16:00:00,2018-02-05 16:00:00
d9d5d66c072b50ed3a58d606a302db2f,06a4093b49d693b1859353fa25e4e633,5,,,2018-08-25 19:00:00,2018-08-27 19:00:00
266c3392396c613534d88c514f2ed3eb,9e5364dc7a1afd6767e56f19844e2e8b,2,,,2018-02-02 10:00:00,2018-02-03 10:00:00
bd4ba9cdcc19e0ac418df0733ea426b8,d1a33332d882ce3cbf0aabdfd708bdc7,2,,,2018-04-29 10:00:00,2018-04-30 10:00:00
199177b932888f7879dd7b951558cc6d,30a4c4b0be3c7c84176350f54708b42e,2,,,2017-07-23 03:00:00,2017-07-26 03:00:00
4f0dc7bc80c8b0838faf04baad8716e1,a48339f7c7036a4c7150f94fe2f2cf57,1,,,2018-09-12 09:00:00,2018-09-14 09:00:00
c4329e7831209ff4280906a952e24a8e,ac482af26e988798c2ac0d6d10c88179,5,,,2017-12-21 06:00:00,2017-12-22 06:00:00
a552abc65a86503a68a650cef7fb68d5,84372286f4eabfa5535fd8d22839d888,5,,,2018-02-05 16:00:00,2018-02-05 16:00:00
b013b95163db2b6da8cfa238c7fe8dee,6d70881b52647c6f060fd3b65f9c11f0,5,,,2017-08-29 07:00:00,2017-08-29 07:00:00
c5a8646c23f5aea605981489b087ab0e,ec7172e77028eb2d5e9432d689b3889d,5,,,2017-03-10 18:00:00,2017-03-12 18:00:00
485b841f7df4553189ef698aca46739f,ad7bb3c532f0b15c554047fe5cb9635c,5,,,2017-08-09 05:00:00,2017-08-11 05:00:00
b14d53b0c7f7040b87184322743c6de6,c7d4a10f8eec22a4f966f9c21796b7b1,4,,,2018-02-27 10:00:00,2018-03-01 10:00:00
19d45a552e7c77b04ef8a78734c5dd5b,d40666259faa218001a069a24b37617d,4,,,2018-07-22 05:00:00,2018-07-23 05:00:00
bd9ab6d97d3635b9f0d1701b1ecfcd89,a87da2af3ae8160aedafea5450b9e04a,3,,,2018-07-27 20:00:00,2018-07-28 20:00:00
63c279aacf674365a4c1c966a682c0fb,5c1faf7b81c4dda8ccbf1dfe173e13d9,5,,,2018-11-16 03:00:00,2018-11-16 03:00:00
c95bc9171c01160cecc9d15ae10b3781,27dfc6e084c469b120c13845025fc70f,5,,,2017-02-22 19:00:00,2017-02-24 19:00:00
fbbe0e9d76e51a1279c6c757f7feb735,43e2ecafd767a0d7e8b2f81a5f88fe99,5,,,2017-08-07 04:00:00,2017-08-07 04:00:00
e30d0d834844cc496761f64eb79ee140,4fb9ef37002f4aeea308f1eacf367c1b,3,,,2018-01-22 12:00:00,2018-01-22 12:00:00
02ff975452917b6d65924c9f29714f1f,fcd62aba93c1392f8453d8038519469e,5,,,2017-12-20 22:00:00,2017-12-21 22:00:00
751a5b9af99f5c063a24de171836a027,47808b87beb5ba0f1e2964f1709adc95,1,,,2018-04-25 22:00:00,2018-04-26 22:00:00
f2794e8bb195fa9f3afd099e8a19de1f,ddf194d4f75ef2cf153d5754f086424a,5,,,2017-12-23 09:00:00,2017-12-25 09:00:00
a565cd4128d141dbc94bcc99642830f3,33c32015dbb93bf66c8c4bac9c130aa7,5,,,2017-09-09 10:00:00,2017-09-10 10:00:00
c1168b7efa9f4841e1568c601205e9cc,f1c056ba95ff7d9dbd5a0760b9d9c1dc,5,,,2017-09-01 14:00:00,2017-09-02 14:00:00
ff4f38081a9d7acc44087701aa66a0ed,b1020282b5b2e008e0516aaa2b1feecd,5,,,2017-10-03 18:00:00,2017-10-06 18:00:00
be901a64a0cc5d31ce22efcfd02b4c3a,a48687d4cb295e19d694a5279720b88f,5,,,2018-06-17 21:00:00,2018-06-20 21:00:00
d83f8f4f2c0bfe69d0c29b24c7ed8888,d9743ff074e5418dbaa380fa07438e60,5,,,2017-12-21 14:00:00,2017-12-23 14:00:00
2d8b62b689cb09aa8f56fffcc1bbb767,9f2e444a501bcf4467f3e4bfa3b31be6,5,,,2017-12-05 14:00:00,2017-12-07 14:00:00
3e61d3594bfaa29e032dd96d25376857,629f1962ebd795f5220e674e6591d99b,4,,,2017-10-24 03:00:00,2017-10-25 03:00:00
20f6b8d894369f5d89cc6b08cba9a0f0,94b5933984c11826d910498c2fa17fe6,5,,,2018-08-10 11:00:00,2018-08-11 11:00:00
10bee3e85abac34bae9802fa1053adba,8dd7b77df9fb722da51c7d2ab3bfbdab,5,,,2017-05-05 02:00:00,2017-05-06 02:00:00
2944e059bafa34da69e8fe2a879f22eb,a96bc76137179e4565706108fc78090e,5,,,2018-06-05 06:00:00,2018-06-05 06:00:00
1812362fc076f92d73a469a556f7e6bb,b3700e9292f1da69674f6635f236b2ee,5,,,2018-05-23 23:00:00,2018-05-23 23:00:00
2798879be9a11cc0aee4f488df41c155,5f868f8baec616940f2434918e9ff74a,5,,,2018-07-05 23:00:00,2018-07-05 23:00:00
8df1363aab3041841dcb2fbff1aab637,899f7cfbef6f5d6a09ed1c7c9f40ce6a,1,,,2018-06-20 07:00:00,2018-06-23 07:00:00
6d234155a057c558f1ba308e4aff5eee,cf979ff07afd0718ebced334fb7b00c7,5,,,2017-07-25 09:00:00,2017-07-26 09:00:00
dfab24e2af25762cd34d09aed2e106a4,c94ee2f0fe068b4e7f63abb84e4f4dd0,1,,,2017-05-09 10:00:00,2017-05-09 10:00:00
3914dce2b08307e1a9b7f1f520fed1f3,ec13d7c3e1c7222342186e6dab24f74a,5,,,2017-02-28 22:00:00,2017-03-03 22:00:00
b190dea4c335e9e5156755f42f39f8c8,b70bc594ae4fd45ff48fab0641a9edd3,1,,,2017-07-08 17:00:00,2017-07-11 17:00:00
31c034f0a091129b2f1835b139a90a45,f979549bc44c5c7880ed319cef016e79,4,,,2017-06-04 20:00:00,2017-06-04 20:00:00
904aa13409028dd7a0d763f0c31dfb91,514b30a9f6d4461c8c1046bf24b37794,3,,,2017-09-28 16:00:00,2017-09-29 16:00:00
e13ae6f4b5ef818b690e1a7e75be1ba7,7d957e47aed14cec3cd7e0eabf817a17,1,,,2017-11-10 08:00:00,2017-11-10 08:00:00
8af6d2681bd07f9b78612769242e4cff,f3cecaaf71a2f6c173cab4e3bbc3553b,4,,,2017-08-19 23:00:00,2017-08-22 23:00:00
c33b14ed216c0ed0bd0c1656de373877,0d06d89169808e3c9fa3fe4bdebf96d3,4,,,2017-11-30 22:00:00,2017-12-01 22:00:00
a0f155fb8d64ec218fc93778288510d1,54ddbff40d81339dde952d1ddcbc5e3f,3,,,2017-04-23 12:00:00,2017-04-26 12:00:00
4ad76a0d52194d62a25c6c5cf629c955,611e6047790a474e6185e21be156df17,3,,,2017-06-24 14:00:00,2017-06-25 14:00:00
ed321036fa6e8103df3e03c2217244cf,853b0173fb66bcaf47be30eb836fad38,4,,,2018-03-22 05:00:00,2018-03-22 05:00:00
ce64debe20e7118acf8da52b05e3d107,55ec2b7860094db3b265293e45314fd0,5,,,2018-05-19 04:00:00,2018-05-19 04:00:00
79de06cb3150c32387826633a01d9aeb,b91d8c4c02781c40134e2bd9dd1ad072,3,,,2017-06-19 04:00:00,2017-06-21 04:00:00
a3fe085b81b41b37698b4ff499ff70c6,81f10d042f576e777148c0070faf26b4,5,,,2017-11-06 04:00:00,2017-11-08 04:00:00
cf9b6d33be00565d5bad43317366c606,29489bdac1199d43480d0cf3406d5351,3,,,2018-07-17 02:00:00,2018-07-19 02:00:00
e7c5d314a969e4fcd14170c1ca978f1d,68e438e05a575306b0dc80e80aee5a68,5,,,2018-08-03 13:00:00,2018-08-06 13:00:00
7e85f617f17e993d84cda1d23c32f2ee,28876b7f64694f537f5085e7058cdd44,5,,,2018-02-20 08:00:00,2018-02-21 08:00:00
3bc29d89b0333c0d5381e235f1cfc83f,a165c37d56ad3649289a2abca1aa8c49,1,,,2018-07-19 10:00:00,2018-07-20 10:00:00
e412b716e6829d8f9a43fa957672cdbe,f7294c21208bc725e6e005dd31c2bddb,3,,,2018-08-09 06:00:00,2018-08-12 06:00:00
86043d4131e7ca38e28065d7bc496467,392c5f423f203c2279477aa80f1c0455,4,,,2017-11-06 08:00:00,2017-11-06 08:00:00
0d6ba0191fb8e3c204573e35f4c3559b,a4dc6a67a6d18c910760d4080678fe13,2,,,2017-02-02 11:00:00,2017-02-04 11:00:00
f8e9ed275c3dbae4c1315e8417841919,539cbe4f2d914e296541f57452ea13b8,1,,,2018-02-15 17:00:00,2018-02-16 17:00:00
b6f957dcab6da9ab0604f4e77e029b3f,b1d06d8a655f9c8cca2ba8f5a44e3b1c,1,,,2018-06-09 14:00:00,2018-06-11 14:00:00
abfe1fb5a6c2b716f7bd77509a7650dd,e1b39d6494e2a33d14a3ffe6b3aac060,5,,,2017-08-16 12:00:00,2017-08-19 12:00:00
63796fa5b84e203df26129777fe54edd,bc57003e91f91586c27f9590333c8c30,4,,,2018-02-26 01:00:00,2018-02-27 01:00:00
a75408376ae06e0147acaec9137b41c2,f0154f90db7be180aac21afbfc9db15b,5,,,2018-05-25 10:00:00,2018-05-27 10:00:00
6eb7808b7f572473098364e307a76739,eea7a67fee1cb89a74f935ca4341fd0e,1,,,2018-07-21 21:00:00,2018-07-24 21:00:00
0c1b7e93be162e89d9347309b72f8d06,10217062a81798500b45cb04e5bc89c0,5,,,2018-11-09 15:00:00,2018-11-10 15:00:00
e28070d140d1bc319a26a06516214bd0,5f8e74df29f5010c8b6a4c9778f4223b,1,,,2019-01-26 02:00:00,2019-01-29 02:00:00
b5b25ed1af1b53163a0e681bbd5db7a4,57765dc6994a77f925220779a0041dd5,5,,,2017-03-10 09:00:00,2017-03-11 09:00:00
8abe577935910434d34266c94d88136e,bff49e0659e3f0f693b78bab38151095,4,,,2018-07-29 12:00:00,2018-08-01 12:00:00
793daf5ab35c9601417af0cb07f2422d,73dd8d3140e10b51112858041243161c,5,,,2017-05-05 06:00:00,2017-05-07 06:00:00
20ddc8b1af0f134e02a29fcc184ee3db,7d84dae5af5235bcf8ab33f4f2f9ade1,4,,,2018-03-10 22:00:00,2018-03-13 22:00:00
632655640175105a3fc1428a7c7ab691,8921349feccb853bcd227ff2635fa3f3,1,,,2018-06-24 06:00:00,2018-06-27 06:00:00
4766229e0895df3c7941a6a46b2afb3a,7e4c410bd87534bf9564d4c1aedb4262,5,,,2017-02-22 23:00:00,2017-02-22 23:00:00
b393cb2dbf23f095221a5dd04ce34923,2334fcc4e022ede0ed88bddae8180064,1,,,2018-01-25 20:00:00,2018-01-26 20:00:00
fcc3bcc7fd67eb3e836d2c1f7a49c96a,23167b59cfbbf4e3e160e35b4da7f632,3,,,2018-07-07 04:00:00,2018-07-07 04:00:00
6ad5401e07e9fb0b998deba36ec8261b,dee4254b0afc13fb6e8f19bcc09b61e4,4,,,2018-01-17 19:00:00,2018-01-17 19:00:00
8459f41e8861972e57a82eeff9a8743d,eac7c57bfc96fd06ce8b30cea67155cd,4,,,2017-03-02 04:00:00,2017-03-05 04:00:00
94ed81147672e14bcc4bbc6f3457c8d7,3d4a49aee83f6a2a52fc6f48e7e337c4,5,,,2017-11-06 06:00:00,2017-11-08 06:00:00
ef4bd7a8746b302f7ebbf6dfed84acc9,cf407865a5c11300e32457302ede3051,4,,,2017-08-23 02:00:00,2017-08-25 02:00:00
fa11f0e7566d56e81c86cf6f0285ede1,1bab13ac9863bb207d53c706fb5078f7,1,,,2017-08-02 20:00:00,2017-08-02 20:00:00
3df5516b3891b7f76809f986d86af8f9,d73c92595a8258cb8d783a9bed87adb6,1,,,2017-09-10 19:00:00,2017-09-11 19:00:00
13cdaa4cb415b7cf24fefbbe5f7a6026,d97eb35599870266dc63a196946320bc,5,,,2017-04-29 06:00:00,2017-04-30 06:00:00
44e527ea3a82b37c59259acd4142d00e,3b1bf755e600fd684a69ed38b705e692,5,,,2017-09-08 01:00:00,2017-09-11 01:00:00
0d5979bf9ef63a80179f1235df2ef280,faaa53fc094a8492d88d11dd321a3244,5,,,2018-08-31 21:00:00,2018-09-01 21:00:00
0e8db9f5e5141d9181278cf9803bd70b,113ff40f13b96213b6684e199a463e70,2,,,2017-07-14 15:00:00,2017-07-14 15:00:00
efd6b83c86022833405db449c06ae817,747738793eec05dc7660302f477eb375,5,,,2017-09-16 22:00:00,2017-09-19 22:00:00
e6876705043159ef246ec70f3e97037d,e7775ef59ab9ae1b1d93c7bd4c66b4ed,4,,,2017-08-18 14:00:00,2017-08-21 14:00:00
3187dc0954da10125a3c49e011586f46,3ed04e680d250730f5a98c9a6a71dec5,5,,,2018-04-23 11:00:00,2018-04-26 11:00:00
eed5a71b2740a29df7d75510ffa72ae1,062e07785f0b5135856638c8a173e274,5,,,2018-08-22 18:00:00,2018-08-22 18:00:00
82430329f09fe9365401e03445ae25d2,1d3ea32c7e54da1eac304971ecc11ecb,1,,,2017-04-04 21:00:00,2017-04-07 21:00:00
6ea28b15d0a7d3b967eaae636f850440,e1789474380d4643c891e9bcd83060dc,4,,,2017-09-22 03:00:00,2017-09-22 03:00:00
cedf8af6cb28ac77f855ddabef332684,96a2e79d6576d828f5517659ed86a0c9,5,,,2017-11-27 20:00:00,2017-11-27 20:00:00
4a9b0dc797e71b55446fc2131b87a428,4a9ab305222bf62a085e05182d756dd3,5,,,2018-01-20 07:00:00,2018-01-23 07:00:00
3d9d49d435e66d4c539cb0bbaa8fb624,9b2dceee765bb06910a012b2237c56bb,5,,,2018-07-14 12:00:00,2018-07-16 12:00:00
cdba8621da62a307d753ba9908087cc4,c536c0a248504c6b12cd1aebb9076ff3,4,,,2017-06-17 13:00:00,2017-06-17 13:00:00
09d7cc9c6af98a8b2e361846b8855367,a88d37de6c1f0650b517272df7797643,5,,,2017-12-30 14:00:00,2017-12-31 14:00:00
684731030496122f5525a0d148d40d84,360824da33a37a7480469354f82258a7,5,,,2017-12-29 21:00:00,2017-12-29 21:00:00
f3dd69d1de5906988072cee2042f14df,4cdf506343c3698873037257390ff1c0,4,,,2018-09-05 08:00:00,2018-09-08 08:00:00
6d2bc99de7eca309296fc0d76a632a6b,daf09b921da9c3c5c798c498499d5830,3,,,2018-06-13 06:00:00,2018-06-15 06:00:00
ce7d765b634c25ea2d28746a5a6df285,df8b6c1c27d3584cfb99ac3e1383883b,3,,,2017-11-21 17:00:00,2017-11-21 17:00:00
3a0c5dc9bea17713fe36b4bff9e421bc,31b5276f88e941fdb0850679d0b21f98,5,,,2017-03-14 05:00:00,2017-03-14 05:00:00
512b4c10a3593aecd5d16ae2c940e0fa,00f3e86630260bb173f1df2609502a6c,1,,,2017-12-23 20:00:00,2017-12-23 20:00:00
3b44dabc142ec8b0cce52711950ce835,421ebad4b226f24a230d27b8ff97588e,3,,,2017-05-07 05:00:00,2017-05-08 05:00:00
e52053b68faa2da8f08d5f51974232a6,4c2bfa96a86c1d888d67e82ce8048c91,3,,,2018-08-01 06:00:00,2018-08-02 06:00:00
f945cfd4678ea95f22deb12c5821f077,d27a1a33f5110f36bce4808b2b5bce12,1,,,2017-02-07 07:00:00,2017-02-09 07:00:00
00b8a88f9317545d1cd43dfff59b39fa,973a905867d1cb6f1d5720cdfa5223bb,5,,,2018-03-31 16:00:00,2018-04-02 16:00:00
00c85e9a408a5d2f0c86e6b66ffcc6e5,1f8cedcdc91ceaaea5e0ecfdb96ca7ff,5,,,2017-05-10 20:00:00,2017-05-12 20:00:00
a52d29463c03032cc7f020cf0463aa5e,47820b9c488fedb62404c66d49869729,5,,,2018-07-12 09:00:00,2018-07-13 09:00:00
7b2413e8005fb765575f310891653dbc,dcac309645957a60194d397db09dcd19,4,,,2017-05-01 17:00:00,2017-05-04 17:00:00
b09219790434d8b88ffbc222f51ed666,cdf9d1d6b22ed234404c86f16cc2e20f,5,,,2017-07-18 14:00:00,2017-07-21 14:00:00
3c98fe89ec6ee5ca573f9ac917ee7fc7,7792be47347837520b3b81a9ddd652a8,5,,,2017-12-19 07:00:00,2017-12-20 07:00:00
b2290f1c8e68d0c173cd9709c0da1043,f0329337a10d27dcbf153b908971b1bb,3,,,2018-03-03 09:00:00,2018-03-05 09:00:00
79465f6628b8bcc2e6b23125d568192f,32239f5d2dec9b01bb8133fb0b928003,5,,,2017-08-01 11:00:00,2017-08-01 11:00:00
d42aa238284b2e1d73fb6c56e2ea5644,6b9c7e6be4951ebbd7c8ccb8af376fbe,5,,,2017-10-11 05:00:00,2017-10-13 05:00:00
94a64978a64fcefbe8ca0bd26504f7a9,9c6723382c110a436cc5599972f580bd,3,,,2018-03-30 19:00:00,2018-04-02 19:00:00
3873335fca3f48a4cd88e44e23c43184,205d8635cc87858c3b5745dfe0345e68,5,,,2018-06-13 06:00:00,2018-06-14 06:00:00
19279b44ce2cf16bf3fd9e327b1463c9,75fd7d83526443bac298823abcdc99ef,3,,,2017-03-22 21:00:00,2017-03-23 21:00:00
81d42b2f0a568d1c780826ff61235319,a54680ad810775f3ea0ce0e1cb70c67b,5,,,2017-06-15 20:00:00,2017-06-17 20:00:00
a0011ba60a148b9fb6db95fb8d737aa2,841169cdb95175be5c89158a16b44b0c,5,,,2017-10-15 11:00:00,2017-10-15 11:00:00
300c0f07c38bdbddb7dabc6860ca5ead,ecb55c92db2d0ffff047e4e9f3feb7de,5,,,2018-01-05 04:00:00,2018-01-06 04:00:00
a1b2a7e5fb72025bf209329d4aa7f4e2,858fab602bbe35eab9da74804b8f05ff,5,,,2017-03-30 01:00:00,2017-04-02 01:00:00
54e08a944682ca38fb780253d4961e60,8b20cc445705b3005e79e796acfe02ea,5,,,2017-02-19 14:00:00,2017-02-20 14:00:00
e0ebb3c7b8a3f3fa776944b886b5ca8f,57059671b031a179ac7625b80fc06f77,5,,,2017-05-03 02:00:00,2017-05-06 02:00:00
d66cbda120be83948cbbca011cacfd9f,a180ee9b1767370097e3ab403db87d15,4,,,2017-10-14 20:00:00,2017-10-17 20:00:00
7a3367d087a6c63c65a1ee9c3b39b8aa,98982e99fa9fdbb3d2b2cf4b489d3b8a,5,,,2018-05-08 19:00:00,2018-05-09 19:00:00
653f4313ef82fab37e0c52863cd68ac3,817f8e3b9a1a59cf9b480ff537309e25,5,,,2017-08-04 12:00:00,2017-08-06 12:00:00
0d5348d15b15674d572d3274e5c22467,dff4cc9131646c14f1a0051f0acae683,5,,,2017-05-13 13:00:00,2017-05-15 13:00:00
3bd6df9b36430f4d0bce8eeb684f1e52,24812872e704db7da4e713588fb6002d,3,,,2018-05-30 12:00:00,2018-05-31 12:00:00
4ba9008d85afb680e39f6cc716f39bed,5e45295681e4ee990c286323d27f6d1f,5,,,2018-01-16 14:00:00,2018-01-19 14:00:00
1e22ade1a3e6bbfd65e2ebba27ae2220,4f418193e3289c3a801cbac1c5b56b89,5,,,2017-06-12 16:00:00,2017-06-15 16:00:00
b1f4e511e6f9c201247803a1fb4a0283,851e4fe83a6570b5b9725caffea42063,4,,,2017-07-19 09:00:00,2017-07-19 09:00:00
e1dd8d91af88239fd4a3218dac08f401,67fec00325b1ad19c8b93543d9563604,4,,,2017-12-17 10:00:00,2017-12-17 10:00:00
14ca728c1336eb2833ba1e1b80ff8beb,3d9803952621b8998a9da702660f44e6,1,,,2017-05-28 08:00:00,2017-05-31 08:00:00
70ce68ab7ec9ef95e54dce58044e2d9b,a13ea32a4b0450671481b96b477cbc8c,5,,,2017-03-18 11:00:00,2017-03-20 11:00:00
e85af565e62c54bbff011f14d97bd00e,231f167698a7e77b214990edabe07080,5,,,2017-06-14 16:00:00,2017-06-15 16:00:00
65454a72dd372743240ed1db0c3badd8,ab6d0f79fac368c183674372d33e2b2c,5,,,2018-02-18 17:00:00,2018-02-20 17:00:00
9b43324cafd0c396bb31caebc8ce14bb,65fae4a11a037833d4fdfad6400840cb,5,,,2017-11-08 04:00:00,2017-11-11 04:00:00
0fa38669b33a82a97a7342fc741d6857,e06bae1f3e372c8d8a137d8dd2924079,3,,,2018-03-30 17:00:00,2018-03-30 17:00:00
2384bb95921409e1fb50d324129ff56d,d736d90ca8ae5c671598203e24c4e6ca,5,,,2017-02-02 18:00:00,2017-02-03 18:00:00
58c688774897c6e21581f33ea5b38959,0423793fde3a564a8bf63e19c88994e7,4,,,2017-08-30 13:00:00,2017-08-30 13:00:00
f92df31da9e7bb4fa0b8bebfb82b2b93,b1fde4de092a2783e9b50a89c04cf6e6,5,,,2018-02-26 15:00:00,2018-02-26 15:00:00
44f2a0dbb20c651e0d477c015e61df62,931884729fa6f3eadb65e8d62660f73f,3,,,2018-09-19 05:00:00,2018-09-20 05:00:00
d0b2b078d3936f3e5a5f838f23ee4016,ba49ccd561853b1a63e12924fe95c8c9,2,,,2019-04-02 10:00:00,2019-04-03 10:00:00
57e4267e38e6b704b1d12755de4b2801,38e1e998ddca9cc3d48f16c56431d4a9,1,,,2018-07-28 05:00:00,2018-07-29 05:00:00
e9f410c91cfa78a2d517fa40ed233795,84d8ec6a7d5887a5a5548394f39dea6f,4,,,2018-08-17 10:00:00,2018-08-17 10:00:00
9eead5def5b5777f041c4ba30bb90921,64fff7a635cebda85d3dc371d6ac0d84,1,,,2018-09-09 17:00:00,2018-09-11 17:00:00
54b56b05ef678fc82308961be3e32e42,877a71fc9d9fbeb36207db6374e5e611,4,,,2017-10-19 02:00:00,2017-10-20 02:00:00
22d91b18068055f355114558fc424352,b4c313eb7e225d5c236253032ae72b5d,5,,,2018-05-01 03:00:00,2018-05-04 03:00:00
febee6a69eb5d8d29620818d62c57829,f55db8b9129f9fa53b6a38cfe0df542d,5,,,2017-11-27 07:00:00,2017-11-30 07:00:00
28ffa4907d525a4e432c03e46a558ea5,a4a5308d4aec4d62f30fa5b6b8280725,5,,,2018-03-20 13:00:00,2018-03-21 13:00:00
8dc5d246a85d938be64f8ec061e5cdd9,2e401311c973c84e2d4c041374be3766,5,,,2018-05-17 03:00:00,2018-05-20 03:00:00
24d4dba98cf7fbd88d9a58d83c7c5372,32c52d76370ebb11affee02e7508e10c,3,,,2018-04-21 01:00:00,2018-04-23 01:00:00
2ca0ed97922fe35d2fd1c77500b02a82,1f45a6d06af9e1cd444b94904edd1cfd,4,,,2018-09-08 13:00:00,2018-09-11 13:00:00
7d2b87148de0b52ac2d0af1f43eb756f,53ae322ed147b235e537cd52b53a2800,1,,,2018-07-11 08:00:00,2018-07-11 08:00:00
cb53e1aedaed71e5929a3babd08e6441,aad74fe05f48087ee0e660c2b477caf7,5,,,2018-01-20 02:00:00,2018-01-20 02:00:00
a21f56b20c65057665d77fc8252ac83c,2632fa9dc768edb905d8e14617f42764,2,,,2017-08-25 04:00:00,2017-08-25 04:00:00
bacc5ea6bf2c857e9f7b3992ecec73f2,c578f4f49b18276a1d7b83630db26722,5,,,2018-04-25 15:00:00,2018-04-26 15:00:00
6025cf7c4966055e98a8a428266ecb23,aa46dd26e07ab79da68f75ac74916018,4,,,2017-12-25 06:00:00,2017-12-26 06:00:00
42653ccf06ec3c00d8a9e06f36467544,36f1374dee426792ce2c36df005101e5,1,,,2018-02-14 20:00:00,2018-02-15 20:00:00
ddcff347b5d84caeb381e8b038ca4da7,472678ac7eaef4528eba2e783b162773,5,,,2018-03-19 22:00:00,2018-03-19 22:00:00
1e56a4fbc4e7770d0f34bd088e10a3c7,e49e6f6e6c561f785e5a590a7393c675,1,,,2018-03-09 10:00:00,2018-03-09 10:00:00
3f1ad2201a06cff073f5645268992584,1708f96ef1762fbdc37114e346b3138a,3,,,2018-03-10 06:00:00,2018-03-10 06:00:00
d294f5a82815eb62670f79219b61e82e,2ccb87cb668ed827cd101511331212d1,4,,,2018-01-10 22:00:00,2018-01-11 22:00:00
0507a453098fd17b4097d297e9f746e7,236284b8d4a84c963d948afd864d3a8d,5,,,2018-03-30 19:00:00,2018-03-30 19:00:00
1d2b11d0e976d79f9186c2a19536922e,8e7989829a5d5ace61d9407c6a21ab97,3,,,2018-05-10 21:00:00,2018-05-12 21:00:00
c03caa32b3aa475caf314f405e8f7d7e,779ee83d36df223906bc0d7123baa2ca,5,,,2017-07-04 03:00:00,2017-07-05 03:00:00
ed569361bcc93b94835d7e20859e45bf,8999b812d61676fcbb1ffaf405bcde63,5,,,2017-06-28 21:00:00,2017-06-30 21:00:00
8f47c5ae6c68d37aaba024bd99932899,796c39ad6b35a9b90bfc8c458a43aa23,4,,,2018-07-18 02:00:00,2018-07-19 02:00:00
5aa288e1609c6c82b90db37355539a05,ab9737efffc19e7bf17a273b941eddf9,4,,,2018-09-14 05:00:00,2018-09-15 05:00:00
568857918f92c2c32727aea402f93785,65edb1d9a4242b77ab86fc70a89c0d28,4,,,2019-03-04 01:00:00,2019-03-07 01:00:00
103ba2edd540d6f59f8c984105a562a9,f5cca86b92e92aa7f7b8a5e480a5fe0d,5,,,2018-03-17 15:00:00,2018-03-20 15:00:00
e80bbc7a5c3dae7b2a630401e8f66646,d21c922affa2df4729ca6e42d09ae2dc,5,,,2018-01-14 19:00:00,2018-01-14 19:00:00
d554fadf76339d1d6694940dddc5c146,460aa7f94a05e06db26f8bb23178bdbb,5,,,2017-05-01 07:00:00,2017-05-01 07:00:00
171da14ddde22a23e47c666ab04dee79,9f5f462353921935d6f8d94c39fa35e6,5,,,2018-03-17 04:00:00,2018-03-19 04:00:00
b598655ff9d23cfd692981b13fa1292a,d84606250effa0c12e3a9584adf538fc,4,,,2017-05-08 18:00:00,2017-05-10 18:00:00
5d3b64acdd7c54856c70704850934c87,a7f3cf5c981813c70657894f0c953522,5,,,2018-02-02 04:00:00,2018-02-04 04:00:00
acde5588ee920236b1ddecb702580dcb,07656c229bcde988ce25d28181a4dce0,4,,,2017-11-27 17:00:00,2017-11-27 17:00:00
c2afaa5f019108800f5a1a7cfe4db9ea,4f848c317954af2da819d4b9b1a6aed3,2,,,2017-08-01 14:00:00,2017-08-04 14:00:00
f944981759b0d3998dd9ff6876117bbd,2c4276b214420114dfe704a4322570ff,5,,,2018-05-17 09:00:00,2018-05-17 09:00:00
728c0b4afc16f82ab6824487ef4588c3,5305405880e2ee403b891988c04d3cca,5,,,2017-11-22 15:00:00,2017-11-23 15:00:00
f65a5aa363140fccc8b6b9a29b5358d4,aa1c8b533e2e720134cec306c39fcfb3,4,,,2017-04-19 10:00:00,2017-04-19 10:00:00
fd28750f58683a1b6ccbcb41d7b205e5,8b9a0113b81c9d0b53332e5d3ac36c05,1,,,2017-03-01 16:00:00,2017-03-01 16:00:00
62d0abcdbc3f512e89f32a99dfc735f8,e106ae3288fb044ad1c76cf135d3fe5b,2,,,2017-10-22 10:00:00,2017-10-24 10:00:00
fc3e9ed11cdbd909f9cd1b1826a4850d,d667159d22021f9fb3fce44c942a9c09,2,,,2017-04-02 17:00:00,2017-04-02 17:00:00
02de45561f27e8b562e03868b7017485,b6315c550ca3e980ec95575283c2539c,5,,,2018-08-14 12:00:00,2018-08-17 12:00:00
bbbbdbd132d48c8200ef337708ed3047,51bf4361edb5db914a13b17c8d938a1b,5,,,2017-11-15 21:00:00,2017-11-15 21:00:00
d739a70fb43e9061171da81db57e526c,be007552f3d6d5c75455213bf1867d89,1,,,2017-07-21 14:00:00,2017-07-21 14:00:00
3beca80c8728066203f2ffe0c8eff82f,9e5d78a1c5bdb49544d44eca976b5158,5,,,2017-04-23 04:00:00,2017-04-26 04:00:00
b39844f4e194fb216e7e2fbc21f8b225,8775a0f078f458891e49c76a90d52b99,3,,,2017-10-03 12:00:00,2017-10-03 12:00:00
8ab41a8218b8f130131ad6fac8b80c6c,f1904cecc2d454e1017f040edad2e66e,4,,,2018-01-26 00:00:00,2018-01-27 00:00:00
b5d6a7930003fd3ed49bf21a7f37c8f7,7a3f4573f16a18579a68990e2412e47e,1,,,2018-03-08 22:00:00,2018-03-10 22:00:00
ef180725f10c88c063b55bfb128e92ad,22d1b5fad3c8acca3615ede42bf30743,1,,,2018-01-09 04:00:00,2018-01-12 04:00:00
22dba98191cb87c7d220f7040da124c5,930951a61dbd3a83176a5eb80f1abefd,5,,,2018-01-09 17:00:00,2018-01-12 17:00:00
f4e0740f476e6a0641d0b488985d94c0,a75554fefcebe192d4796110b35e85f5,5,,,2017-02-03 16:00:00,2017-02-04 16:00:00
26c118f2eb1c0430df114270565f8687,15280e7c89d5e178cf998da34f942b3e,4,,,2018-06-19 04:00:00,2018-06-20 04:00:00
f5feea0a5d3da878147eeb2d5a3974e8,b7be51dffd5eb63638124f7f8c46b173,5,,,2017-02-10 23:00:00,2017-02-12 23:00:00
d14c70b750ac2a6d3bdad4aceb5c4ed8,7e4e72730ae19e7e1b6d89275315de9a,1,,,2017-03-03 02:00:00,2017-03-05 02:00:00
9e1d5748e3fe266ba23b3ed770adf7ed,cb3c211dc8f168095051b949e6af993c,5,,,2017-01-06 13:00:00,2017-01-08 13:00:00
e45402869dd976469d892032e16874df,ee45a7440cad2d638cfd980c984f5419,5,,,2018-04-30 21:00:00,2018-05-02 21:00:00
445dc624803e82de7a9e9031ff0173e9,088393111216e243634ee1155c812bad,4,,,2018-02-15 12:00:00,2018-02-16 12:00:00
2f0b91384138aeea89887d527599d475,399b747bdca4b19e5ffdf1cffc8e920d,4,,,2018-08-29 21:00:00,2018-08-29 21:00:00
ed71d8749dc3a0c622d635b7cb697bf9,c996a54bbcbb065803e6551e11dabe5e,1,,,2017-09-11 08:00:00,2017-09-12 08:00:00
ed71d8749dc3a0c622d635b7cb697bf9,c996a54bbcbb065803e6551e11dabe5e,2,,,2017-09-11 08:00:00,2017-09-13 08:00:00
0047eacb2046eeb59888d27bb1e52a90,c564956a97f5f3e4bca8891197ea502c,5,,,2017-12-07 23:00:00,2017-12-07 23:00:00
1cb04376c5d663621b3e144b6f093f45,c07ec4c4b6b4aaa539c42eed297f8f1e,3,,,2018-02-14 23:00:00,2018-02-14 23:00:00
822e632827921c1cf14e8d139bd0e94e,96aaa3cabaf6e89f14e0a8d38cf431de,1,,,2018-05-21 12:00:00,2018-05-24 12:00:00
21b5b893bb2c23cb361fc924a7a32e37,2b0a0050235aa8e9838fd802fed46e35,4,,,2017-12-13 00:00:00,2017-12-15 00:00:00
e604d38c0a9b147131a79435b7c52ba7,bc58196e2064774fac5200b5029cfbda,3,,,2018-01-11 18:00:00,2018-01-13 18:00:00
67e69ffe5decaa980e4df5f680474077,950097ce28bc2d51f1e453e6dc50522d,5,,,2018-05-06 01:00:00,2018-05-06 01:00:00
a5b06be64d6396fe022f6ca558029d89,831bef039201030915886873272926b0,5,,,2017-02-19 23:00:00,2017-02-22 23:00:00
68561badee287a929f6e292abd6a6ee8,6f102145227b051262a5aa212b3fde5d,5,,,2017-05-08 15:00:00,2017-05-08 15:00:00
cf152c0608e45be4d0b3575ef3098246,99cd0df3a873abc815aaaa3bb6123cda,4,,,2017-08-08 00:00:00,2017-08-09 00:00:00
78e1524090771f715ee76dc66fc41bf6,c742bbaf77870d52dd12bbc65eaae175,1,,,2018-03-22 22:00:00,2018-03-23 22:00:00
fb18291fdebfe7d37404efd30377c428,4919d9ff57dfba1d2d555314143e7fb7,4,,,2017-03-31 06:00:00,2017-04-01 06:00:00
d26b6c2187e47dbaf0ad73fb7ee50afd,aaee3f08ff6905680d79c20f4931bd94,5,,,2017-10-01 05:00:00,2017-10-01 05:00:00
cbf01dcb6932317a876ef409b1063540,517e71e047e5df568e96551aeeba6ad9,5,,,2018-01-26 10:00:00,2018-01-26 10:00:00
26e85cb6ebb7e6cc067b30d1094f5166,31ea282130347270681ff52852ec03ca,5,,,2018-04-17 07:00:00,2018-04-17 07:00:00
2d0f0209640933ecc68b751f84a2092d,06c6b8c26ce87f511eb2c17031e2d719,1,,,2017-08-10 17:00:00,2017-08-11 17:00:00
21136ce039ba7d2f5aa249bfc827e447,e4ac1e29d3c6756c5a2cfba89d88e7a4,5,,,2017-09-24 08:00:00,2017-09-25 08:00:00
aa8d6f817e34edc3dbe9664cf6b241f3,82ee6e080ba9ee1e75888aa1f9e33543,4,,,2018-05-08 07:00:00,2018-05-08 07:00:00
5a8ea2f5f556b55cbbf7f8582dbb3bdf,433d65c2c0f5de46714f4be5530619e4,3,,,2018-07-29 14:00:00,2018-07-30 14:00:00
a8f5314fe37355f3037825ba2603e8cd,a2aba713e5a79d2fd54719323e03a5ea,5,,,2017-08-14 02:00:00,2017-08-16 02:00:00
045404204588d5c76da2c9e054777e31,a82762b4793909cdb8582767d4031364,5,,,2018-06-20 11:00:00,2018-06-22 11:00:00
a5b33e2e910813b5882fdc647677450f,cdad77367a272eb30f6924f32f532a9f,5,,,2017-12-08 18:00:00,2017-12-11 18:00:00
17795b669a452aca1d8385f333f8cf8c,cc4282cd1474849f3b38102b7bdf1546,5,,,2017-08-20 02:00:00,2017-08-22 02:00:00
8faee492f7d9f6056bbdcd3d23e96b81,1feba1e73bb1591b2e832bbe55ba1dfe,3,,,2018-07-03 02:00:00,2018-07-03 02:00:00
0caf014434b51e6552335cad39057fc0,e28323794f3c0388ec6123eb733c4dee,5,,,2018-05-25 12:00:00,2018-05-28 12:00:00
ec606353f12d2edce6b03b0ddfe9a6ee,34d4ab34aca6dd4b69dcce117671b52a,5,,,2018-01-27 18:00:00,2018-01-29 18:00:00
fd03026637f15695ef67e86ab93a502f,c0c365283e9d547a96ce7d179a7db4b4,3,,,2017-11-25 17:00:00,2017-11-28 17:00:00
0afc32bc0299e3553e933783098bfdfb,922d82ffc29faa8fe4eb5ab9ff69af1c,5,,,2017-04-22 08:00:00,2017-04-23 08:00:00
ec35ed8814319083ce60cadaf889c78a,243517e00702c1dbd2ad8a480dfac4c9,5,,,2017-03-16 15:00:00,2017-03-19 15:00:00
73652790a9cd17503b63be004d1f3b9a,15ab1a4738a6484c634c842f65843875,3,,,2018-08-10 02:00:00,2018-08-10 02:00:00
27b8f1780ef6465e518ba376d76abc03,c80bdbd7657050eea874d557cd0e1708,1,,,2018-12-25 09:00:00,2018-12-26 09:00:00
1b993f82fdd35eea92d88eb166b9ce27,f1bef5889c0851d48f202a19d0a836ae,1,,,2019-04-17 21:00:00,2019-04-19 21:00:00
e9052c4b2c4c7385e74c87ebf10a373d,e6a19ff8ab9a95851f737931b137d223,4,,,2017-09-25 03:00:00,2017-09-25 03:00:00
766afbe78be5199ee212b2e8a91a0e8b,21be4ca5cadaf90ff365185deafb7b2c,3,,,2017-07-16 00:00:00,2017-07-18 00:00:00
c82d4afa95be2ff6f4ae5a44cd7b6acd,dcbd6ef5ef8b07d099c8cca7d51878a7,4,,,2017-12-12 16:00:00,2017-12-12 16:00:00
f9db00b0e40f1972ea94a772ab6b897b,a0903f903fc543c97c479df23f55f644,5,,,2017-09-29 10:00:00,2017-09-29 10:00:00
bc6699ffbd731fcc31ff18f9e8a541f8,f8bc60bb96773d4c1a837f9e5a3ede12,5,,,2017-02-19 04:00:00,2017-02-20 04:00:00
bc6699ffbd731fcc31ff18f9e8a541f8,f8bc60bb96773d4c1a837f9e5a3ede12,5,,,2017-02-19 04:00:00,2017-02-21 04:00:00
2e8139fee75db776b3b5ab5c9fb8d4b8,d732bacd8090661f4e02ffb304bdd646,1,,,2017-11-26 01:00:00,2017-11-28 01:00:00
b37d5941aa32fd19c1e84c4a50d8929c,cb77624651a3dfe47962e5a87f7d7604,1,,,2018-03-14 18:00:00,2018-03-16 18:00:00
107187d928336002db049d89b451c12b,2e0cf801f4366b12c391ef93aa012ab9,5,,,2018-03-10 17:00:00,2018-03-11 17:00:00
d639d8aad650e1f322315476c0050539,1cd6cf0de228d8e4e964f172a9a9bd76,4,,,2017-07-16 19:00:00,2017-07-18 19:00:00
04612c712eda833f317ca1021339ff4a,c6a3e5d453c96c608551e6e8504d39e0,5,,,2018-04-16 08:00:00,2018-04-17 08:00:00
6e96f611e00c04a33826ad580e98686d,82d621ddf00a8b857c501ef8bb94c73b,4,,,2018-07-07 00:00:00,2018-07-07 00:00:00
c46e30a49086b124c7422b51a8f4c2dc,562f62e88a0bb8e4294a8a71bf7ca627,5,,,2017-01-12 13:00:00,2017-01-13 13:00:00
309b7234130aef28f92031df0035c555,d805aa2b2d6436ea3a25be44db986cde,5,,,2017-07-15 20:00:00,2017-07-15 20:00:00
4432dbd0d02f1905a778f14edb36840c,596d88dc394b5576f8876d7dbb28b3b1,5,,,2017-06-17 17:00:00,2017-06-17 17:00:00
236bf12c181d8b09d455b87e93229023,97ea6d52f84dca4b5a332b7d1c54cdb8,1,,,2018-03-19 20:00:00,2018-03-21 20:00:00
00fc21fd8ffbcc0f058729f37c03af35,024ff385a2ef2b77a0d69a596f6656b4,5,,,2017-12-30 09:00:00,2018-01-02 09:00:00
0287413950e7ceb84a3e790343e587b9,469acda367d73e5748c31385922ba6f1,5,,,2017-10-15 09:00:00,2017-10-15 09:00:00
aab09b084e1c6d6a7b82ff4c54730446,29fda2560809c464fc90d88ae33bb3e0,4,,,2017-01-29 00:00:00,2017-01-29 00:00:00
8ed6586018dafb7a4af3e1d7632cd092,3c8f5a90dd90fef2fbf7ad206a7e95d2,1,,,2017-10-04 13:00:00,2017-10-06 13:00:00
aa4ed1334635d22a7be4039364b58330,e98a470cb894550ae9faa2067ad79ad5,1,,,2018-04-12 17:00:00,2018-04-12 17:00:00
99ccdde6390bde0d98e7d92b5f535718,1de883ef20448d4cc732ca9bc992e0cc,3,,,2017-07-16 20:00:00,2017-07-18 20:00:00
454c976ec5bc10a96cf4090928349f05,ba8914275540990249979fe3231e388a,5,,,2017-12-15 03:00:00,2017-12-18 03:00:00
72bfa6934221ad1e17be360d996ad475,959ee77e2e52635d2bc4a31953211cf1,2,,,2018-08-04 15:00:00,2018-08-06 15:00:00
87a453041ff3a9f831faf7e038e5156d,be4c2dc5bb5740e9876796d9dfb44eef,2,,,2017-08-27 20:00:00,2017-08-27 20:00:00
a9305695d4ec675d53a3939e689998d6,09954fc3efb3eb376d57ffd72ea5f54b,5,,,2017-09-18 12:00:00,2017-09-20 12:00:00
5769993ce7f1ec14f8bf491d4311fb26,3020366c7a7634b5af80ccb16cc35925,5,,,2017-04-25 04:00:00,2017-04-28 04:00:00
2bb2c51f70236aca5ee6fdea9534ee94,04579d6f93d3125a3a5604b37acd003a,4,,,2017-05-07 08:00:00,2017-05-10 08:00:00
03aefa62764da24314faa0f5e61219b5,d7b3c8661c751ad4bdecfa9d84b0249a,5,,,2018-08-16 16:00:00,2018-08-19 16:00:00
466d19a5146ce13089ecde94d5942bb2,28eda191dfb48b5fc2b35e097f101f15,5,,,2017-04-24 20:00:00,2017-04-27 20:00:00
65022273ac5fa7262064b2a131f5ee86,dc87885e8f6e1e3025d6ad4050cca99f,5,,,2017-05-04 03:00:00,2017-05-06 03:00:00
76069f22b6f23b07365142584ca15720,796c6ae6fc19285d92d13d77da532699,1,,,2017-01-30 03:00:00,2017-01-31 03:00:00
602596fbd2067a8762c60435dc5bb24f,b0b169f7378f78da14308e24709b5f65,3,,,2017-08-21 11:00:00,2017-08-23 11:00:00
1195896641a50d6841404d41cea72521,0ae700f79d0aafe2adc8a219f4de6a69,5,,,2017-05-20 19:00:00,2017-05-23 19:00:00
ad2aa94b4258828ba23e189b436770b2,eb469b21a28322e8d171504fdf480004,4,,,2017-12-15 04:00:00,2017-12-15 04:00:00
74240302e48bb336bfa5567789a29dad,6b1b8c030b7ecd79cc1b0d55933be58a,3,,,2017-12-20 14:00:00,2017-12-22 14:00:00
3b8846e61823979040460d07d4539094,1eac66fefc30c77c8f58ed08f5b917b1,2,,,2017-02-08 20:00:00,2017-02-08 20:00:00
28d8fdf437103c3f90a58dd6198640a1,8b81ea622fb0aeaa05efea2af825a8bd,5,,,2017-08-01 20:00:00,2017-08-03 20:00:00
24e73747cb1f999b4c6d98a8d78c2051,ec70d93aa260f227f46a9817194a589d,3,,,2017-03-27 19:00:00,2017-03-30 19:00:00
6a02c1e2cd766247e4acda19641393ca,31425d810912fddc0d36d15b9f3204af,4,,,2017-07-08 05:00:00,2017-07-09 05:00:00
e2751ce678fd3b1682628a03be4543f4,07afb9185020036f9adbb8f179cdc59e,5,,,2018-07-22 09:00:00,2018-07-22 09:00:00
bdedabba4e1a7019458764879555d6a4,6852c038be54cdf1478205fdc6026414,1,,,2017-02-18 23:00:00,2017-02-18 23:00:00
aadbb2fc9331653d1b3684b41b13a85f,39829dd41828da8f50d8ae135a663824,5,,,2017-08-13 12:00:00,2017-08-14 12:00:00
f9f6c49c8eb7ae33a848096ed2242ae5,9b4d6f3ebb8591534918df40b3ff962e,5,,,2018-04-09 06:00:00,2018-04-12 06:00:00
f728a97a92f72f863958289b1e054c8a,0ce3dcce0b2a29944cffa0376feb3d46,5,,,2017-11-11 18:00:00,2017-11-12 18:00:00
67fc50e01e7e0e2d408b1ac01f0eb3aa,afb29df97dddf3dcba1306b5be54b9d8,5,,,2017-01-11 05:00:00,2017-01-11 05:00:00
ce0f3a5342809061a2cbc85c3069ae7c,d7561954d0e1288198c2fc34ebde34e7,4,,,2017-09-23 12:00:00,2017-09-23 12:00:00
c51e21bdb4d2b22923a7cc57cf63961d,69b20a83471994c93d3a79abc33c518f,4,,,2017-11-14 02:00:00,2017-11-14 02:00:00
f377071a28e6a63b4fc34028695db06d,836a2e1d38f53fd1a711fd9023451386,5,,,2017-12-25 12:00:00,2017-12-26 12:00:00
0f92b3fb081df5b6e22481801d4ac6f9,9ea8428428d30ca31652142c4b6ec9d5,5,,,2018-04-28 12:00:00,2018-05-01 12:00:00
5538b109168e8bf69f3df6991b69000c,7551eb4f24b0e62f85ba25043e0790f1,4,,,2018-03-07 02:00:00,2018-03-07 02:00:00
b2e3e64bee8fd6ca59e0890fef58b690,6bfebd17f60ad0a38eeefe9559876711,5,,,2017-11-28 04:00:00,2017-12-01 04:00:00
c433c4f01683541bd1801014a48fb9e9,60df109ac0ff979ebd29e827e0f2d1dc,4,,,2017-08-11 12:00:00,2017-08-13 12:00:00
1752db082e86d47e0b32b3a6fe32d7e1,4e85661e3bc6c4e26dd5346eab2f4642,3,,,2018-07-17 01:00:00,2018-07-17 01:00:00
d3fc86218cfe8711725c5c5f983c9686,0d0b906366c5558fb54ec3231e53a5da,3,,,2017-04-18 22:00:00,2017-04-18 22:00:00
1938bfc7422491e981e02a64b8c52ae1,798f5e3fefd1422eeb4282154c3d8a35,5,,,2017-04-29 15:00:00,2017-04-29 15:00:00
6a5e52e1f20bdb321ca8d3ea77cb751d,34be949b13b8fad41ed7cc8aa0f1963a,2,,,2018-06-22 10:00:00,2018-06-23 10:00:00
8c8df318b7609e4cb90914d8ac79fd55,968c5275c2174dbbe10db2b198813adc,4,,,2018-05-19 16:00:00,2018-05-19 16:00:00
3ef3d0851e4f1499b0a9f87f9ea786bc,c49dc4fccc641c0031b41e884b0c8c70,5,,,2017-01-27 17:00:00,2017-01-30 17:00:00
4af73ae2daf398378ab5535249def69d,252b473ad2cdb6834c564c15e507b981,5,,,2017-12-04 01:00:00,2017-12-05 01:00:00
17391cff8cc990524f52ddca3b906d87,3a87b3e2dbafd3b150ff1ea703f5dc20,5,,,2018-03-21 22:00:00,2018-03-23 22:00:00
5cbe6bb35763c5c01934d49c81b669c6,cef24e8ad1fcbfa4816caa347d96e941,5,,,2018-06-11 02:00:00,2018-06-14 02:00:00
0faae5bfb9004086aa21e1537b2cefe1,4aef9e25c9699ed64baec9a5274c51a1,5,,,2018-05-04 04:00:00,2018-05-05 04:00:00
22d7e45d402c04cb6db96fa26aa792a8,53067adad8bfc4d580d54f854d3d22c1,5,,,2017-07-29 11:00:00,2017-08-01 11:00:00
2d2640223bd76e1fadeeb23b9760dd35,569807e3f16da24334def7eeb4d713fb,5,,,2017-06-21 08:00:00,2017-06-24 08:00:00
b457bba69631be6213b498dbd9bce219,9a9eb406d59101cef18f2155865b0427,4,,,2017-10-17 15:00:00,2017-10-20 15:00:00
c7893c910ea5102b2a14eafd6c456d93,7497d326215745a0d658db7dbfe46ba0,5,,,2017-06-27 10:00:00,2017-06-27 10:00:00
6c1c0ab60f8034cc13d29821d42de47a,5ff2b09f084a2ec43b9180f58daf7c97,1,,,2017-11-18 11:00:00,2017-11-21 11:00:00
ea7719193dddd241fa9866196ee83e03,e35f41db0a120876c74de5e3e31896d5,4,,,2017-08-24 02:00:00,2017-08-27 02:00:00
f995ae6a4c6836090c39de51a6f7b85d,9cdd1043ba80c88b9da3e777598c1a48,5,,,2018-02-23 03:00:00,2018-02-25 03:00:00
defc4d67d8b3680d69ac2a33c0e7d2f1,8d8f194c2a8c5fdbdcee656d7420431e,5,,,2018-05-03 23:00:00,2018-05-05 23:00:00
cf41205c276a33350a6dbd8b11365b34,5f144f16e7744ce213e7b504c58aac51,1,,,2018-08-27 14:00:00,2018-08-29 14:00:00
01daa44021dbf7f76d3fcc7297939217,cbd4b8db541c8f78489f3f1a566fe0df,4,,,2017-05-15 20:00:00,2017-05-16 20:00:00
e80ac6e710c8f7c928f93da047218489,2964aa991728c576452d52fac0ae3ba6,4,,,2017-05-24 05:00:00,2017-05-26 05:00:00
24516596e7dc5d43e5b564c91a56b638,960144c01908b1b2cbfd0aa6fc696d17,5,,,2018-08-13 18:00:00,2018-08-16 18:00:00
0ca37885d7607ffeaa8b73eb3cde0596,e702c0d88875b591e11db469bde85aab,5,,,2017-02-05 04:00:00,2017-02-07 04:00:00
a250ed787e2232796e71ad1d0a9c4b09,4056c9bdbdc27e8fb142b54e5fd62bb0,5,,,2017-06-14 12:00:00,2017-06-17 12:00:00
b31083a0521565eec65bc093f90047bb,df632d7a5ba3d1da1863f1595ab2c279,4,,,2017-07-10 19:00:00,2017-07-11 19:00:00
fd25bca9e2073d92c1c65bbb2b0238ae,5cc7127a2b148354c767364495a1dc98,5,,,2018-06-23 14:00:00,2018-06-26 14:00:00
1116bead2f63787731b770726e28b3e9,3ee5236e299b4130cafcbc0e2b66201c,2,,,2017-07-29 22:00:00,2017-07-31 22:00:00
6675b03347eebcf26664b6785203d212,c354fc525ee886273ee05165383819b8,5,,,2017-03-28 20:00:00,2017-03-28 20:00:00
f70a152317d8e814b669c307487a2d8b,5a9efefcf07c0e77b6961feb8695b07e,5,,,2018-04-06 22:00:00,2018-04-08 22:00:00
53ea4b54792f873e11c8398acf10ecb5,32562c45bfb5ab4eea57353c1dc61cb8,4,,,2018-03-05 01:00:00,2018-03-08 01:00:00
ff57c8d4c2c76cf491fd62b972d9c2b7,2ec8d7c7b2846e074cbe5d5d2c24bc1b,1,,,2017-04-23 20:00:00,2017-04-25 20:00:00
94e08798085202b0cc4f2da9d5d19277,47e75b710a9d484c915ca65d8f359e6c,4,,,2017-09-10 17:00:00,2017-09-10 17:00:00
cf237be0ecb3a74d8daf135267753489,4b295ee518076bffbcae99f6691acd19,5,,,2017-03-11 01:00:00,2017-03-12 01:00:00
095863f4e640bc255663d6d508842230,0f4fbd2bf039d524089742f0923da956,4,,,2018-07-11 02:00:00,2018-07-14 02:00:00
c28a9be4809c109e37d0d024543fb086,d142a87105b2622f3603768daa7694d9,3,,,2017-08-27 22:00:00,2017-08-30 22:00:00
13e76434c3ccb51eb33d9b53c3d6a993,b245ab9c2b4e1135d02e4cccae0343a9,4,,,2018-05-23 01:00:00,2018-05-26 01:00:00
ec0bcb99ea176ff6bccf45c875216a99,c3545cd866f7d56a11d9b407c3359955,1,,,2018-03-14 09:00:00,2018-03-14 09:00:00
ec0bcb99ea176ff6bccf45c875216a99,c3545cd866f7d56a11d9b407c3359955,2,,,2018-03-14 09:00:00,2018-03-15 09:00:00
309a11ec706eb43a89e23a88d1cc7531,976343b4b209683eb7cc715734cc97ac,2,,,2017-07-04 09:00:00,2017-07-06 09:00:00
309a11ec706eb43a89e23a88d1cc7531,976343b4b209683eb7cc715734cc97ac,3,,,2017-07-04 09:00:00,2017-07-07 09:00:00
d9d5815da6869a68612e5c861a5b558b,3ecfc25ec94e36bfa89fd6ce4726d174,1,,,2017-09-24 15:00:00,2017-09-24 15:00:00
2674fda166f0c1f528ca1d6f744a7cf5,82d10a80a76fc07bd99472c6e6b87bf5,1,,,2018-03-12 17:00:00,2018-03-12 17:00:00
ccc049ac2be6cd3f1c34abb3dbcbded5,4bc58129c5388e2adec01aa2a6ba6a87,5,,,2018-08-30 09:00:00,2018-09-02 09:00:00
2dbb875214cb07a90180acebe665c302,0449464fd736466b222b043687c73b31,4,,,2019-01-08 20:00:00,2019-01-11 20:00:00
220982875178827d601c5a403e064311,95e7b61004c0d48a98bf6a3e6867035e,5,,,2017-11-22 09:00:00,2017-11-24 09:00:00
3294f6d3ffc2934426fb2d42693ec251,ca2e8da6708aa2f7d0add6058864d32c,5,,,2018-03-24 16:00:00,2018-03-27 16:00:00
65ed7ecc6abd6c976242ca8002d61d66,12dd5bb795d6b0e448a0d015686279e7,5,,,2018-05-16 13:00:00,2018-05-17 13:00:00
3f3f433d1f1540cc4d1567e80329d92d,e3c28fe1e89f53ad970accbbfc3a70ac,5,,,2017-07-02 06:00:00,2017-07-05 06:00:00
044550e71e42ee2d4ceed03837bcf79a,9ba67574e52caa8640604075ceb6f894,5,,,2017-09-26 09:00:00,2017-09-26 09:00:00
3b6cb551d4e711aa563aba443bc8c4f7,7856fcb38b27036bd7f74004a2b491ff,1,,,2018-04-05 00:00:00,2018-04-06 00:00:00
9266226b6e3cae9f86b48979efbb0288,9f54a3d21a30a775cce6fd28f141be04,5,,,2018-08-11 06:00:00,2018-08-11 06:00:00
b1ec2961258869d90b845de2f74ba82f,b5f861b01eda228c41f3e01c7da1f511,1,,,2017-02-02 16:00:00,2017-02-03 16:00:00
58a836865824e832005f655282463029,08bbd3f5a13f7bfd78a1ad7fc95351ad,5,,,2017-11-27 02:00:00,2017-11-29 02:00:00
b63b5c5fc9d8a701ec518d979aad4f09,3fb65c7e5da17dc9ab489f7a64745dce,5,,,2018-04-17 11:00:00,2018-04-18 11:00:00
b888824457b114de3c9a5634b8ed8fe4,bb3c0b49bd08ce57f094dfd0c465eb6c,5,,,2017-08-28 10:00:00,2017-08-29 10:00:00
1785274c1430382538ec71d7dd9b6aa4,c31824150dad0c7be66693e381d9beae,5,,,2017-11-13 21:00:00,2017-11-15 21:00:00
4bd814a2474cd1a1b60f1d695d050f70,29bafb6357c8f6f60c0b2fd78f95a628,2,,,2017-05-06 17:00:00,2017-05-08 17:00:00
7c7519b75fbc84732136a1f40435aa87,d2a7e34e12cc39c8bef3294863f15a67,1,,,2017-08-14 12:00:00,2017-08-16 12:00:00
432596e49bba350105f7591a22a01cb0,6553c98b656f1ba70aa1b5133c8b8741,1,,,2017-02-27 10:00:00,2017-03-01 10:00:00
9dd4f9f47e4a721e1f93bb9d263f9b57,172f220383880cf339a20ed15452185c,5,,,2018-08-06 19:00:00,2018-08-08 19:00:00
122d774d06f4d1bb5d7b83be810409fe,688c2b33cfc62c97f831a42e3c1782b6,5,,,2018-11-28 08:00:00,2018-11-30 08:00:00
cfc85399ae1518b718d9d47636bb36d1,180922f6cf18383a7f3eb2406c543e3f,4,,,2017-09-16 22:00:00,2017-09-18 22:00:00
0c96ccda77fd35a0afc943505fcf324f,a3212daa865394a3eeb226f2a49ab750,5,,,2017-05-25 06:00:00,2017-05-25 06:00:00
af9e62a23d0120f722fc31db0bf6c417,2224a0d1ebeb50d98f8822b7de5b12f7,4,,,2017-08-31 17:00:00,2017-09-01 17:00:00
b0a6b1c944cb6c8dd7bde1f55408906f,9de9b5186c5c113810b4caaf0008b748,4,,,2018-02-28 17:00:00,2018-02-28 17:00:00
edb767a666dcf5de65ff3b15f4770dfe,b091e536918245136fb90ec652d7f029,1,,,2018-07-07 19:00:00,2018-07-07 19:00:00
5de82b8cc23450bbc81076dd79267133,9d46df4155c65dc208d87a8bcc2d93c8,3,,,2017-08-20 12:00:00,2017-08-23 12:00:00
8aabc40bd6b14c5a930655b3bfa1bbd9,0a3e1572d7bfc03e0387f6d628ef4623,4,,,2018-08-28 12:00:00,2018-08-31 12:00:00
1ab554d2e904cd0eddf547e3a918aef5,dde4fe4f03a301d05046f4a1d059a088,5,,,2017-02-16 16:00:00,2017-02-16 16:00:00
347cd0f420f6ee5cf716c1dae8b3cb11,bdc6a8046fdb20da734f61caaf5fd46a,2,,,2017-09-27 05:00:00,2017-09-28 05:00:00
c6694eaf913f187144f36f679f9fcd78,0caa73c985ac0d30634f91081140a324,1,,,2018-01-01 23:00:00,2018-01-04 23:00:00
19917aee5a20efbe7e5824b5e3729afb,1e8c6c82cdd1f547651cd985338a673a,4,,,2017-01-28 12:00:00,2017-01-30 12:00:00
d9187ff5cd3a9adb24cada760143a281,cf2df4a6c9720c70856188e7566b8b3a,2,,,2017-01-21 16:00:00,2017-01-23 16:00:00
a35201536eea050dc5291309957946e4,0ab9bb9ade04f248784ec5e9d211ad6b,4,,,2017-01-31 06:00:00,2017-01-31 06:00:00
04d299f8ad44c4f8404f9c8692b290a6,5cd1f29335b1d7d41c093b8244cb3cf6,5,,,2017-05-28 16:00:00,2017-05-29 16:00:00
4923d0c9789e44cc75b7d56faa3ca596,453013c6403fe0099df32389b79c3150,5,,,2017-06-01 22:00:00,2017-06-04 22:00:00
6deaba22e4395bfef8984efa2b16b591,afcdeb63e8b7b97dfe516a8a446e164a,4,,,2017-11-19 07:00:00,2017-11-20 07:00:00
61a8fceee2e81848258ce9b4c76892ba,35b49941842fc231ed976c7e4ae39c1e,2,,,2017-11-11 19:00:00,2017-11-13 19:00:00
72563910fc03a706774cc9decf56e78b,794826b3a75d09783856167524f82a96,3,,,2018-04-03 23:00:00,2018-04-05 23:00:00
8cc81670d3a779d367ad3af12aeaff2e,e0e730bbd18c0aecfd24276613d01698,5,,,2018-06-24 03:00:00,2018-06-27 03:00:00
01cd8f3c7d0b57ced3d857dba61b6d5d,660a3c587a9ede9daf6c671604532d47,1,,,2017-08-20 23:00:00,2017-08-20 23:00:00
7233060cb0c5b8f25ab445ac569c16ba,96e8244525906585c7828c907b25f00e,4,,,2017-05-30 13:00:00,2017-05-31 13:00:00
4fb581b3138baaf1f8cbb96e1acbb1ba,a1d2fc0f571b8409544b032552a9e050,1,,,2017-07-16 21:00:00,2017-07-17 21:00:00
cde661174d741facf938c93ca38905fd,668d7b7232cdc1d00c99a75bd9d01c72,5,,,2017-06-21 21:00:00,2017-06-22 21:00:00
eac04858b4d7d74873f833d35db58cdc,791868e3f9f08c1c6979bafa436e7bb8,5,,,2017-09-24 16:00:00,2017-09-27 16:00:00
a077da2558d256138ccc288811a82fa7,8f3f57acf634100c64bc999b8250b470,5,,,2017-11-27 13:00:00,2017-11-29 13:00:00
00c081247123dc83104ad7ea6cb8cc22,7770b90ef25d2c850622a2946399839f,5,,,2018-05-23 16:00:00,2018-05-23 16:00:00
f634cd4f6cbc925026cccf5acfd92fcf,ff99581de428539a4963cfd4f15acfd2,5,,,2018-03-07 18:00:00,2018-03-07 18:00:00
0a2464f38b51dc9996a0465b9d1ca8c6,1f846af375ad919a73d1ca2b608a626f,5,,,2017-08-01 15:00:00,2017-08-03 15:00:00
d9f9b0084dd5ec39753a531b100af3a9,6bc515b3e41f58453880446d8dc10914,5,,,2017-10-10 22:00:00,2017-10-12 22:00:00
d9ce8b2660293a67704cc8c3af706ace,d04536d0607c2248cf1ae19dde598930,5,,,2018-02-16 20:00:00,2018-02-19 20:00:00
40b05a6b10ec3c873bc1c038f4ea6d5d,f7ffc08adbba8812ed632454376186d8,4,,,2018-04-02 20:00:00,2018-04-03 20:00:00
31bee6d3838a8b8c1842192b6cc7f157,17c169a55b8b8ccd2618dd5d32ae5cb9,5,,,2018-02-11 19:00:00,2018-02-14 19:00:00
6c59c38c51f0fe1d8645fe26a18028d5,4fe0887115f54aa03e42ee14f70c276c,5,,,2017-03-12 05:00:00,2017-03-15 05:00:00
06fdb09b2745639dc9cb7eca4a0dff8a,a813611b94040039d26c81056d8533a2,5,,,2018-08-02 19:00:00,2018-08-02 19:00:00
c21714981d26b39d1355a620d9afa521,dc237929fbacb2e8186f4fa504e34cb1,1,,,2017-10-12 17:00:00,2017-10-12 17:00:00
83125afa956a135143826ccb2c5af0c8,f90d3083f492444660fb298e845ba11c,5,,,2017-07-30 13:00:00,2017-07-30 13:00:00
3558483c568b5a8d3bbb33feaabb7d32,3f0cbf7dc99bd7825ea6c0a0285f6c82,5,,,2017-10-26 07:00:00,2017-10-28 07:00:00
800dd8dd541a1fab8c6c6191692bc7c4,6364d40ffd692ef1c1464090b502ceb4,4,,,2017-09-28 22:00:00,2017-09-30 22:00:00
b0ee1d5478b636850f161581612981b0,a38ff7139719d16c786b687490c50d15,1,,,2017-05-15 07:00:00,2017-05-16 07:00:00
4be9e5d7b3d916f2d7aaabb2637b510c,bb5ed05462f80d9423d2f968e56fd112,5,,,2018-05-18 23:00:00,2018-05-19 23:00:00
fd54c0c973955c9568f5a1409ed3f7e1,23817db975c32e981bdfdf34990c8fb9,2,,,2018-10-19 11:00:00,2018-10-19 11:00:00
aa775836eaea93f679eabc7337275969,999eff31387e1146542186b737ec649a,4,,,2019-02-12 20:00:00,2019-02-14 20:00:00
295b5073ec361fe5e62224bea7f9ead2,43ead84ab0fca9d9cc1186c08ba5944f,2,,,2018-07-19 04:00:00,2018-07-21 04:00:00
ed9ac1dcf0702886d65b7bc27c5470da,1285c5f5f6fe34c8bf7c4122087166e1,5,,,2018-03-16 22:00:00,2018-03-16 22:00:00
ef13319e7c0d5c79e89c8fca22ffe9fc,ca6c57e0161efdf6e23e12f0b3af11a9,3,,,2017-04-20 16:00:00,2017-04-22 16:00:00
2acef9bd564e7d79582a344fd06c0d92,125e0ce99aee253d300176036dbf7fbc,2,,,2018-07-02 13:00:00,2018-07-04 13:00:00
fd92ea2ada0b7ca42548f600e2f27f04,10a423decf08ac06b87d6e7a7c8f1e1a,5,,,2017-03-19 00:00:00,2017-03-21 00:00:00
e07fb7511a447ac6cedad670c72cee50,424d346906a0bfb45df0fb2667b43715,4,,,2018-02-12 12:00:00,2018-02-15 12:00:00
e07fb7511a447ac6cedad670c72cee50,424d346906a0bfb45df0fb2667b43715,5,,,2018-02-12 12:00:00,2018-02-16 12:00:00
974f65f59b228880fffb00415ba05fa5,2b22d9cd685b58a978c2249a01f9214f,5,,,2017-10-15 02:00:00,2017-10-16 02:00:00
b340e35da3b9fb3d1e1efa474a0d7cd8,449a1d038de2fc8dc055ceb0b9ee2247,1,,,2017-11-30 06:00:00,2017-12-03 06:00:00
49b48c9b433c2de9a7e19facee09a932,76e06135c25905bf994aa04f0a7ab509,2,,,2018-04-07 03:00:00,2018-04-07 03:00:00
98a494d1670a12c8b87276f0d26fdb7e,9c38e544ed2483098e32fd20ac941700,5,,,2018-08-04 13:00:00,2018-08-05 13:00:00
75aec0726b9deef254e114bf637536e0,0556cf65c4a5dc98b2a7c9b54e5a046b,1,,,2018-01-12 23:00:00,2018-01-12 23:00:00
c61c79b475b78c754d219a3c44f455a3,3900f29bed2b667417de253f6a147272,5,,,2017-02-28 19:00:00,2017-03-02 19:00:00
7fbda5ded58756bb2c92f14d625924b2,832507834d2de4cb366c6b8a2c9266a4,5,,,2017-07-17 08:00:00,2017-07-17 08:00:00
e1ba206fe7a25a162f0ee497646e6d6b,24f753a3a83b921238bc4ce736804804,3,,,2018-02-01 00:00:00,2018-02-04 00:00:00
a5e55d3a94eeb2afb56f89942f0dfbce,d24243abf007eee0c7bd7b6388197b4c,1,,,2017-09-01 23:00:00,2017-09-01 23:00:00
88d3542bc826a9b4ea8230457729407f,bd6e2570839d8c611061abba7e02bf27,5,,,2018-01-29 17:00:00,2018-02-01 17:00:00
9353e111c8a411f706c8e1aa20016ab7,f1ea44de4bb38a829d6ca0211e46ecdc,4,,,2017-11-22 13:00:00,2017-11-22 13:00:00
27c28d0c95f5442f5b117f208a05ce06,0f53e8c59ffc9099b8ab2113cc1241a5,3,,,2018-05-31 00:00:00,2018-05-31 00:00:00
6ff66a794278a00e24a8d5fa3509b022,d8868d4d493bafc41547c5db1573223d,5,,,2018-06-15 20:00:00,2018-06-15 20:00:00
b348c8b029e61c7b5a64b5e8cdc7b3a0,1a70a81a4202c418b6aedb91890e2e44,1,,,2017-08-29 21:00:00,2017-09-01 21:00:00
a01f15496823c8694e8c378e058cd5ca,f16cd8d050e04efe4797222cfe50fbba,5,,,2018-02-01 09:00:00,2018-02-01 09:00:00
a8205206c8573376de6195bd6fe4e214,ac1330dfd18432b5249b4a0e1c1f989f,5,,,2017-12-22 01:00:00,2017-12-24 01:00:00
8e35490d73e99f684ae8285c17f6a4cf,7622d6797e51471be49a4f584aeedf72,5,,,2018-01-16 10:00:00,2018-01-17 10:00:00
cb34dc5ee21eb19b2368d3c1fd0a5f40,27f38c77e17e22cfbb2bc475a525c6d1,1,,,2018-03-26 06:00:00,2018-03-26 06:00:00
8a4e4e3fb0fb843cfa31346bf041d961,ad071055b854a254e35b8688e42ef1b2,5,,,2018-04-25 04:00:00,2018-04-26 04:00:00
a7308128d32ab0f60cc7754d5fcb995b,ead7bec59b4974a540d15c15ad5b9058,1,,,2017-08-14 01:00:00,2017-08-15 01:00:00
5705aed4824bef98e4c49882628cdff8,e502fd39b0e0565ab72423d687d5292c,2,,,2018-02-15 04:00:00,2018-02-18 04:00:00
ca51be9e766c46ebe379cc86279edbac,8174a0965a2df2b151d9170e7544d3e6,5,,,2017-11-07 17:00:00,2017-11-07 17:00:00
f83ac1f55534f77d07308155dd65fdf2,63a6b06fed871e968415c0385da5f675,2,,,2018-05-23 14:00:00,2018-05-25 14:00:00
edd4f2094486fb1bd07b77248a17d00a,8ba1740726633334b4a17f7a709240bc,2,,,2018-07-20 13:00:00,2018-07-22 13:00:00
7794e58e8b5bbbfdcdc54cae01218ca8,d36328f4e6a4ab122857d66d345aac28,5,,,2017-08-17 15:00:00,2017-08-18 15:00:00
0fbd0e7f9a40013bc7bd55950047dfb9,8e39d3e839485a8ad4227f59c3f97e60,5,,,2017-06-02 04:00:00,2017-06-03 04:00:00
0fbd0e7f9a40013bc7bd55950047dfb9,8e39d3e839485a8ad4227f59c3f97e60,5,,,2017-06-02 04:00:00,2017-06-04 04:00:00
6713250d661532bbc599f9ca5990e243,ad84fd1ae3715388377383357d25eadb,5,,,2017-10-14 04:00:00,2017-10-17 04:00:00
b17ac3155ca1eca40570b7f6756a64f9,b6a160619d7032c104789ccf041dac52,5,,,2018-07-02 12:00:00,2018-07-02 12:00:00
81f2146049fd5ee55192afa7387cfb13,54292824f1d6d202e86a5ba5152652ea,5,,,2017-12-16 13:00:00,2017-12-17 13:00:00
55443efb89e9f343649183fb4f74edc2,62684b43408cd80dd175b167175ec2b5,3,,,2017-05-14 07:00:00,2017-05-15 07:00:00
a51c67a2e10d3cfd0e98ddb8bac93cc8,ace08b86bc11330ae16dac5bb06fcf8c,1,,,2017-06-02 09:00:00,2017-06-03 09:00:00
47578291f3abbd8bb2f2feb755ff0129,16e384c4034b0549cfd3aab23365d25b,1,,,2018-02-18 20:00:00,2018-02-19 20:00:00
dd7edcf9fbf0bc30da6173ed594a4f2e,0cf24f5aaed557269fff8f802e0182a2,5,,,2018-07-28 02:00:00,2018-07-28 02:00:00
8ec565cb183bee9b23b6ce8cfa8e2dec,753f6434c4e3f86241a5b2f0fb3c8d94,5,,,2018-11-07 06:00:00,2018-11-09 06:00:00
a79d10a8ba8cb85a1678daa2064a88a6,c1e96e0e075e3b87a5cba86d5b216412,5,,,2017-09-18 03:00:00,2017-09-20 03:00:00
22b54f371b2e1e898913f2f090cb3309,83cf176eb0ede2f5d4af795e83c4e6f4,4,,,2017-07-03 03:00:00,2017-07-05 03:00:00
d76d6de71d38fbc5a5f625dd148d26db,8c8e302106624e644bdff0e061539a40,1,,,2018-04-15 03:00:00,2018-04-18 03:00:00
1e7b1fddd2228ef835f856e89acf760b,a37b16b0b439bcc898285c33450fa0b1,4,,,2017-03-10 14:00:00,2017-03-13 14:00:00
a9d0ff78f22f7c79641a6d824e196e19,2c3a11e7c9164a3b42fd68fbcff88b63,5,,,2018-06-08 16:00:00,2018-06-10 16:00:00
4bf2cc01c95b44d832c3bb9881b58d76,5ca4a0983551bf83c9faf9b77e31c35f,5,,,2017-10-03 09:00:00,2017-10-05 09:00:00
6e3d5887ba92a64af9b39a02df0b6363,4cba06edd47262cf64425305fa87fb09,4,,,2017-06-19 20:00:00,2017-06-20 20:00:00
50924b7f971d4716f8dc2be1d8338894,b881d322fe9943425c762bd60f403393,5,,,2017-02-12 04:00:00,2017-02-13 04:00:00
ac1e3050afc93facaf0c363bc59349d1,fe2895ad8f20d2d155c7f7662340c896,2,,,2017-10-02 04:00:00,2017-10-04 04:00:00
8dd36a903143ac24874db9313933a7d4,3d2f24d32469980a1c96c12a19befadf,5,,,2017-07-25 20:00:00,2017-07-28 20:00:00
3f58ee693325da6074a401316a6d7c9d,e8aadb20d2e45ed59a8765d7cc55f077,1,,,2017-10-10 14:00:00,2017-10-10 14:00:00
d815c81bca43f7c5052a5c273d9156b6,bf461cbede96c3f4c332f820b8cf55d4,4,,,2017-12-03 04:00:00,2017-12-06 04:00:00
a8568d841727d487ef8df74dd9a74d36,d24e387a9d94601bb89a3e7c54764d30,1,,,2018-06-17 05:00:00,2018-06-19 05:00:00
d9d09e8b85765c2a15c7dc6ee5326380,c912280e2cfaf3c48d8fe74d250e83ee,5,,,2018-03-01 12:00:00,2018-03-02 12:00:00
1c8e1029825d22b42966b97edb73a0c0,fb37f111aa1adda72822f0a9db12ad2e,5,,,2017-09-14 17:00:00,2017-09-15 17:00:00
0e757409324d9c77dd070b9d5f876ba1,8cc9308797fcfb3a19134417281f8439,4,,,2018-06-16 09:00:00,2018-06-16 09:00:00
b0950247af51f151687862c445ecaad1,8e114e0d7e8eda3e8f7a64a53e792193,3,,,2017-06-12 02:00:00,2017-06-13 02:00:00
2c7efbe23c6d8133cbccd4fe5c95e249,d481ba963e5bb677e37f9a6313551496,5,,,2017-09-16 17:00:00,2017-09-17 17:00:00
198774c1b79f18ebb2e13d2341c962f2,d752133c6a53747a38e644d9693c3019,1,,,2018-03-04 09:00:00,2018-03-04 09:00:00
244ae9f078fd07ff9b02912b6b99cfc8,a77a5affcb61756c070fc7e9cb55bdaf,4,,,2018-04-01 02:00:00,2018-04-03 02:00:00
7571b6d7351cf7397e923c575d0b7acc,cf95e764af31e92dbbff1e4b7236b469,5,,,2018-05-06 13:00:00,2018-05-08 13:00:00
a04f43702c92da234c5632d4af27966d,b7a6beb2ed791d94a7c037b5aff8d43e,5,,,2017-10-31 10:00:00,2017-10-31 10:00:00
eba81faf9a753c81aed348557c861c03,ec4f16ece31de8bd350ba5226be74e77,4,,,2017-05-10 10:00:00,2017-05-11 10:00:00
28292b598378dd1820d71ec82b9b541c,b4fa785bf477649bc78af9dc251c8c20,3,,,2017-12-20 18:00:00,2017-12-23 18:00:00
1b40abe42283afb3de458dafee0b349c,a6e9b5ae6685c327f22d1294fd28a4d7,1,,,2018-08-01 18:00:00,2018-08-02 18:00:00
fdb943886d0f881213ad147a7fe5339c,e9f276a97cedcd0c37c983606917e2e2,1,,,2018-03-24 05:00:00,2018-03-24 05:00:00
f7ba4319e75fc9d86bcd1399b1e155ce,1edb568bebc19f826bed6efa31c8c87f,5,,,2017-05-18 19:00:00,2017-05-20 19:00:00
d1a376501b36101def5ffb6ee7941ab1,2774e089a1d275059a8fcb9237c386e5,5,,,2017-06-17 01:00:00,2017-06-18 01:00:00
89d33a59944caad6c9cb6705e1c61e1f,4219eb725ba6612b42d8c5239925df49,5,,,2017-05-23 04:00:00,2017-05-25 04:00:00
02de5777f980c29c4b322b05b4e48d56,7bc3b7b175fdb0a01b8c674ab3dec96d,1,,,2018-08-27 05:00:00,2018-08-28 05:00:00
ab0c16ddfc3953ebab5deee327c1d438,e12ac803867432ec9de1f9efb0376816,4,,,2017-07-02 22:00:00,2017-07-04 22:00:00
4fa0b71651e6361009f7689877ab5595,f01f7382e4fa62c2b398e4fc59dd9452,1,,,2017-01-31 19:00:00,2017-02-01 19:00:00
2afa3f05c67e7ffb2c5b5c649996379f,e6dd8969aada8ba0137ad987dc2e10f5,1,,,2017-03-24 18:00:00,2017-03-27 18:00:00
8473d2d6acaf08fb4cc6c4d9ce52f6b3,c12690a1c84db23a8ab12c8dd29dc973,1,,,2018-08-31 05:00:00,2018-09-01 05:00:00
29c036fc58eef3cfdca9fd3393dec16a,9cbf4d7de70c32806fa97de7619987c0,5,,,2018-02-06 04:00:00,2018-02-06 04:00:00
7490759bf3150cf7823775928cec2d07,5f8b3066fd1b31a39f18336dce94f92b,4,,,2018-07-19 18:00:00,2018-07-20 18:00:00
06bcb3c014aee34d150046e3e87ed008,aabe05a366e7303ca52267569c4b1428,5,,,2018-11-06 16:00:00,2018-11-09 16:00:00
fbbef86ba3c0d6dee33938389c569701,5367210cba575e206ea0682e6b3887b0,5,,,2017-05-08 20:00:00,2017-05-10 20:00:00
dcb96c70faf768500e42291254979c9e,ca7e2d4e939cfc04b518c9e1db5bf8d9,5,,,2017-01-19 20:00:00,2017-01-20 20:00:00
d9a3af5a1457e890c510559c059077ef,fe22a8c383a022e04d04ccf1d4b744c7,5,,,2018-03-31 19:00:00,2018-03-31 19:00:00
3e9e7190b7febe51bd1eb06fbf490d20,80f378ccebb06b15a48803694b400975,4,,,2017-04-19 23:00:00,2017-04-22 23:00:00
e8d4523ce6d7b38f9d3fb2bf826aad17,be2721cdd79b37a1b6ccece57a0e1bfe,4,,,2017-08-26 01:00:00,2017-08-26 01:00:00
05c45acf2679e833df43365943e01c80,4906c7eef0e208b93d4b1695a66a8b58,5,,,2018-06-04 09:00:00,2018-06-04 09:00:00
3e81ac7557e9687c436da10db8ec06fe,c11f1ed9512cd0581376ca781698a88d,4,,,2017-11-20 01:00:00,2017-11-22 01:00:00
990cf751c3f02831b07ecdca999a0fbc,f10543f9215070d4ad44fe0cdd6b5802,5,,,2017-09-15 11:00:00,2017-09-15 11:00:00
c82f68dbdbc69dfca6a148c3abd4b9a0,f62f7486bfb65261370ca09a809c2262,2,,,2017-04-21 01:00:00,2017-04-24 01:00:00
112c812427d32d45ea24ea3a2cbb71d7,5ffb3b71960f08b499b3bde0fa5afb37,5,,,2018-01-29 18:00:00,2018-02-01 18:00:00
c878a7ad39d68ef9b8d573fcea943434,8d405bf9369531db3e5eed9fde1c01f3,5,,,2018-02-11 03:00:00,2018-02-12 03:00:00
ce85eee89f63e175e0778f8957fe8160,ecf8c9224f624e9b69e2fcb56802711b,2,,,2018-07-23 14:00:00,2018-07-25 14:00:00
32322ae9fe2507bc0e34681cbb7a9b9f,e318ea61d6e9aeba84d1fe3bcec23863,5,,,2017-06-25 17:00:00,2017-06-25 17:00:00
157706e63fdc848e32571e92168f1a46,28303f49ea2b9b894fcf4a3e2c4cf708,3,,,2017-10-18 23:00:00,2017-10-21 23:00:00
535659374e307317ccdb3925bfd2ef7c,02a094324bfd38014eabfd0dcef7b77e,3,,,2017-04-02 03:00:00,2017-04-03 03:00:00
5b184e8c7fccf867cf805983a2007835,575bb6ff44539a5399135320e7a38ff8,1,,,2017-05-09 17:00:00,2017-05-09 17:00:00
f5cd3fcb0befb63a07cf3600255100c2,eeb1ae97ccb49d2d92abe1cb7f1f2b30,5,,,2017-06-04 23:00:00,2017-06-05 23:00:00
d4edcca1ef70014eca924da82c6aa91f,1f41b98bf0745dda768c73d98e76db29,2,,,2018-06-05 10:00:00,2018-06-05 10:00:00
7dfcb03a8f11b60e83cb763e38767632,f74e54849b6382e5facf99ffb14d94c0,5,,,2018-05-14 06:00:00,2018-05-15 06:00:00
c0f0363214636298e1d852f3e70d9181,12f62dc73cd6f53fd45fdfc89f99c8fc,1,,,2018-03-31 19:00:00,2018-04-03 19:00:00
96a981893d4740c78f90364f20ce29eb,963cae6e8563e2f8fea9c616db59ba43,4,,,2017-12-19 03:00:00,2017-12-22 03:00:00
86899a0528aa6964e2cabd0cdf652d96,7e510fa264d2e86abaeb5ab7a8527165,5,,,2017-03-23 11:00:00,2017-03-24 11:00:00
7ac9080c3803fd7f8d39db39cd3ce090,277dbdc637e4b92786e5b1581c5c4751,5,,,2017-09-01 00:00:00,2017-09-03 00:00:00
f881ec7b4a87aa78a2d855c2b4ac4cd1,14503e5b2584e91255b067537995ec3f,4,,,2017-12-01 14:00:00,2017-12-01 14:00:00
65606cc71c39d22bd5c729d10f9f5ee2,9cf5fe1644aa1ea739595bb255ab4e6d,5,,,2017-05-18 05:00:00,2017-05-19 05:00:00
34381df6cb2b970402134726464bcffb,205218cc25036cd347e151e5ec05e1e7,5,,,2018-08-29 15:00:00,2018-08-29 15:00:00
bfd7d03f552f9feda10e6d9e0c4ed3f4,667676eb662d826f86e86510e192abec,3,,,2017-08-14 14:00:00,2017-08-15 14:00:00
62e3129d28a189bcea08154316df0a19,a064c0ccbd279fd871c74f6268a5057c,4,,,2017-06-27 02:00:00,2017-06-28 02:00:00
4e8bafc4cb208d251891f8834c8706bb,7220abf900a5a790653a81fbbf966001,5,,,2018-03-05 15:00:00,2018-03-07 15:00:00
38ffecca4e509dced5d9211ea37e5f52,3e99fd32c28c57bbac475be8c263cf0d,5,,,2018-04-14 04:00:00,2018-04-15 04:00:00
3d8a53714348de60f6003f099d53e7f8,b9d6279b240faa2ff36450ac2cba898c,4,,,2017-05-12 04:00:00,2017-05-14 04:00:00
bff7eb5cac952a16c6769625d5805bc0,66baff8a563653c3801f8e86f640ab28,4,,,2017-06-01 12:00:00,2017-06-01 12:00:00
4125f4e218948127b76091dfa2338347,27c73e180b57fc736707174668a6143d,1,,,2018-06-12 03:00:00,2018-06-15 03:00:00
92a19e4675c35754621a8cbff0ab8589,0aaf7ae7fea44402570d3b3892686857,5,,,2017-11-11 09:00:00,2017-11-11 09:00:00
f78fd86315db1e89c77278074524a8de,27f5e4d5b42176c0e763b8fe65dab531,5,,,2017-07-19 03:00:00,2017-07-20 03:00:00
daa9d91ac4844fccb41eb704322e2f0e,4f54c90edb7611cde928966877d51bca,1,,,2017-02-03 22:00:00,2017-02-03 22:00:00
ce1b4bf828b89843dde27d0a52805fbc,27431a1bd052857e8f8b55d15d60be10,5,,,2017-09-05 11:00:00,2017-09-06 11:00:00
ebdeaaf961cdcd0c36bd822c15d80f71,7395d3fc518775b3c23f58aac21aeb93,5,,,2017-12-09 19:00:00,2017-12-11 19:00:00
18f23779e63f174d0f4634eff98b05df,97d63070b0a4efb519ab1de18a353f73,1,,,2017-03-26 05:00:00,2017-03-28 05:00:00
d69d4bf7b0651d397b977dcea77a0637,006a218f321284c402ec48f163a0793b,1,,,2017-08-09 06:00:00,2017-08-12 06:00:00
15541a3f9ce555f496bd0f631bf3c2e5,8bac739c482d26490ab32f5625b441ff,1,,,2017-12-30 22:00:00,2018-01-01 22:00:00
30158278198f2ed192e906548f03e621,053b1b94ae85e8619bf63df33b0e908e,2,,,2018-04-06 14:00:00,2018-04-08 14:00:00
5e38ff70fe602765c5cfd69632f0cc06,1125e8c93f215d74ec1a1d25550569a3,3,,,2017-01-25 10:00:00,2017-01-26 10:00:00
5e1ddfb8549657d69244704e1637401e,159f3cf1d9edaf6a53868606cdae0f08,5,,,2017-01-24 23:00:00,2017-01-25 23:00:00
629b799772be6ac83d338c193576237c,edcf79dd7e26f4ae19976388742bf60d,4,,,2017-08-26 01:00:00,2017-08-28 01:00:00
fbcf5d7bc14318aae993a0e555552e00,47a1fa036345239e026761140f862b69,3,,,2018-05-16 00:00:00,2018-05-19 00:00:00
d4fb02df69ded7967a31942ccd80c7ae,b36ece454db03f46962e9b700b0e7258,5,,,2017-11-16 07:00:00,2017-11-18 07:00:00
02aaa83a9478ea2c34061068c21a2ab3,4e82263e64678700790003b9937d472e,5,,,2018-01-31 04:00:00,2018-01-31 04:00:00
d34e5d4ae4a0e5ff90a3e4be91caf414,6ab77dd4bddc50ba594fdbf8dbb7ae2d,1,,,2018-05-05 06:00:00,2018-05-06 06:00:00
edd7c80196e20abf9de576ca37367c37,3d055998c260ca067013fa67f244281a,4,,,2018-04-01 02:00:00,2018-04-02 02:00:00
d3f9a489e2c28f4e87f3b67e40f99662,0097223feac90c4dae17d1993a003703,5,,,2018-02-04 05:00:00,2018-02-06 05:00:00
adc19d0707048a39659a69e38b5af1d2,853135f4ccafc4afc3c153c8c0e1ab61,5,,,2017-09-26 11:00:00,2017-09-29 11:00:00
1cf423ead1435d599386e7f12c765e0e,17d0d0fce63ab8e8e6e723a208c031d7,5,,,2017-05-31 05:00:00,2017-06-03 05:00:00
f276285b5dd7cb884c2cb9855c60d130,81adcfe78e84687a8aba16842ec8c9fa,3,,,2017-05-13 13:00:00,2017-05-16 13:00:00
f0588da7ee97d7258af8689bbc2552e8,776a6a9bdfdbb3e221b1107e6a40e034,5,,,2017-03-20 00:00:00,2017-03-22 00:00:00
6eaa42be90c45d251b5b0268b8ed0933,02ade14aa4ee7e8fb50c39ce88efc6f6,3,,,2017-06-12 09:00:00,2017-06-12 09:00:00
cd549bfa3604ebe1d7a224916dea4b87,8cb9b57e279cdef78ff63d7ed92fcf51,5,,,2018-01-07 13:00:00,2018-01-07 13:00:00
c27d55713c5289ca7314834eba451fa6,1c56cbe0dbf54731b22c79f64d7e0130,5,,,2017-01-21 14:00:00,2017-01-24 14:00:00
99f5d74f026d8738497e1b15914fd104,57b525e0e222af50a131b2983292d4d1,5,,,2017-07-20 03:00:00,2017-07-20 03:00:00
1bd5f0143de1cef6777da5d025f78b6f,b1a191c7f810be73c77a0940b1cc3f7c,5,,,2017-05-26 13:00:00,2017-05-28 13:00:00
c2fc1353f67bd794cb3f5768d58539af,6bcd7ba35408c506ddc4c146f5c2aa4a,2,,,2018-03-07 09:00:00,2018-03-08 09:00:00
681593bd740a5464d7a949924cf509eb,985a570fdcf07d7d3fcb545c5a586ba4,3,,,2018-05-27 20:00:00,2018-05-30 20:00:00
af14b8023b2fc527f4b9a6d84e47671d,a89ddb8c4282c052516eeddc532bbb65,4,,,2018-06-01 15:00:00,2018-06-02 15:00:00
75692fd5d1a583c4b6eeac6130dd57bd,559986e738f14f3db1a44be98ed4e35b,5,,,2017-07-20 05:00:00,2017-07-22 05:00:00
97fec5ab14256fbe123a95874e386be3,d1a0635e1888cfc2539f916e21cf4640,5,,,2017-04-02 10:00:00,2017-04-05 10:00:00
1f0bf9a4f30b79dc7f057f985ba21b8c,8451c1a8c54c409e7c7f14c5f0fe4ca8,4,,,2017-12-12 09:00:00,2017-12-14 09:00:00
0e031c3627623cda4a06819d0aa212d9,d7036509047790cc3efbe96d68da3509,5,,,2018-06-24 23:00:00,2018-06-26 23:00:00
f94bb175cc9b8fc747f2bc0d09cbba81,373cd38faf931ea53099d7f64e5abb0e,2,,,2018-03-29 08:00:00,2018-03-30 08:00:00
8dd15aebfbc7b2a5a368d7fab9583979,d13a962d8706741a16ae29325a3145cf,4,,,2018-03-05 05:00:00,2018-03-05 05:00:00
14559383e4465eb17621a04369624b67,ba269dde39289fd084092d5c7752fc64,5,,,2018-05-08 06:00:00,2018-05-09 06:00:00
2584470cee9765f796ac9b5d35a262f7,8fa9ef09de4f495b11813a485f610696,5,,,2018-02-01 07:00:00,2018-02-04 07:00:00
237474650ebd5e22aa2f7040433b2440,7a10b865b418f5ac783fed58c5417a7f,4,,,2018-04-10 17:00:00,2018-04-11 17:00:00
abd7126dc5bf163c3842203186b1e44d,09569f9bb84cc165be8f69b3fe57d79b,5,,,2018-01-02 03:00:00,2018-01-03 03:00:00
27bb607f563a14f625308df22821922b,7de14528048bed80fc64fa8139dccd07,5,,,2017-11-28 03:00:00,2017-12-01 03:00:00
670d50ef69ae6c7511c7753756397555,09f8d2524976dd3cf4344a1de58a2bf7,2,,,2017-07-12 03:00:00,2017-07-12 03:00:00
d61dcbb18b51fdb5896496a940459b31,a287dd107c64df0e468154a7c5757f5b,1,,,2018-09-07 22:00:00,2018-09-08 22:00:00
c9b77e59c852aaa4ee4100c0744674ec,d5e82907d66cd55312dc4248f169e2ce,1,,,2018-05-16 19:00:00,2018-05-18 19:00:00
dada6c99ffda04dadb9d101bf1a158d1,f2b10b8dd8d4eb9950b95cecbbcfae06,5,,,2017-04-29 15:00:00,2017-04-29 15:00:00
cf2fdf29433ebdf61ac4de3532abb4a5,0091e9b1ab23e5319655c748dfb63993,4,,,2017-09-16 19:00:00,2017-09-16 19:00:00
c252e7c36d3772522af6e2d83961b8ce,0dfdb74fca621b3e44cfa19699823cb4,5,,,2017-06-18 22:00:00,2017-06-18 22:00:00
95790a83a2dab49ea2b536e4c65fad0a,0944c6e5d625e7cdaf795462166c3d7f,5,,,2018-01-14 08:00:00,2018-01-17 08:00:00
0958f5b5fe219e910d548373d5079c79,fcfc7f44067d8b791b4522cfcee13087,5,,,2018-05-02 14:00:00,2018-05-05 14:00:00
3e69e1295c359d673bf07cc4ba15a44a,9787f16dd965b593558d51775b4ee0c5,5,,,2017-11-03 17:00:00,2017-11-04 17:00:00
fdb455e71407983fb388181a42c21e1f,1c9648c1b7b6ccaf62cb71fcb826ba1b,5,,,2018-01-30 20:00:00,2018-01-30 20:00:00
4bc4bb44f04cc6bb1a040d3303fcc1fa,5d2474ab5d83baf5018046d56e3013a1,5,,,2018-05-24 22:00:00,2018-05-27 22:00:00
f55b0385c8a541c6148845caaab401a9,b21382b179b62e0121dfbdc3a9524bf2,2,,,2017-01-27 10:00:00,2017-01-27 10:00:00
eea28bbbac81ae9b325723d520bb37ad,314969e575ad231b95de12d5d89938bb,4,,,2017-04-25 18:00:00,2017-04-28 18:00:00
a09bdffaa133914fa358e20110295209,a0cd1abb3eb91bc0a0caf7b8f2dd2f15,3,,,2018-05-22 21:00:00,2018-05-25 21:00:00
2630fc95889df69ce652b0c1c9d42fd3,6c6e77173d1dcaab9b8871526fb56ab0,5,,,2018-03-27 18:00:00,2018-03-28 18:00:00
f8d4a655df427b521ceb509281de204a,d880be2a9ae228564291c441954ad961,5,,,2017-07-10 22:00:00,2017-07-13 22:00:00
b696d9a5040c370b26e5ce42b02705d7,8fda8d85520a9f1a06470faf850d8003,5,,,2017-03-06 15:00:00,2017-03-06 15:00:00
fa0c04995be79eb4d4a0c8279a055c86,3763a3b105c1bac4b98f805c653066a3,4,,,2018-03-17 15:00:00,2018-03-18 15:00:00
5d616d41290a407f1a7915251aa48677,d0ed7c33a4bc556bf630095390779aec,3,,,2018-09-10 04:00:00,2018-09-13 04:00:00
3ac2546470fe1138a2fd3e962bf8c7bd,03b09dadcbe64a1607d750cb353f1d07,2,,,2018-12-21 16:00:00,2018-12-21 16:00:00
af36e2861764503454ff0f8d5a7dd36c,d84ee48f72fe0ed89dffaff51065cdf6,5,,,2017-06-25 14:00:00,2017-06-27 14:00:00
d71990246c09f3f01fbc5bde389ae591,e08a82056de4edba20fa6f1120ff74c5,5,,,2017-11-13 20:00:00,2017-11-16 20:00:00
54464f1f198fecf007083aa68d64c7d3,4e387140ad125a76ba15059b78a38a81,5,,,2018-04-09 04:00:00,2018-04-11 04:00:00
8c59fd47d66356a180d2a793530a6263,4bb42f61212d115e961af01700eb7763,1,,,2018-09-03 00:00:00,2018-09-03 00:00:00
151bd6903896ac170a5622ec66e0afcd,b68e494dd9d035e3b30e4822f463beb7,5,,,2017-09-14 23:00:00,2017-09-15 23:00:00
997e5c7b7ef4f75871e61a3652388930,cc2af8dfe411a1a6889d12fce7044fd6,2,,,2017-02-15 06:00:00,2017-02-18 06:00:00
98594e28858d56abb595fd4c61009e1c,f8b88a896963acba77bd8a1854d3e54d,4,,,2018-08-13 15:00:00,2018-08-14 15:00:00
836bd2f72541b413d4279c0ee1ec7d8b,a2b7fb1681f13dd0abef394621416f4e,2,,,2017-11-04 06:00:00,2017-11-06 06:00:00
f687df9ed99989111c3de33446f0460b,f81a821c3c1f43dbc6a4280c421991fa,5,,,2018-06-17 08:00:00,2018-06-19 08:00:00
5452e43e840688999c792b7febc034a5,62b6c58122ac0bed6d112b4cbe6ad03d,5,,,2018-11-17 06:00:00,2018-11-18 06:00:00
9aa0b64c967e8e7b94e68bda68a721b5,715f0fd9feff03780e89bc5f35e45ef6,4,,,2019-07-01 23:00:00,2019-07-02 23:00:00
4ac1c50513287d7c7cbf9e447b69082f,aef1c658d244bf37ee0099432363ffd7,3,,,2017-07-22 17:00:00,2017-07-24 17:00:00
17ded33198d947f3a9a4de81ed5b1d52,e9ca8e130aba10fffd16e3c1fc98036a,4,,,2018-01-02 10:00:00,2018-01-03 10:00:00
6dbf8a0155345db3b4a8486c3655c0ac,2b3a67bf2760d682e7f7ebfa1a765281,1,,,2018-04-01 03:00:00,2018-04-04 03:00:00
6dbf8a0155345db3b4a8486c3655c0ac,2b3a67bf2760d682e7f7ebfa1a765281,2,,,2018-04-01 03:00:00,2018-04-05 03:00:00
2f0aff9daf86e24ef26b0d7d2f09b22c,939954133112585dfc753dd6db9a7707,1,,,2017-09-07 08:00:00,2017-09-07 08:00:00
af94fc343192385da6285d8e8d1d9b63,ea7f7f6bf044e1b6a4b04a656e81a8a3,5,,,2018-03-03 02:00:00,2018-03-03 02:00:00
2531f1d5eefbf9a58c2918d1e402905f,00a0333e1ccb27cf258e85589c01a7de,4,,,2017-07-02 01:00:00,2017-07-03 01:00:00
41cf509da0ac2cd1b1dcbdad27d7772d,4239433a4a87e802e6cb1d280d92736a,5,,,2017-04-15 18:00:00,2017-04-18 18:00:00
0fb1244485bf7576661d5ca427b238ed,894dc226e7f8cdfa8c2602597eac652a,5,,,2018-05-07 07:00:00,2018-05-09 07:00:00
d68e9ea793c53f25deb4b9aef82b85e2,0055d6e906df5dba700311ee1e994781,4,,,2017-04-09 13:00:00,2017-04-12 13:00:00
1a4f3f75e5fe5596df49fae77c63de56,5c681e52af494d538e803f39222f6ce1,5,,,2017-05-16 16:00:00,2017-05-19 16:00:00
7f1197271b2bae11d0b3b3f20d0e1789,f99c58ae6cb5c8f339955dd139e0f5bd,1,,,2017-03-26 02:00:00,2017-03-29 02:00:00
9961a398de3f7aa43ae5bf22a3d7486e,afa2c76a29d9525f793aec8990ba84d5,3,,,2018-02-14 21:00:00,2018-02-16 21:00:00
fbb97c38c7ee168beffb89b57565e38f,c378205f9d93615cae326c53ad9e9a10,5,,,2017-09-26 02:00:00,2017-09-27 02:00:00
f4bc95db3620dbd50eed8a3b83f8560a,e687cc1ead123e41be58ca2d1d7e8d27,4,,,2018-08-30 21:00:00,2018-08-30 21:00:00
690d40b14012b2a488c36fd7f6501bd7,9e00fe91909fbd3f06dcf78354a8d262,5,,,2017-02-28 10:00:00,2017-02-28 10:00:00
dd4d74748c4db74acaabdbd9ebe01de0,80053fcb1e271f2b697c19e193ae1447,4,,,2017-09-15 06:00:00,2017-09-18 06:00:00
9f1a47c724e0e8d4ccf4c23d58195e87,62f7fc374e17911772652f1e47b0c1ec,5,,,2018-05-14 02:00:00,2018-05-16 02:00:00
a9da5dd755370e6d74244500b20463da,8341afde5452dd67475e2bbe4b0ec40b,5,,,2018-07-19 06:00:00,2018-07-20 06:00:00
7720208dcfb74087f11fec60f7518a26,872a14b3fa3a6c5cd76bd449475f6ff7,5,,,2018-07-11 04:00:00,2018-07-11 04:00:00
2f9e3955d8f18fca8b665e8b7dd5be8f,a2bafbbe731321cb216ad437b4e0a890,3,,,2017-11-27 14:00:00,2017-11-27 14:00:00
e94d11330a9ffb25958100fc6ecb68d7,82ba6bebdc9cb3eb9f6197b458c26f68,5,,,2018-03-18 14:00:00,2018-03-21 14:00:00
de11e863353e83e2044b13a5eaffb333,fd7a5ed588597ffad73806f1b1536a03,4,,,2017-07-10 18:00:00,2017-07-11 18:00:00
d2e9bc783a411bee8975290aaa745d5d,b3d205ae8aa4e423f1da8d086d6f0d8e,1,,,2018-04-21 09:00:00,2018-04-22 09:00:00
d0d93b8b582a00f08cfe021d2b933a75,210a6c4da67eea7cf43bf412316070c3,3,,,2018-06-04 21:00:00,2018-06-05 21:00:00
75d1f17ba519b44dde93f2fb6654c3dd,5676dc0257994d7754c0d4f427033a33,1,,,2017-07-15 21:00:00,2017-07-17 21:00:00
430362449d6e06e8ad6971c03d390f79,43b9fcf4e5d4b443ed6c30e4abd3f914,5,,,2017-01-26 22:00:00,2017-01-27 22:00:00
d19064285db08ee11df19d03f2576076,983a51218e1edf2ba2dcb2030626cb30,3,,,2017-06-22 14:00:00,2017-06-22 14:00:00
52ff6f8357b4d9aee41ab1610681cc00,82f1417e2a6b5dae7db2517a73297c98,5,,,2018-03-09 16:00:00,2018-03-11 16:00:00
e85d8edad50d12c24ca3795517b022c7,e015bd1b5d5323e58391f85d4ce48e87,4,,,2018-08-23 07:00:00,2018-08-24 07:00:00
2c415f60b3c563babc9dea9702759964,62be5e5ca173eba1793cd1d922b089c7,1,,,2017-03-17 14:00:00,2017-03-19 14:00:00
1643094d9826e4a6e6694f3f8dbe81e1,e6b39de48d3ab986d29f222c16ab05a3,5,,,2018-08-31 06:00:00,2018-08-31 06:00:00
394a3116fe7254691565b21b80a3e46e,c463190a99cfc5aa36deece633beb361,5,,,2017-10-17 05:00:00,2017-10-18 05:00:00
26cf8ce8f587a482713884dc1816f30b,873e21b2a50cb05b8b87760e8e59d128,2,,,2017-07-16 13:00:00,2017-07-17 13:00:00
79892ad684ecd2aee4f5297c418fe315,fd922b6fb21e2700e1476a7fb6267d96,5,,,2018-05-21 16:00:00,2018-05-21 16:00:00
9caf686992c5d3fbdb5dc575c27b2f57,75901dc5a72c3d57dc12e54bb51dd156,5,,,2018-04-24 13:00:00,2018-04-25 13:00:00
463bb01510d1ce1ae9bf0dcadddca15f,dcd771f598e1d542e9fbbb506710610f,4,,,2017-02-22 12:00:00,2017-02-25 12:00:00
b1448e3ad6a5cb008aaf6cd7e9d0454a,e3b9b408566feb1767fe1658c0acc371,5,,,2017-08-27 00:00:00,2017-08-29 00:00:00
4212af7c0854a4ca0459b7788829e211,e4e805bd1d44999bc4f094b29ec5d42a,4,,,2018-01-11 23:00:00,2018-01-12 23:00:00
bfd1e8f21c6479c61a7af3f8834b8382,f1984c957ac7979abcf11ff66e4429cc,5,,,2018-03-15 16:00:00,2018-03-15 16:00:00
4219ae92e8e67bc059c328fbf8aa3be3,e442069961162d0db3faec9136d43b13,3,,,2017-07-24 06:00:00,2017-07-27 06:00:00
99d9690617bc399c16135e13d9ea0055,3b41e31afdddee70d87aeda7f890a006,4,,,2018-06-10 10:00:00,2018-06-10 10:00:00
9ac4667db754afdcc7e8914c07853a8a,202e608cafde8320445dc28ee83783fc,5,,,2017-08-29 12:00:00,2017-08-31 12:00:00
55dbb9e7938f0e9ca927fd46b6683f46,11d37b121d0e77178b291819087c46f9,5,,,2018-01-03 14:00:00,2018-01-05 14:00:00
76014bc24e582d584559d7563466cdef,23604ccf4b2eda84544d35009379d429,3,,,2017-10-20 08:00:00,2017-10-23 08:00:00
132c22daf3b8d05d67b06b7c72cf08f9,3a5b201d8d0169b3367de663b62b56d5,5,,,2017-09-20 23:00:00,2017-09-22 23:00:00
eb15f8320c5bef4435474403a8d7ecd0,b4a31d6aa021a41d2c79956d49d5deec,2,,,2018-08-25 16:00:00,2018-08-25 16:00:00
b66a97eb61bf4326412c103441fedc5f,ba900186e22f1e2a2140c6918f7440d5,1,,,2018-05-22 05:00:00,2018-05-25 05:00:00
3e0420265733fba425a3dcf6a1ed075b,df8798f24d4e2528c4775de9bb4099bf,1,,,2018-09-09 20:00:00,2018-09-09 20:00:00
ff597c4da586bd7a923302e5d435b914,d40c46db8e0fb501c55956f6ba2181f7,5,,,2018-10-25 19:00:00,2018-10-26 19:00:00
947d8a39f070c09ecebdc3e3c05fb0c8,22336d1487944b4cab2bc291d3452c2c,5,,,2018-11-23 14:00:00,2018-11-26 14:00:00
dd0d27ddac56ade449515159cc66c8a1,921565ea08fdd0ceb4d026a4c0a1451e,4,,,2019-01-01 14:00:00,2019-01-04 14:00:00
be41cfc4d85c2ff420007b10377a163b,82844c24991bf365c5fe77f716fdef9e,5,,,2018-04-09 18:00:00,2018-04-09 18:00:00
97f333229323338ba20438f9c2930d26,fe35d237ffc4ab9208732efbc249a9ed,5,,,2017-08-26 07:00:00,2017-08-29 07:00:00
c44e7fd3d315d93d78b68612b7ab81ef,22d117dc31b203cb35783e64ee429722,1,,,2018-03-01 06:00:00,2018-03-02 06:00:00
709c82c03818485776f9338544f63b7a,721e0a41be396a773454793408b625a3,5,,,2017-06-09 02:00:00,2017-06-09 02:00:00
34cd5d6f52bdd07b07b5c69a4a13de29,e4c5f25c043d70e78a549fd862b975b9,5,,,2017-04-28 15:00:00,2017-05-01 15:00:00
c1ef83375fc70b588282db589807663a,86b3468821fe4bdef6285e40b9cfd83f,4,,,2018-06-20 16:00:00,2018-06-20 16:00:00
3b2a1678003f8c79bb100491e3fce367,bc8767f0e958af86e07fdb556f34f064,5,,,2017-02-17 16:00:00,2017-02-17 16:00:00
a725a5e2a99b1357c75891e86f7b99f7,1a68ea2027179b322b3cca346191f9b7,4,,,2017-05-03 22:00:00,2017-05-05 22:00:00
014d7938643536b3aae35cae6d13e01d,264d4d0e0db71d95080405dc379a7280,2,,,2017-07-02 06:00:00,2017-07-02 06:00:00
0eeb6993cb8275f16e455608fde15736,bf6f287405dd2002ba2d835ff85e2283,4,,,2017-11-26 16:00:00,2017-11-29 16:00:00
0e94e3ebe1d6c0768c91f81cc4a3165a,a82cbed3b50eda50c56afa5bf00dc347,5,,,2018-06-04 23:00:00,2018-06-07 23:00:00
9bb6eb7ecd5df7bc64ae14a647c98691,7147d08830fe71418d99a727167f0607,1,,,2017-12-28 21:00:00,2017-12-31 21:00:00
42725442670124c57a18b38f36418a2e,1cb27402ff2abdf72d4308b05479594c,5,,,2017-09-14 14:00:00,2017-09-14 14:00:00
bfcc1b3450cea9b75054e42983fffeb5,fc29cf3c0b55ea8856891531cfff52ca,1,,,2017-04-25 12:00:00,2017-04-26 12:00:00
bfcc1b3450cea9b75054e42983fffeb5,fc29cf3c0b55ea8856891531cfff52ca,2,,,2017-04-25 12:00:00,2017-04-27 12:00:00
1eedacf05606e9055b32a704e088c92b,2f322e4d118e740707fa88fbe260039d,5,,,2017-07-29 03:00:00,2017-07-29 03:00:00
130075dc23f79f8cd01260a735210f6c,7ba7ab2313a95b1e7e118a37a90714a3,1,,,2018-07-26 14:00:00,2018-07-27 14:00:00
f9f146b0c9fb75a06a1d95f8e7b5a4dd,aa6cf97b0a95d1e143e34297cef13f66,5,,,2017-03-15 00:00:00,2017-03-16 00:00:00
820a385abedbb510dff3fbae956e71fb,1e2d5c821c33eea22b033fe617e2aa93,1,,,2018-02-06 03:00:00,2018-02-08 03:00:00
c938d3fe67aaaf941f58d3c584d473cc,999bc18057418749a9a9fb2cd0e4fd8a,4,,,2018-04-17 01:00:00,2018-04-17 01:00:00
806273b3e9669f6ce89f5c90d42161da,8a868900e05e8dcd0ae15addd6ff6a05,1,,,2017-10-12 06:00:00,2017-10-14 06:00:00
a689f32cff2f2142dc014a6bee0ec269,981850976ea48dc065fbe36d5729b73b,5,,,2017-12-19 05:00:00,2017-12-22 05:00:00
951b769c51f694cc84ccf931e3e004c5,889d8cdca089acdac2d72b23acaae9bd,5,,,2018-05-05 20:00:00,2018-05-08 20:00:00
1ffbcde60bc4dfa9a684ffed7bad8bc6,ce7fd5509bd70f6221256b1f632dfd91,5,,,2018-06-19 20:00:00,2018-06-22 20:00:00
021cfacb26736d23c5d0a0ac56e81bc3,f3ac25cb7f4b24b9ef4c37d0d26567fd,5,,,2017-11-15 03:00:00,2017-11-15 03:00:00
e8a55fbd46f433a1d07b9193caf6ee8b,5452b7110443b76669e8d3a4eb2592b9,4,,,2017-07-28 18:00:00,2017-07-28 18:00:00
03f75276a7346b261beaa75a8093576f,d7c3ba39ae505fe73263be85dbadb28b,4,,,2018-07-05 22:00:00,2018-07-05 22:00:00
0bcabfe154c4321c067647128db4b491,6f6a86e8ce37626dc13beb6a9dd65ae9,5,,,2018-03-14 08:00:00,2018-03-15 08:00:00
5f153b2b1a4c0d23308875879aab5c3c,6f65def6790a6959658ecb2a70fe5439,1,,,2018-07-01 03:00:00,2018-07-03 03:00:00
3e37cc97d19586803a22052f3a0e5cb8,436977caf466e6deca54868741c5cf55,3,,,2018-05-14 05:00:00,2018-05-16 05:00:00
973c45bb929ba6f85dc982461d9832e1,a21821b2cab4f0e634bdd8b7bf0e489d,2,,,2018-05-20 09:00:00,2018-05-21 09:00:00
ed8ce7b7d438ebbe94be482c1ef4c29e,049b91b07583d0cc01a1f7da417e9ecb,5,,,2017-12-04 02:00:00,2017-12-05 02:00:00
5a3148518b07544345ee15b3e32f8cf9,b554204842ecf21c6d39b3262237c214,5,,,2018-05-21 12:00:00,2018-05-21 12:00:00
fc204440bcf4fa3d5c86a717ecfbbed9,8ffadd2bffea1eeae0d70d92940a078b,5,,,2017-08-20 02:00:00,2017-08-22 02:00:00
ff986fe441c02d977c4b733616dc49eb,1aba0afcebe09d13328473c2c134618f,1,,,2017-07-18 15:00:00,2017-07-20 15:00:00
32e5307dbfd79d5f2ef52e8548768b92,dadf01c57dcba8f8c9601d846eaeb002,5,,,2018-08-13 02:00:00,2018-08-15 02:00:00
631947b63b2db945aa9313da7637dd64,f3651230864a832ab9e32584dd2f8c09,3,,,2017-10-17 06:00:00,2017-10-20 06:00:00
6c8bf4549613bb63f766c361d131276b,acb456d33945c74b4e38b2d46eae629c,5,,,2017-03-09 16:00:00,2017-03-09 16:00:00
cd4ace29e290b9576c9ebbcda8690c6d,3351c6b1796a98189ade04deac6dca52,5,,,2017-03-07 01:00:00,2017-03-10 01:00:00
86332bd3bf7f5d0dd4ed8b02ade1c273,955791e6d1bb562242605e089e78209e,1,,,2018-07-02 04:00:00,2018-07-04 04:00:00
cfb9616046d59102eb36b206b2562cfc,dded21d78dd0b1214797a5e459721f8d,5,,,2017-12-08 00:00:00,2017-12-08 00:00:00
4437e4d36d52925ca5d0e64a47f84f47,cf9072f12d3ac36b37ea98bf62e61e64,5,,,2017-10-10 02:00:00,2017-10-13 02:00:00
fa0c7fb44c8d35ce6449155b1d6fa2e4,d27e1047325226757c5656bfe7471ea0,2,,,2017-09-28 01:00:00,2017-09-30 01:00:00
7b1b4da90f7a7992786f1a12c1977527,16526a596d577ccc058ff66ed5a38c5e,5,,,2017-08-17 22:00:00,2017-08-20 22:00:00
c22cb46810ee6e65942ae6d07d416061,91ea8f4937ea76eedcd99a8e18484650,1,,,2017-07-28 13:00:00,2017-07-28 13:00:00
21198e7e9ec4d78643276984e0ad133d,3479e48e871805a3747f61e7f732bc85,1,,,2017-02-22 10:00:00,2017-02-24 10:00:00
2faa2bc3feefe7f1332cd7780621e9e2,c92f1bb1a9c8cdb2cab761833eaf05b4,4,,,2017-05-09 22:00:00,2017-05-10 22:00:00
00d2d503f813ddba43c5d1215a4594cf,0dd884f1c7ff35219fffa3f79e8b5907,5,,,2017-01-19 09:00:00,2017-01-22 09:00:00
ff2868c3c210735d09faba0bb324ffc8,76815950aec002642e148440cde74c07,5,,,2018-01-05 13:00:00,2018-01-06 13:00:00
3c98837653d19f8eae0e8614a35985a0,e8f8e1533ccdb4f3910db5e508540fb5,5,,,2017-11-06 16:00:00,2017-11-08 16:00:00
1fba1b1b8367c2d1efd612b90dbb31a4,6fc469f723596be8dece969783e572de,5,,,2018-05-14 04:00:00,2018-05-15 04:00:00
c609fe8dccc7c6c6b2a0ff1a99f10cd8,b5674b5fd3162db903d0066e56ad73c0,5,,,2018-06-17 06:00:00,2018-06-19 06:00:00
9d9e2f4a784dcd5e989c4f9c7b86ec15,c6a59693704aaa017256c86f270d15be,4,,,2017-04-03 06:00:00,2017-04-04 06:00:00
9fc2bdda4375386e725e4e456e5126f1,bcb9e638b0200b6d91b67a234f7f85a7,5,,,2018-01-27 03:00:00,2018-01-30 03:00:00
2ff5577ecd29de776f656edeec73270b,1010a064ce2620ff328529a15c463ee1,5,,,2017-06-07 15:00:00,2017-06-09 15:00:00
a030f86517eef13d289ef665c415dec4,824c29806a2dcadb6a240811c3a87fc6,5,,,2018-01-25 16:00:00,2018-01-27 16:00:00
1ba7a61117c402b1140a15e998e33b15,0bd57513e31d5f0f623b2e738e553ae7,5,,,2018-06-21 16:00:00,2018-06-22 16:00:00
3614cf939d6c97f9884489558f41cb36,9c705735087144380c69aef948f815a2,5,,,2018-10-01 18:00:00,2018-10-01 18:00:00
4e948af069bc3bd9d0f0a71cba59aaf1,6986dd76c1840a08c0b05405196e5344,5,,,2018-12-29 10:00:00,2018-12-30 10:00:00
53b8a95dcf74a5da178393ca3fd386b4,c8eeeaad9808bb94713d69093d5798e2,5,,,2017-07-17 07:00:00,2017-07-19 07:00:00
8ed8e6b6b4fe1eb87c688e1d3afbbe4c,cb3ebc4ccad028bc60fc9ea0a06933fa,1,,,2017-08-16 19:00:00,2017-08-17 19:00:00
809e509375db1f02cd17a22fd35f6ad7,8554e472fd469c7ee21cb77fb4f3bc13,5,,,2017-07-29 16:00:00,2017-07-31 16:00:00
40d16018ccb4f3fc4055e0bde1ffdbb5,21bb549bbc194683d987e067112db7de,1,,,2017-09-25 12:00:00,2017-09-26 12:00:00
da2aee4fe10e466b510c9f32394ad526,716d7b796e6944d38296043caf5c0047,5,,,2017-10-28 14:00:00,2017-10-29 14:00:00
0b1051c37db678d9d2cf2fbabc96f740,2f856d05e995bd6730026c19fd27f49d,5,,,2017-12-18 14:00:00,2017-12-18 14:00:00
bb48628c7aa895097be61d18a0a4924b,9493b46e4ba40f5ceb15f36ad55d8b73,5,,,2018-01-20 03:00:00,2018-01-20 03:00:00
694699fc6ccbd26f69ecaf222dfb4382,1bd60de523d2b143fa75aac4e3b2a723,4,,,2017-04-06 18:00:00,2017-04-06 18:00:00
6d1fc3ca0aaad6ae7cc818d98cc39180,25427d14c349263f6b241f7c05acf9f0,5,,,2017-04-16 23:00:00,2017-04-19 23:00:00
0e5a4751d154c0d5791bcb2654b26492,b02afeaede9795117421c0036210f992,3,,,2017-07-19 07:00:00,2017-07-22 07:00:00
c6520b75642f8f8148d09d1030bb8598,698a306543db69c8aef392c2655ca3d1,3,,,2018-07-05 17:00:00,2018-07-06 17:00:00
d1a46b7b1c7f690c0fbda7ed70daa317,3189b9e04d7acd16b32cd2075e493434,5,,,2017-09-24 01:00:00,2017-09-26 01:00:00
d3475526e47991025cf30d10b89a9729,d72f7093a4566dc572f6f59817b05872,1,,,2017-08-31 07:00:00,2017-09-02 07:00:00
da3ce8a97f59bbc4a9f86b67057e06ab,6033f6a1e3ad6424feb9fe3b363debee,4,,,2017-10-03 13:00:00,2017-10-06 13:00:00
fd676ba106c1772a1e171c05bd501fad,6ce59d255201aa7da5e5754ce177edcd,2,,,2018-02-27 04:00:00,2018-02-27 04:00:00
81ab533362bd0cc9b299e365225673de,0c8a8d840c888da577a4788ca7579b0d,1,,,2017-11-12 22:00:00,2017-11-15 22:00:00
e1188a694403dae0bf3be31b778bb64c,51642de2a2bfd9d033c8a51f7318dd3d,5,,,2018-02-16 09:00:00,2018-02-19 09:00:00
333cd4359c940c89148b825dd7a478e1,7f23a32fba18a17b7d74dbf11cedf027,3,,,2018-01-30 07:00:00,2018-01-30 07:00:00
2d8d370154dc0efad7d5936c5455223c,f65067e06b941b94918f979216cbc3cb,5,,,2017-06-19 18:00:00,2017-06-20 18:00:00
d80fea64cfa54eacb8a1f215af876b6f,285b54bf8efbdb582fb121851d1dd3c8,5,,,2018-08-02 12:00:00,2018-08-04 12:00:00
458c6bdd9e7049ff0cd7897f286d84e5,1431528a9002e0d3d853ff6ec7edf53f,3,,,2018-05-19 04:00:00,2018-05-22 04:00:00
dbacee2f255a27a64cc2714504011498,3273c75e41af5cbf9c9faaaee1ceb686,1,,,2018-05-02 23:00:00,2018-05-02 23:00:00
7543212f4cb07fa5304b8215dae74073,1b57856c005b8b64f52d67c7ebbb0653,3,,,2018-01-19 10:00:00,2018-01-19 10:00:00
3aa4960b4b8becdaaa99b6a33f01b99c,48a93c9352c60a7de8997388559631d7,5,,,2017-06-25 17:00:00,2017-06-28 17:00:00
e847ffcdf44afe7dbb5fe868875e3ac7,cbcd9eed0cfc3b776ac86a300cf6812b,4,,,2017-10-05 09:00:00,2017-10-05 09:00:00
95bbc40bd07f229b15ecc9c42b912d0f,fb039d53572de5e0849458ec23f664e2,4,,,2018-03-23 12:00:00,2018-03-24 12:00:00
1baaa5f007d0bab0b5ea09ccd21f5add,1c3359614a4a199e1ce736df80f78a72,3,,,2017-06-25 18:00:00,2017-06-26 18:00:00
1fae590493a3897aa3a6d436b1a01162,673b1a166418d23485443479f5d9e94e,4,,,2017-11-22 22:00:00,2017-11-24 22:00:00
a1361c2714e8878dd568d4657a03590c,508c99e184732bee0fc765ce30d0ef78,5,,,2018-08-14 02:00:00,2018-08-17 02:00:00
b367a1338a0130dbf8a9cf5d0d435a82,d04453540a1323efccc26a7870e61fa6,5,,,2017-09-24 20:00:00,2017-09-26 20:00:00
6fd694ff10923de0e2a721e94a122a4b,0d40148db02a8bd4d7c436fd4ac7e2a5,1,,,2017-02-26 20:00:00,2017-02-28 20:00:00
8416cbe16d2dbfdda6a208e48c9da802,b5a6de72c0e16f34f418bd37b952b1bf,4,,,2017-07-22 09:00:00,2017-07-25 09:00:00
01c00a3e589f50720e996979b84c570d,ea0188c7e75e976a5a2f237b3b74adc3,4,,,2017-08-20 11:00:00,2017-08-23 11:00:00
12ad763a5bc04c28942c4d48e975bc02,8d3441828effbdefb92491d90191bb80,5,,,2018-03-15 00:00:00,2018-03-17 00:00:00
7f7556f96925033898be139e06a20460,29b2b9012bdb4b39bf8d7ae34724b718,3,,,2018-06-17 09:00:00,2018-06-17 09:00:00
8b84a168d3565b92a22002a5376b3045,07cad14ebbe5c3d755ce011dda7f1ca8,5,,,2018-03-10 02:00:00,2018-03-11 02:00:00
c4502a4cbb64915f6e968d8cd100544b,e0986ed751f5d47bbfc6cf2bda030e73,5,,,2018-01-07 12:00:00,2018-01-07 12:00:00
481395fa10716f20c26dd30c2f080fd0,3e53042904ca56c4cd193f76826a17bb,3,,,2017-02-17 16:00:00,2017-02-18 16:00:00
78ec798bb8832e4e0c1d7fd52216a46c,368a2097417cf2ed7ede0a0aaa0f0335,5,,,2017-05-23 09:00:00,2017-05-25 09:00:00
20f88eac1392a86da802153d76f7d7d1,15c83934a82cff5f2166ee8276d946e6,4,,,2018-01-29 13:00:00,2018-02-01 13:00:00
a84629fe94283c61f97790b2f63b2c0f,398e1c1179ff479981b5b4d94719a40b,3,,,2018-05-07 07:00:00,2018-05-10 07:00:00
691ba646f172a0b207f5f4cf406cf489,31552a429eac4a1554da025a828f479a,3,,,2017-05-19 14:00:00,2017-05-21 14:00:00
f7ba444fb2d3c15277cdce3a74be8c30,327cff9d5ae8d92cc489d6d7131fc388,5,,,2017-06-05 22:00:00,2017-06-08 22:00:00
901d8dc2423e2c4cb219aa6d0f2de639,23cc6f7fc79591e5749dbcd709e83067,4,,,2017-05-26 03:00:00,2017-05-29 03:00:00
c69abf22a39b386436baeaa4c13820b9,769727cc53885f74283321303e000000,1,,,2018-06-28 12:00:00,2018-06-28 12:00:00
1fec3c82c9821c708296364918ce43e5,248a188f92cb5e1f9702fe56eef9c4ab,5,,,2018-04-14 13:00:00,2018-04-16 13:00:00
bcac62093f72dfa41a3ade247d2202dc,ba9513e932a3b4be4553ec8675d5d68f,1,,,2017-02-21 18:00:00,2017-02-21 18:00:00
cac778cf69c0137924446c8dbc0c025c,dd57077aa59007bd29f8a38e43c883fe,5,,,2017-05-29 19:00:00,2017-05-31 19:00:00
34cd130ab193fe290e539f2282dc6f92,277b35aaf8a248a9890a697b51153d21,2,,,2017-08-23 18:00:00,2017-08-25 18:00:00
484594366d58ea8a4e5dd2ed08af3c2d,0baa8cff50ef5abd7eef3275ce4d2b97,4,,,2018-06-17 14:00:00,2018-06-18 14:00:00
fddc4552d577f44192d133d80f796d34,5d3939b0751d0be7abedb162bde11274,2,,,2018-02-26 15:00:00,2018-03-01 15:00:00
6d68c2353e27fde7ecb5ad17af88a9b2,ab1e26b75c4e3ef222d5df3df3c352f7,5,,,2018-04-26 00:00:00,2018-04-27 00:00:00
369956ab29519a0f060f22ebe6f8df7d,5ab64d5ce5567d9bbf9adb75b2daadd1,5,,,2017-10-20 21:00:00,2017-10-22 21:00:00
a65c87d4c662ca417a11648409b14301,07c83e89b5e2cf5d454798d9d0d1cc8a,5,,,2018-05-16 20:00:00,2018-05-17 20:00:00
2fe63cc894167854bf05c5ccc50d751e,7d88c4456b850d90e6612633ee66932d,4,,,2018-07-06 06:00:00,2018-07-09 06:00:00
38d3c4c4740357ce8e5d790e10c42bfb,e4df66573196fb2c41e8e0b6115596d0,5,,,2018-02-14 08:00:00,2018-02-15 08:00:00
a7bbc5388f8ef417070b7f772c3e080f,215365f0fb7eec4d1afecb033a4cdc8e,2,,,2017-09-05 20:00:00,2017-09-06 20:00:00
75d28d621d6fd73359ccb1cbf2320d50,d86399bd9597846a85bf10c01f097e90,5,,,2017-10-29 22:00:00,2017-11-01 22:00:00
c0c856109335d87656ba415496739276,e2d033eb00c642f5dd1d06776f174420,1,,,2017-02-02 19:00:00,2017-02-02 19:00:00
1b25ccdf256fc29b66bfed6fe81b3197,720008f320c06aed64b25499ad5a0110,5,,,2017-07-10 20:00:00,2017-07-12 20:00:00
8106632117763f1cf31a21ef4a299380,f290dbceebe44942e0fa5874c8bb89c8,1,,,2017-08-12 06:00:00,2017-08-15 06:00:00
824b4207cd42d024117a494258351f3a,3677831a93329c57475b7b4528fcd09a,5,,,2017-08-26 17:00:00,2017-08-29 17:00:00
5e0e98121d79be7796442d1bc9a4d972,c6012ed5f883f532d56c02870cd837a6,1,,,2018-04-10 05:00:00,2018-04-12 05:00:00
4457fce3893e3600efab88f5bb7675c8,e01e423600370f2cdaa4a023b956908d,5,,,2018-02-09 15:00:00,2018-02-12 15:00:00
b3d948a5e9119f8580f4b5733d0543af,45b91b527fac17b4065f73c10b420d1e,3,,,2017-01-30 23:00:00,2017-02-02 23:00:00
bbe8494db9cd91d31bdc1710402d631b,7d630ec0b537284f7a5ed265e45c69c5,4,,,2017-05-01 23:00:00,2017-05-01 23:00:00
a96cd8e2237c16def84763a5dc755ad2,926b8a67afa0eeaf421bf29eb5740cf4,5,,,2017-10-02 19:00:00,2017-10-03 19:00:00
d1b9902dc972f545ebae17017dd63b51,d3df72d2d47e021d5d0660991231b8b8,1,,,2018-01-23 16:00:00,2018-01-26 16:00:00
5c4fcfbd77d0230324c265e9fefe521b,64e0638af9008cca7b0c65ef406fede0,5,,,2018-05-08 10:00:00,2018-05-11 10:00:00
41c706711674d306dde167adccd36138,9b799a18e3f1fcad6a06007d0a6441df,1,,,2017-04-19 14:00:00,2017-04-20 14:00:00
751c09a89bce0c31697d4c42315f190d,1cae8ac7ebf9c85b1bc646fb143807de,1,,,2018-09-01 23:00:00,2018-09-03 23:00:00
1f6718e1b147b8220bc0c638e769c88d,a67156dc3320c6808bd43a8de133af3b,1,,,2017-12-18 00:00:00,2017-12-21 00:00:00
d1162d4aee38649dfcf0cb3da7acb313,f2f03734b42473b76bc0702678747404,5,,,2017-10-27 19:00:00,2017-10-28 19:00:00
2687743e2ed0b69fb049ec0b6ac54227,50142ffe9ec232e5ff2ecfcdc96057b1,5,,,2017-11-23 12:00:00,2017-11-25 12:00:00
e4db1d95460e372bac2d0f3910c79b7c,9a0422613c5ed00ecabfe4eca1d5df33,4,,,2018-04-04 10:00:00,2018-04-06 10:00:00
77d29a3a03140be39ea6ffdae844ba31,58b5dfedf2b47627c0c62677308b5be9,4,,,2018-06-07 21:00:00,2018-06-07 21:00:00
c59b3ad4cc737be3379785a0948148e4,7d511b32387a0203a4a03177a12d7387,3,,,2017-09-26 14:00:00,2017-09-27 14:00:00
dd6801739a5f983521b05f54d4d31ea4,352b709119251284a4446030ef096b32,1,,,2017-03-18 11:00:00,2017-03-18 11:00:00
445d1ae3646d826e3730f172e065bbe1,50a7a8135cd56c6dc99a68bcb262a22a,4,,,2017-06-13 16:00:00,2017-06-15 16:00:00
303808c837e27671ea7f17d19a017639,01e89a9ab5219376ec5b9593fb07407f,5,,,2017-04-17 22:00:00,2017-04-17 22:00:00
d1ee7ebd497b9689b63473ed2f0e346b,83b4e4b457944a7923f88146f9b86035,5,,,2017-03-08 14:00:00,2017-03-09 14:00:00
033a3740696e6a62ca006fa953c3f674,692b6788bfa1ec074bf3a240558d220f,5,,,2018-07-15 19:00:00,2018-07-18 19:00:00
69c84ef86580f2b87c1385fc3ad797f3,45a4e538bc9c87a765294e63d7cf5786,4,,,2018-04-13 19:00:00,2018-04-14 19:00:00
ac782148fd3f5cfeb75f619816424dd0,387e6f2a13d5a00d8b8d32f00bd648c2,5,,,2017-09-01 05:00:00,2017-09-01 05:00:00
b015d2cb4f00e9a89b8975be6095cd5e,54136df9cf5b71c297763ab7aae8ccdb,5,,,2017-02-19 15:00:00,2017-02-22 15:00:00
28a9b672d08ac854bc02337672ab4599,e7c9ba3e5b219203be4faa6caea9abff,5,,,2017-08-22 08:00:00,2017-08-24 08:00:00
f78b49119db70550fad70112f151492a,ac067d97c7ecd24e31438cbe2d451b5c,5,,,2018-05-20 09:00:00,2018-05-23 09:00:00
0714ae2c8b616fd33f6101dc8b61f2e7,3eed5fafc10058ca04dd9975e3b5dd9f,3,,,2018-08-23 01:00:00,2018-08-23 01:00:00
a08f10190182ea7107f4d1b32e2d6b83,cdf3c68211701ddc95eafedc6bbb62c5,2,,,2019-02-19 07:00:00,2019-02-21 07:00:00
9ab9a4d45901cdd59f57411a2ed4a97b,3e0bb12b31e184c1ed9d3f5512bcfbca,1,,,2019-08-20 13:00:00,2019-08-20 13:00:00
e8e02c5882a3df65dd267ae5c8be93a6,01ff591203848bb1b073366eb28e90e2,4,,,2018-06-08 18:00:00,2018-06-09 18:00:00
2af06f4834740344d65e3e582dc0ac55,f9f34c61771717981d12b2e71d8243a1,3,,,2017-11-12 21:00:00,2017-11-12 21:00:00
bfd21f5b19fcd17006cd7193adfc71f8,bc6c4b7faee8e33c238a84673bc27b50,4,,,2017-08-28 10:00:00,2017-08-31 10:00:00
05ed8c70db6cdfeaa405febc356e64b0,f3fd600522bd31e5bca285746953c586,5,,,2018-03-30 19:00:00,2018-04-01 19:00:00
7312d48ba6815fd90610f8a3ff0638b2,5285a7db728619db07082f9757bc5663,1,,,2018-07-06 08:00:00,2018-07-07 08:00:00
e5385ac16d5b83b00716961d41703df3,e71bef257f5f7a16158ed5c101fdc5af,1,,,2018-07-05 12:00:00,2018-07-06 12:00:00
c911d46cf4904869e4ec88e629dcf1ed,aca601d110eec3d21070750e50969bc4,3,,,2018-01-30 22:00:00,2018-01-30 22:00:00
7be3715118afda08076bb877bce008f0,fb8fce928adb4c5c3f178495f0a60bc9,3,,,2017-11-22 23:00:00,2017-11-25 23:00:00
b0918574a4f2ff61968ad745a2d82b39,c22559137779bb5bf297de6adeb86e1b,3,,,2017-12-07 14:00:00,2017-12-09 14:00:00
747525fcad6570df22a403c9443dbe6e,2be0b091f512b62875657945fa7d0429,1,,,2017-09-25 17:00:00,2017-09-27 17:00:00
b773369ccc9932b75cf2241f5d2268a4,6a9328448d8809a0bba8aff18d963c7f,4,,,2018-01-01 16:00:00,2018-01-03 16:00:00
45ea95d4686a3229e8ebee25fa8c3f0e,43d582db936bcbf6e3b047a543e011b5,3,,,2017-06-22 20:00:00,2017-06-22 20:00:00
f1a172e3fb4851145e5b841e42d6d4e0,2d93990949cc48c8632c5487a91ee2d3,4,,,2017-12-24 18:00:00,2017-12-24 18:00:00
60abb25106c7b7ceb9b368841d3e4ce4,772d7864f5365ad256f04f7d0c78b206,5,,,2018-08-20 22:00:00,2018-08-23 22:00:00
29f7192642e27eace00650df81586381,9ef8cf0fcfb4fa80eda8baed8ed3f722,4,,,2017-03-21 21:00:00,2017-03-24 21:00:00
e53859fe369d74966fd33a32b2914526,d799aa72390be8d679c688b6a4426d1b,1,,,2017-11-03 15:00:00,2017-11-06 15:00:00
3c838695f9a960b10e40b45c91de7297,d21f98b3a8fad545781f62599324e145,5,,,2017-09-11 17:00:00,2017-09-12 17:00:00
9519fd53586126fe47053269dac76b00,03dc2cb7b778d15c6cefdaea6210ab22,5,,,2018-08-06 09:00:00,2018-08-07 09:00:00
279b0e4fbffa3c0deba4e4b1ba38397b,3e820f4da412a98346c372fecd15191f,3,,,2017-12-16 02:00:00,2017-12-18 02:00:00
395cafabd1e71b500f6a9d0b2467d181,7de4e475a8e03d6b151105eb0d2723c3,4,,,2018-03-18 14:00:00,2018-03-18 14:00:00
217ecb9e4ff26dc71200b1ef6acf9ffa,f0fbf9d51507a93eb6e962b392027568,1,,,2017-03-28 21:00:00,2017-03-30 21:00:00
e2622ebfcdf0533f15c473f17b206646,1383c87368599322e298cb7743723353,5,,,2017-06-18 19:00:00,2017-06-18 19:00:00
c87ab60e752adbfdf085dcb37fa8e271,4d260cb8a66d48438775c84a163af696,5,,,2017-03-14 12:00:00,2017-03-17 12:00:00
c04896a0bb490e519e46ddef89902d72,4fa7a6ee60a2362874c59b86f44209b1,1,,,2017-06-30 01:00:00,2017-06-30 01:00:00
efaecf4feebb4c061b7c1a9e283d60f3,509d59c48520214ba7a2a01ef94b43fb,5,,,2018-01-17 21:00:00,2018-01-20 21:00:00
2e44c25f8bd3a18c5fce2822292ab70f,0df5cb673fcebaad741fe5479432b7c9,5,,,2017-06-07 23:00:00,2017-06-07 23:00:00
e4aeac271ffbbdcc0b888619c3b62dd3,958cbdacd31d56813cfe61bc24f6106b,5,,,2018-03-03 22:00:00,2018-03-05 22:00:00
38b828c91905c26869e20b451b18b735,c0e06982add788f49db6787feeedf607,1,,,2018-07-18 05:00:00,2018-07-19 05:00:00
8564c1336429b70be26f60c9e842d2ed,7ce02e4c2d6fc8b6d7d0ece952d85832,5,,,2017-04-29 08:00:00,2017-05-02 08:00:00
558f8562964671ac35013e0b3815dbf4,dc0f050514b931f26a99326dad665a01,1,,,2017-05-12 15:00:00,2017-05-12 15:00:00
7ea21411297b369958f60e100ef6ea60,20efd02297ecec56113f8d7d67727fb4,5,,,2017-04-13 20:00:00,2017-04-14 20:00:00
012263d763680eefcff3266939e9b2a9,3c2cef2f2215ee0d401cd0416c05539e,5,,,2017-07-25 14:00:00,2017-07-27 14:00:00
fca94d04b1dc0fe3dd6857744dfaa83c,746c0e6b7d86678b5a502701bca5f784,5,,,2017-07-26 06:00:00,2017-07-29 06:00:00
a7e686141808feff1a5c8d43b5cdc3e2,034b3b2526b81db9c0b739f3b0c4bb27,5,,,2017-12-17 13:00:00,2017-12-17 13:00:00
d52577e007e6d8fbfe40ad33fce64e09,a6a374d9646ca6f33a81481e64aba2d7,3,,,2017-02-23 01:00:00,2017-02-25 01:00:00
65e470e8c5dab672dbadfbc7b37550bb,d86db68a204affea57cb90a8bd590275,5,,,2017-05-12 19:00:00,2017-05-13 19:00:00
233e158958ac4a0ed6d234b469f760ae,f4c98a799971d61fb9257691cca06420,4,,,2018-07-24 11:00:00,2018-07-27 11:00:00
d8202cb7893af2f78ad645c8eb268c8a,aa99d68290450a45edd0a30fb55bf7df,3,,,2017-05-10 22:00:00,2017-05-11 22:00:00
ec76741d03e8685dce9be989623521fd,08b1c046ea66d601e1aff6f2f4e4c5cb,4,,,2017-11-26 12:00:00,2017-11-27 12:00:00
9e287fb993ed5672e9b78309c22356cf,1b27c7e1620337cb6a41ebc807db5cc9,1,,,2018-02-28 04:00:00,2018-02-28 04:00:00
3383998c7359f4e9d1965e63641eb3bc,330804570477bd1df1bae62229f4cfba,1,,,2018-07-26 01:00:00,2018-07-28 01:00:00
039dfa204e4c84390d3f69818403a4dc,bf0b24c87ec26db7885db755a75f98b2,5,,,2017-12-17 08:00:00,2017-12-19 08:00:00
1ac953d046bb3af69ab8d0518df1e463,e3938d98f757507a0e3b8325abe8e840,4,,,2017-02-05 15:00:00,2017-02-05 15:00:00
485e2f0c93d151b4a96dca7e2a82645d,59a39d2e0365d0cdf584be70337d1d2a,3,,,2018-06-23 23:00:00,2018-06-25 23:00:00
760cf9e488a40b0d37c629a48cd439a2,fcbcdcb96b32648fadebefda7299bb11,1,,,2017-09-16 17:00:00,2017-09-19 17:00:00
8265133c784ba064d00da1df13e2c5ee,345bfbb2aa1d481291878942c1981ea6,1,,,2018-07-08 03:00:00,2018-07-08 03:00:00
701a9eaf60c949b5035151986aead437,d0134e67dfb4e0bdc8408d88b44ffb05,5,,,2018-04-23 08:00:00,2018-04-24 08:00:00
23b6015b52b93b49db2758c1fbac52ab,c02a8cc75773567b52d95cce60c4f0a4,5,,,2017-10-18 21:00:00,2017-10-19 21:00:00
33c834238b6aa7019bc7f652f8764c84,1cba4396d1a5b29a1a5fe46beced079e,5,,,2017-05-12 05:00:00,2017-05-12 05:00:00
e1710e4ddd13475151194e3813bed02f,f3fc752d82575b1b51ee075a7c204d12,5,,,2018-04-08 17:00:00,2018-04-10 17:00:00
f565b85676730d11ef7e901b947b3f4a,313fb71e67058dfa222b88d5a351de16,5,,,2018-08-29 10:00:00,2018-09-01 10:00:00
003ffcd6b27c2198c0f0605982ab748e,37318edaff666f94e46ba2a0f3e27bb3,5,,,2019-02-14 10:00:00,2019-02-15 10:00:00
072a5b8c39832fbf66ff8fe358df3df6,bb7aeef7de1731e3402e4222946b835d,2,,,2019-06-13 02:00:00,2019-06-14 02:00:00
62cc9d22505087ae89477895e83fc4fd,725ffd6ffbddd9cf4ef022e1025283ce,5,,,2017-08-06 10:00:00,2017-08-09 10:00:00
285edb0278163f761a66957a0ab8abf0,35fd933c2cc23f4089cbc746f172a96f,5,,,2017-03-18 02:00:00,2017-03-21 02:00:00
c4c331e23c20575d697c04e363605db5,cf584f82d34b89eb83fc2d740c91ea34,5,,,2017-08-19 19:00:00,2017-08-19 19:00:00
04809cfc9754cec16b3908934bd362de,54cf7750a2baad72888e552c00ae5c84,5,,,2018-01-18 22:00:00,2018-01-18 22:00:00
d8de048941162025be16d325441d9b2c,a25b19bbd44dbeca82d8426f3302278c,5,,,2018-06-12 09:00:00,2018-06-14 09:00:00
ddca2d0bccb540a8eb4ace2e901aa87a,a8a5c8c3a945ed303e6f1bdf2b3f0b1b,5,,,2018-05-09 16:00:00,2018-05-10 16:00:00
b020b6edf6d6c356d17e739e3f3fa472,8c83059ae684fcf6abe5b1fcf54d1238,4,,,2017-06-17 20:00:00,2017-06-17 20:00:00
41316886a3fc1d1c692fe23485d2152a,8fa7c6c23d5d8a24f921f178c9cfcefb,4,,,2018-05-22 17:00:00,2018-05-22 17:00:00
916874263b43e0e2b0dd04bc928802db,f97f3594552bd2850535e796cfe84ae2,1,,,2017-06-06 02:00:00,2017-06-09 02:00:00
e1b38e0dd9e854864acc99eac47a09ff,e3c10d30adfa57878722b46f64fcf169,5,,,2017-02-01 08:00:00,2017-02-01 08:00:00
6e391a52eb04173eb09ff74f21e4e08b,2762be9fa3b039f480462b1635f0d2f0,5,,,2018-08-10 04:00:00,2018-08-12 04:00:00
22b9e9565ddfb84899734cce3d8639ff,42f9d8572643a4f550aa528375be2f92,5,,,2018-03-26 23:00:00,2018-03-28 23:00:00
468482900974f65a76951a0cdb30d425,2e4b8f13302e450c58817e4efb4fae54,5,,,2018-08-07 23:00:00,2018-08-10 23:00:00
47255bc4a39dd7239ff96a5e6de78fd2,dc3541e7fa068c0863ad0b29cab71e01,5,,,2018-07-16 17:00:00,2018-07-18 17:00:00
1c41a136e9b479c5eedc02e973024b6e,cd47c86674345150a968cfa874d11640,5,,,2017-05-14 20:00:00,2017-05-17 20:00:00
6a946bbee6320dfc74aaed0336e9c4e7,1e1f83d8d70e9627963b933bc52bbfb4,2,,,2018-08-14 17:00:00,2018-08-16 17:00:00
86287169693f6dd895957d5428ae1f98,4165406cd5a8f2bc9f4c028ec05a2e08,5,,,2018-06-03 22:00:00,2018-06-06 22:00:00
fa76bb7bb3c66ba18f6f4f87d618c273,96b46969feb111fa42351ff84472e10c,5,,,2017-11-22 22:00:00,2017-11-25 22:00:00
0bf73e360f12430bcb1399d0f43f5088,b6c53b98a5c674095ac7795824937816,1,,,2017-12-19 19:00:00,2017-12-22 19:00:00
830022d135edc34d4b4ac13ab0038c52,77004b057e841271d8c2ccf26597af91,2,,,2018-03-07 21:00:00,2018-03-07 21:00:00
1b851443e875cb17b196a18e640a3858,eed4035b22afb20265cbb014763c2109,5,,,2018-04-21 20:00:00,2018-04-21 20:00:00
1d29d101a6e4d53ef8bd0f02a090d3f8,39f7a64278a4cc9cfd9e5c8adeefe02d,1,,,2017-04-04 11:00:00,2017-04-05 11:00:00
68a49e85222565155f4e616bd5085c23,12c2637ae9da53bc6f30a486bed3751e,4,,,2017-09-04 19:00:00,2017-09-06 19:00:00
ef04ccb9eeca81bf2c5faca2a7e288b1,5d8aa07caa6460ce59082641bc2dc193,5,,,2017-10-18 22:00:00,2017-10-21 22:00:00
744fc9422c3354edfab09e92d5c9d4a4,06637e426e4e8497504acfd63f1b39b8,4,,,2018-03-14 18:00:00,2018-03-14 18:00:00
1b722ff3009e0369fd541176faf00443,b00e454a6c50f6d77e15559bfe5b910d,3,,,2018-07-18 02:00:00,2018-07-18 02:00:00
e8b95d69a785bd5eda4eb8b054673fcb,99e1155b8e38f2f7d70ee61cc63ead20,5,,,2017-03-31 16:00:00,2017-03-31 16:00:00
6932d92a18e2f94711886095ffe910b6,8d88a36b0888671afe74c3525704c077,3,,,2017-08-01 09:00:00,2017-08-02 09:00:00
b97100e4b0b3b882e6c5a9fa95b4a962,72b14022f67983c36e1f42b8e7dd1c75,5,,,2017-03-30 05:00:00,2017-04-01 05:00:00
91df0b1d8055d068ed5795503c30e1ea,bebe06ea427cc907d7eaf3b5b957a6e9,4,,,2018-09-07 17:00:00,2018-09-09 17:00:00
8b495a46521281b24054e5b07d7120b3,ee9c33d1b4d96a28b95f45e0e029d295,5,,,2017-10-15 21:00:00,2017-10-17 21:00:00
755f34f4f3adea7d245eceeccf6b9550,38209f5684a0c5630940426df6e088cb,5,,,2018-06-13 02:00:00,2018-06-16 02:00:00
c6e5de4239244773746fd34244780494,34b34319884ce5441f6d9530411ae887,5,,,2017-04-13 00:00:00,2017-04-15 00:00:00
0fbf92fedf5b06eda97025f7145858bc,bc679ccb3d036a63f324d1282fafff42,1,,,2017-10-10 11:00:00,2017-10-10 11:00:00
a88ae43a1b4d765dfec06c002a33f86c,726c53f08bd782dea4750b7e15be2848,3,,,2018-05-16 08:00:00,2018-05-16 08:00:00
caa603bf80c28c49a9d3b9355e566c56,60e2df18b6027ca63a2ea5c708eba0a8,5,,,2017-05-04 16:00:00,2017-05-05 16:00:00
bf0d02566a0d445fb7b3475c371a937a,86b6a6772d7b02b096f96766aeb6518a,5,,,2018-08-24 02:00:00,2018-08-27 02:00:00
900ebb8ef5be6a50c40ad3f84ac46cff,55d7449c8f6e3160b65c0ef81d614e93,2,,,2017-12-28 23:00:00,2017-12-30 23:00:00
c137a944c4687767952b3d41ddf66267,053409872298e3d0cb5718cedd797f9c,4,,,2018-05-12 15:00:00,2018-05-14 15:00:00
1d6e7ab65867a007fe7ddbdbf3296aff,5a60ae76f0a87dd9a193ddee43e21f13,5,,,2017-01-30 12:00:00,2017-01-30 12:00:00
4cafbbf20252bebf11d13c8aaa65cc1b,f168ef72c245363e34a6eaac418a775e,4,,,2017-03-29 12:00:00,2017-03-30 12:00:00
ef8c2e3dc02dc9901ea51dc7759f65e4,2ead0be0a0b45327af8b8fb1e53b7a49,5,,,2017-01-12 15:00:00,2017-01-12 15:00:00
cfcb10354c2b3e78986b4a55a7078710,d8fa1fe2fd29f979ee23e5926309156b,5,,,2017-03-10 17:00:00,2017-03-11 17:00:00
66a146edfdfbfd7de380239764abf276,c9e69c34a3963941b29a73ea9c013151,3,,,2017-04-14 02:00:00,2017-04-16 02:00:00
babe8c1ab0156679eea3ec22dfa7324a,adc753265bd3f5b00dc6f1f7fd976fd5,5,,,2018-02-23 12:00:00,2018-02-24 12:00:00
8c915b72b42c71384add6ff5535e5342,987f9999cd43a1abc3f2acb629c6b5b0,5,,,2018-01-31 04:00:00,2018-01-31 04:00:00
9b86f765bde9daf322aa1291b174ced1,c6a35eb8378629df3f4e35ce92e9d58c,5,,,2018-06-20 08:00:00,2018-06-20 08:00:00
c73b7b638c04208c25d8fe0fc48d2648,b8f160e41028ea565fd956b1a569ebd9,5,,,2018-12-11 18:00:00,2018-12-12 18:00:00
af3801e17471467808a8fbdc522a5bb1,24cace84f3558fdc5b5831db3c4c2fbd,1,,,2019-03-04 19:00:00,2019-03-06 19:00:00
c59e673fcfb29b548809367e72503b0f,0c92fa098bdc57a286bdea2c0c9da1de,5,,,2017-05-07 17:00:00,2017-05-08 17:00:00
34eca6ca4a4893977c23ee8937f4a90e,7153dbad71b7fff3d1368bd94ce3a5b3,4,,,2018-02-18 04:00:00,2018-02-19 04:00:00
c0466dfe885aa6559277cb39041d791a,e885493451ca2ab60238676a4a2fd5ea,5,,,2017-03-05 18:00:00,2017-03-08 18:00:00
b907a748caead7c0f545c4ad4391f7d4,3479f3865d6611996f93056c638cc8e0,1,,,2018-04-21 05:00:00,2018-04-23 05:00:00
97b66ddf7e2696fd5f916dda55052b49,47153ea77bbe4de47a0b06937a3b94f3,5,,,2018-08-11 06:00:00,2018-08-14 06:00:00
303ddadd227dbc8ffb0d8db61a67f58d,96d5727852dd2c900f4ad88deb0b8863,3,,,2017-07-22 04:00:00,2017-07-25 04:00:00
a6d1ebd581165a52787f1a4ca2055618,5e514265b6b3c921e074cf5a31db1398,5,,,2018-01-05 22:00:00,2018-01-07 22:00:00
99c1036223f78f82b44a26377195b192,94bf52863830a7cf74a5e6b0780764c1,5,,,2018-05-12 05:00:00,2018-05-12 05:00:00
a333cf2dcd322a98472870142a22997b,f3172b9fb0928aeb2e955825b5ee7ca9,4,,,2017-04-14 11:00:00,2017-04-17 11:00:00
da204e06309c19fbcc293cfa15029eca,50bf964eb63b25db544f06507eae1b6c,5,,,2017-02-15 14:00:00,2017-02-17 14:00:00
090c0ea690fcdf5731351389b040df3a,c809029e732cccb98d83b04e3e097879,1,,,2017-06-05 22:00:00,2017-06-08 22:00:00
ca6ed270c0df1534e9fccbccbc29d2fd,6cd031a7dc401520fa4fa0ff3445b47c,5,,,2018-03-07 17:00:00,2018-03-08 17:00:00
272580c305729ddf86c1d0e50be521ff,54058a012dc829e00a0268074b2d91fb,4,,,2018-06-07 20:00:00,2018-06-08 20:00:00
5b3613dea787130ca9df667070c15f8e,947148e24d8fc6e9c341f9a2efb2a181,1,,,2018-01-22 13:00:00,2018-01-24 13:00:00
360ef55f64cc3dc5a7c94eedc9dbd387,a04e33bd214fbee823457bfe96502ed4,5,,,2018-08-17 21:00:00,2018-08-18 21:00:00
e83d0e3e9779809c363334e75b621efb,09d35e757c09102718e741eabe69b262,3,,,2017-11-25 18:00:00,2017-11-27 18:00:00
fecdd1036292fb9568aaa4f9ed6f576f,934a5d8faffb1199029f745d4d351375,4,,,2018-06-02 19:00:00,2018-06-04 19:00:00
c2296d7316ecd8473870c7a9a6eb5fb7,6508941473d257938025eb3697efdfbe,3,,,2017-09-02 18:00:00,2017-09-03 18:00:00
ba7871a4492a9c8a9897fe99bd10fc0c,e881d4ded5932f7343dab136151dcdb3,5,,,2017-10-30 19:00:00,2017-11-02 19:00:00
1efe211cad060c21a8eeee1b4804739b,7c2febce81880021984dcca241192e85,3,,,2017-09-07 03:00:00,2017-09-10 03:00:00
01b2634a56da4c587b32bb5bddc3f612,53573ede27a8ffcf484c578f30f7d6e6,3,,,2017-07-17 01:00:00,2017-07-18 01:00:00
6df6a277b89385d0ea77c46c7278de08,642bafb026bb66701262db567887343f,1,,,2018-07-20 14:00:00,2018-07-23 14:00:00
f0ff606eaa2cd9c9f9098f89cba527cd,35909433805b7c77a56b3436706b771e,4,,,2017-12-13 08:00:00,2017-12-15 08:00:00
42954e0c3efe73b37c1476635c06d8c9,89a9b21c229aa1476c62487f3fe140e4,5,,,2018-03-05 11:00:00,2018-03-05 11:00:00
4a01d77e87848ab00f72cd6410a7c256,614b58b8b739b7723c558ee22ef004a7,5,,,2018-01-31 22:00:00,2018-02-01 22:00:00
0dcd7f27322abec8fc52cf6c78965c34,907802120983fd671075ac3286010a70,5,,,2017-01-20 12:00:00,2017-01-21 12:00:00
763b8db12b11a9653b25359a10280aae,06b2d29c27b19b69f43c9f5ae4c6ed5a,5,,,2018-08-29 10:00:00,2018-08-30 10:00:00
745b89ba44ad0ca199a3b1375c6afde5,c556bc04f6cd5a042cb61d24add30b59,5,,,2017-08-15 06:00:00,2017-08-17 06:00:00
bb53b0610de0d07194c02a1f9df876ab,3dffa2aa85f31c88d5f9664799415464,2,,,2017-11-01 00:00:00,2017-11-01 00:00:00
0df78c97621a80d2f8c4ecffcf3844ad,35a056373164e87948627ff2009af9ba,1,,,2017-09-19 11:00:00,2017-09-20 11:00:00
9917a01312d7a1ec8dd8299a07622582,18308f4c610f549e1df1d63b3b298d59,3,,,2017-05-27 05:00:00,2017-05-29 05:00:00
5397b17a6a09e05b65981eee0de813df,6acd5724cd752ade2844a9d65bad29aa,5,,,2018-02-28 14:00:00,2018-02-28 14:00:00
9fdbba6b85cbad8de9a5aa16f1a1fe41,4d0f41b3aa0f14a814c676e2499cc7c2,3,,,2017-07-27 22:00:00,2017-07-30 22:00:00
bdb6e680ec4f914e1308ee3571944cc4,513731aa1b1b9803f886a4fe7a33aa97,5,,,2018-02-23 02:00:00,2018-02-24 02:00:00
db69f16238be7cd288420c39369566b7,8af1934e0db27d4fa79768b551465018,5,,,2018-02-28 18:00:00,2018-03-03 18:00:00
26078820f5928bead1e548038d8e7b2b,6174496e964e3cf5785a59525161f577,5,,,2018-04-18 18:00:00,2018-04-21 18:00:00
56833c67b3a22baea0bef0ee19092fbe,11d8f7b4d7a66a52fc9a1ff4b515cd4c,5,,,2017-10-24 06:00:00,2017-10-26 06:00:00
e2821da3be2a1c206cdfee4da40954a4,41d2a6e96cb85bd4496035f27ec87a51,4,,,2018-02-15 10:00:00,2018-02-17 10:00:00
b3bf145d447891023cf54bcd3d8dccb5,6da0d5a3891868eb7bc8a925a393d432,5,,,2018-06-15 14:00:00,2018-06-18 14:00:00
928224308e9821a265d8106a9f12ab5c,8080a74e6d33c65eaa33d95b1801ea1d,3,,,2017-09-26 17:00:00,2017-09-28 17:00:00
17237eb918480ab5a2acb218f09dd007,085287825ab3f581f02645a4a83e64c0,4,,,2017-07-07 09:00:00,2017-07-10 09:00:00
7f951f817c6d7e0d63e27996544e8e84,82b19a0806a355729c85a324e4782698,5,,,2017-07-02 23:00:00,2017-07-03 23:00:00
9bf4a1ac03099cca26abf251b8f1209a,b066ae7f2cc3d4d36cb3c9441f8fb24b,5,,,2018-06-25 14:00:00,2018-06-27 14:00:00
c8a0bb98abe1420c4b9e3f056537b371,9dcf3c3fb57b11709e1beb1310c4f8c6,2,,,2017-10-21 13:00:00,2017-10-22 13:00:00
67ae73db429821d9de531e472d9946c8,c8ed9866ae5703b4f5fd2dbb6c1a3f9a,5,,,2017-06-15 11:00:00,2017-06-15 11:00:00
6c9bb4d31c923c45fcc8b96bf32a2659,2b8d7660db29818b3a67db6b2e6d99c2,4,,,2017-07-09 23:00:00,2017-07-10 23:00:00
e34d391a700b34a8a667e980fc0f2fb7,9e0577f601ab89d8840fb04b0dd87fd5,4,,,2017-12-13 06:00:00,2017-12-15 06:00:00
43887595eacee49a3457c3dadaa36db3,0faacef77204e7e135783061cb002182,5,,,2018-03-31 00:00:00,2018-04-01 00:00:00
1732436d3ba12afee7c9b300c3fb1ffb,0ed6653b526f53f3fe100cc5847933e1,5,,,2018-08-09 09:00:00,2018-08-10 09:00:00
03bab52ce56a7d7b0d042933e10df19e,7d75854f3eb1f4ef984ff5dc068b36e9,4,,,2017-05-01 21:00:00,2017-05-02 21:00:00
70efaf74f0a731fcea4a2509ce9c0640,4c6f016ab1598c09f94944ad72e25200,5,,,2017-06-14 16:00:00,2017-06-17 16:00:00
43775a1a727fced3baa9462dd30a0592,05cf46ab9af78021f83de518a953aa5a,5,,,2017-02-13 05:00:00,2017-02-13 05:00:00
595f92f308845406df853f894d9fec20,ec5981905eb20456ebd4e983e4bfa939,4,,,2017-03-22 06:00:00,2017-03-22 06:00:00
94b9ee698d3570eae52a84adfe57899d,6ef2dd6ef41431044592a707c902ada9,5,,,2017-01-28 10:00:00,2017-01-30 10:00:00
de366fb7706eea67058345acf0a94c5a,7873842bb259a50f0a1e290187c4a4b6,4,,,2018-04-08 12:00:00,2018-04-10 12:00:00
a4c51b0df2c7530cc2d623a75d8faf30,f87ba01bc4285a2edb5464687bf4106e,5,,,2018-03-30 09:00:00,2018-04-01 09:00:00
f8ae44714ca15e2cd59cbab6ea5ad562,db2e59b016885dfcdde75749113b436a,1,,,2018-08-07 14:00:00,2018-08-09 14:00:00
ecdc166d785350209279acc3da8c1ee6,3c108cb967b9b1f9e5a472ca414c2daf,2,,,2018-02-25 04:00:00,2018-02-27 04:00:00
5d624823e4e5917e3091ebb499f49513,1c8c3cd059c1a48a25e45a03db418f9f,3,,,2018-07-25 03:00:00,2018-07-25 03:00:00
47087227db108c244d92200ca95ce8b3,03f7821bd8c9fa29eda84e70d8702c30,5,,,2017-05-19 01:00:00,2017-05-19 01:00:00
7930b3c5a78d07fdab4a64eeb5a3050a,f821a40522803be70e2f07a5ecdc7b52,1,,,2018-01-27 13:00:00,2018-01-29 13:00:00
8e299e08b7a6c7a0f25ea9160f68b169,2f09dae6f8b81c8b45802d18b099e44d,2,,,2018-06-06 00:00:00,2018-06-09 00:00:00
7a6b3f8c3953c0195ad9e1b16eaea044,07f7009a8a51819f9c315267cf9ad7aa,5,,,2018-03-10 05:00:00,2018-03-10 05:00:00
24551e238276c48c9ff84ad87af8c27f,961f8ddf108b90d0feb6bae29072c5c8,2,,,2017-11-07 21:00:00,2017-11-07 21:00:00
8adab2f21b62f672fdacda871173acc5,04b4baef945b3dd7bca96822d327e3a3,4,,,2017-08-08 06:00:00,2017-08-09 06:00:00
ad0a1ec6dc9d7f4be16ab4975b74865b,cf49d9fc0709e2e025244dcda74d6072,4,,,2018-01-12 01:00:00,2018-01-15 01:00:00
6cad400e286ec90532a776835a3d7684,795aff913e09c3b16289487a4cc6e094,2,,,2018-05-12 01:00:00,2018-05-14 01:00:00
b4783e0c61205840716fe3f5049c6f46,761c2613b7fc799a8ef01628f4446f7b,3,,,2018-06-24 22:00:00,2018-06-26 22:00:00
760f741cb16c072caa013ab9fcb2a643,951ac6961435e9f707abbbee515ea0d3,3,,,2017-11-22 01:00:00,2017-11-22 01:00:00
f3051e8d28c753bddd75b114eb59d057,1a890fdcf197a1772f54a47901be6a20,4,,,2018-03-15 22:00:00,2018-03-16 22:00:00
26aea272f6d0e554d49d82b60ee0d40a,6d25ac2597f3a5deb14526b0d8b2a4ac,1,,,2017-04-16 07:00:00,2017-04-19 07:00:00
ba99c11bc7c5b2dd1c10a8efc1c2517e,e9ab256541b506f953cc3391d8ebb11d,5,,,2018-06-04 01:00:00,2018-06-07 01:00:00
45553ab3433d3d6a0bf07d81e338cce9,c9eaa200d3cc60be8ede02cf8fcf4d2a,4,,,2018-06-19 16:00:00,2018-06-21 16:00:00
aa500a5a903d98f8b9c22c9c6936059e,89efff8187b05c5404ceeaeea1105dcf,3,,,2017-10-01 15:00:00,2017-10-01 15:00:00
09aa8df1528bd2de1562e845c88ebf46,88ed8d566dde53580b49914402b750d6,3,,,2018-02-16 05:00:00,2018-02-19 05:00:00
8da0b9922d47c84ad3dca7d4cc62ac54,72e317afe62ce1880164cc5d0187074b,3,,,2018-01-04 20:00:00,2018-01-05 20:00:00
771f7c0ab0259a44495cf98fcee1d596,288f8b615cc4f5231c59c70c26aae14b,2,,,2017-08-25 05:00:00,2017-08-27 05:00:00
e6ca93e239fae98d0ff0d7fa752a7320,210995a2cc2f564b67ae6237c15e1790,5,,,2017-04-14 11:00:00,2017-04-15 11:00:00
04b2047f44aad9399d4c3a4f63203749,b48d5c1b6f83054113aefbc7c0d6c3d3,5,,,2017-12-11 21:00:00,2017-12-11 21:00:00
39a31c1e0fddc43b6e3b7ea146d2befb,a2d0d985333910e8ea2e354c892b4a59,1,,,2018-08-02 18:00:00,2018-08-02 18:00:00
ff6eff2f1d13b91f5e4ac510434c7405,e338b6c37f1a8f72a0f387e9f3a49ace,4,,,2017-02-02 06:00:00,2017-02-05 06:00:00
5eaad27bd79b30c451d17e7912ade836,4c7cfe8954123c717dae6320ea61f108,5,,,2017-05-12 12:00:00,2017-05-14 12:00:00
d32713c6efb2c37bb6934966f7c001ef,c2c1c69eac2818cb7956f9538298d8db,3,,,2018-04-26 02:00:00,2018-04-26 02:00:00
d32713c6efb2c37bb6934966f7c001ef,c2c1c69eac2818cb7956f9538298d8db,4,,,2018-04-26 02:00:00,2018-04-27 02:00:00
9a4c89283422bb5ad9cc21d22d9c60cd,375d6f24367cbf3bd67de719ea08fb3e,1,,,2018-02-08 06:00:00,2018-02-10 06:00:00
50ab86edf7fe9772bd3ea5e4e6b04b55,341e30371f835e17d8fffd02d021dc98,1,,,2017-03-15 09:00:00,2017-03-17 09:00:00
b106441e38d63472d01c9d003d9cf2f9,1bde7063fe02fb7351d242ba956ab298,4,,,2018-08-15 15:00:00,2018-08-16 15:00:00
0af689dd6381bbd7271ffe38a6fe4211,c4bd7bba010a8e8062f73ff791eb586a,1,,,2019-02-27 03:00:00,2019-03-02 03:00:00
0ce56ee27fff077376d1fa0d4b6b37af,6d3700ebf3ce1b5a6b2084a79b212de6,3,,,2019-07-10 19:00:00,2019-07-11 19:00:00
edcc545c80eaa65f529105b7609f6e4f,a7f8c2d4cbcb7fe9e052c6a8a015a8ce,5,,,2017-06-09 16:00:00,2017-06-11 16:00:00
f1b20a7e0b660f7192d1e32e8d0d0cb9,74d2bd8ec94318fb9c11a1d79c741665,5,,,2017-05-19 05:00:00,2017-05-22 05:00:00
38fa60944dbecfd5af0a5ad2a2aa7f9a,b12a3f14eafdf7ed608caf338a081a61,3,,,2017-08-05 07:00:00,2017-08-08 07:00:00
48a0e96213ec721bb6e344943345fa1b,b4bef407559d1417c6a41868a475516b,3,,,2017-08-16 21:00:00,2017-08-19 21:00:00
c393c54403783050e599e2e040c8f92a,40851dbab8fcc7fdf7298f09468a00a9,3,,,2018-02-27 07:00:00,2018-03-02 07:00:00
e4b87a71698b2bad902089b92fcc9e22,fd32d0a9507ebae219510f90060230b7,2,,,2018-05-21 22:00:00,2018-05-24 22:00:00
c87f06b39ad8a78b48e4ec7a1351f047,3365bd5e4fe9790ee9f660a98f3f5876,2,,,2018-02-11 17:00:00,2018-02-14 17:00:00
2868967832c3772df5523f0fc6131ec1,56fe58974f14709852b50d5cdf7d51c2,4,,,2018-03-18 12:00:00,2018-03-21 12:00:00
31454d09f920b0cf51e3b50dd8ed0936,aaf73dacadc2ecf7883f3134a0900fea,5,,,2018-08-27 05:00:00,2018-08-27 05:00:00
ce4a73240cbb5bb93a795543c34052fa,5a340ef1e091447692b100e6b37c8bb8,1,,,2017-04-19 06:00:00,2017-04-20 06:00:00
43072a7f2125845f7454cb79f16e7483,7eb8d108f5a51dbe9a64767c224733b8,5,,,2017-02-18 05:00:00,2017-02-21 05:00:00
5b01c7666c75b42e206bf71e80b51339,901b8db91a4f6dd44bbacd1cc6079d81,1,,,2017-07-02 12:00:00,2017-07-03 12:00:00
b11848b777a76752de81b3edb77b1335,7835e67b5d1d3fe0a4ac4cc457a6b26c,4,,,2017-07-21 03:00:00,2017-07-21 03:00:00
14278cf382c8164ea8f637a1f8dd1dd4,529b08573d182a904ade9ff9a601fc42,5,,,2017-03-15 23:00:00,2017-03-15 23:00:00
0a4389517db7fc38bd1c28b8415d9757,073c002fdb1160425eb330dd0ee8cae8,2,,,2018-05-19 15:00:00,2018-05-19 15:00:00
e3ea633bb7dcf8d0f91cafb973ceca7e,b34b5f0729bfc0ce542cfffaa9df0fcf,4,,,2018-03-29 19:00:00,2018-03-31 19:00:00
3a4bde1fc628fdc5f0d6fddb92fa504c,19c17f740492215a9acd45f0be0bba51,4,,,2018-09-24 06:00:00,2018-09-27 06:00:00
59dd6bf401479762c4b921940e704ddc,62073af1e590fd88545801d87ebf1f9e,5,,,2019-04-08 14:00:00,2019-04-11 14:00:00
cb1f4c06d7b0f9ccacef15844977d084,dfe4f17c0dac1724a6df628ee5c0eacc,5,,,2019-06-07 08:00:00,2019-06-10 08:00:00
6027ddc390821c6db4dbeaf397fdb7b5,4299057dab17eb1829dc5cba5910d841,4,,,2017-12-15 12:00:00,2017-12-15 12:00:00
e86ae802a574c9e616b349ee597dba72,931f7f9df7424101019fa7384727f854,3,,,2017-07-01 20:00:00,2017-07-02 20:00:00
3c0e20a7453383efb764b1f90df9c154,216db33d73f34aa96f3f7de4880035d0,5,,,2017-08-07 20:00:00,2017-08-09 20:00:00
9d4346b0530d93598507eade6ee78c2d,5f3df920a76f99f16467f6d22f74562f,2,,,2017-09-27 08:00:00,2017-09-27 08:00:00
f370c1b9000494cd98ae63f58b0d5773,df58f6e1e425b5b74c05d9d1c88e4acb,5,,,2017-11-22 18:00:00,2017-11-23 18:00:00
acbb4d826e4516dd9bd91aed716cb725,5a0390411c86d33860b99046a63b6c9f,5,,,2018-08-22 21:00:00,2018-08-25 21:00:00
ff091a756e493e7cafc258dc89b34014,7610468f8cac4e320c76f9e6ac504267,5,,,2018-04-08 14:00:00,2018-04-11 14:00:00
88e2bfe7e802e28928cd2b4d8923bc95,7cf5e30741e1431f530f5e8fe63de1fc,2,,,2017-01-20 19:00:00,2017-01-20 19:00:00
b58bb0a613166bfcba24e92b833d842b,9161d0890e51dca653782b7ccac8d16e,1,,,2017-05-30 16:00:00,2017-05-30 16:00:00
88ef88f7d7833a0cca23a5a56f1b9b26,43000b4c993263d6480b480d4e268f27,5,,,2018-04-08 06:00:00,2018-04-09 06:00:00
ffb9d60947b6a2f22750d3d08deb45c9,14aa1503dc31d0004eeccb784a9feea1,1,,,2018-03-30 12:00:00,2018-04-01 12:00:00
58a2ee7ad7c2467af71ba31196fcde4a,0f08437f3b00423a0892436101bb32ec,5,,,2017-12-19 09:00:00,2017-12-21 09:00:00
32d157a8439037e85ee83986bdcc0eeb,3b7eebe6674ccb71cf4faa6edc77be61,5,,,2018-08-20 20:00:00,2018-08-22 20:00:00
1e0e59a93e01b09e7eb674f09c1b6efa,56c040a0db91d9dfa5e04d585037ac91,1,,,2017-09-15 11:00:00,2017-09-16 11:00:00
ffbf9be30b572fc485f08d31b86e307a,91a5ef7a345b2edcbd1f8d7f1893aed0,3,,,2017-06-27 07:00:00,2017-06-29 07:00:00
d390426a220ae7a589da9d785a209e04,58e895c1bc1367ef5d853afc2feb27c2,2,,,2018-05-28 20:00:00,2018-05-30 20:00:00
89812bb0967d632e971196c8fcd35670,d9a1170032adec605ebe5f7415986e2d,4,,,2018-03-07 04:00:00,2018-03-10 04:00:00
ed403e5553e39e26a052cea628959434,1343fa9fff0ba26bbd1517d28cfe6345,1,,,2017-10-09 14:00:00,2017-10-09 14:00:00
d9523619a874368e6263c57bf37fb4a9,968cd2c121aaadacfb8a27efcccb9f67,4,,,2017-10-27 12:00:00,2017-10-27 12:00:00
9d0e66cb6221381394ce24f5afc3be3c,03c4033760b1c3b9bb0ad480fffb6cbf,1,,,2017-04-07 17:00:00,2017-04-07 17:00:00
32ca9b58d72550661ce8f1bac791fef3,867911d407f30993c334f2bc623393ab,5,,,2018-07-27 16:00:00,2018-07-28 16:00:00
992fdb732a879ac076706b08477e781c,4def1a69cd106cd10e08caa08119f67c,5,,,2017-03-24 07:00:00,2017-03-27 07:00:00
514568728876c68914509f6cdf7583b7,b116b9899e7e7a565b57938162ee2814,4,,,2017-06-24 10:00:00,2017-06-24 10:00:00
de10a04c659eff7e39ba880a107ed9af,618cd01a1dc904f942ff97a7db66aca5,4,,,2017-09-11 12:00:00,2017-09-13 12:00:00
5d4d586048475033be34aeb2a1fd1fb0,90d0bea1d9bf112f07a779132d376d45,2,,,2017-04-11 23:00:00,2017-04-11 23:00:00
2025b4cea853a7aa38a9aad534fa08a0,66f9d912f46869b61cae532706f80c33,5,,,2018-01-11 20:00:00,2018-01-11 20:00:00
38a622d3335b59c54727c2137b030b07,d5bc5ae0962444b7ef298ae3dd637ce9,4,,,2018-05-07 07:00:00,2018-05-09 07:00:00
499e788abe2e03cedc3fc3de637565d5,608fc6f2ae8192f72440beb764502bae,1,,,2017-02-08 01:00:00,2017-02-10 01:00:00
0559993ecd6af85b5ab4ae82a24dab86,999cac541aebce34591a4561fa3fea1e,5,,,2017-06-11 01:00:00,2017-06-14 01:00:00
c8725879622a031d3a34d202d4125757,323f58d3fdd9c36f48a56cb7f22767e3,3,,,2017-06-18 18:00:00,2017-06-18 18:00:00
6b187e2c32b75edcd606a6e1269f5292,23956105b01c040a72f6ce92cfbb37c4,1,,,2017-12-17 19:00:00,2017-12-17 19:00:00
6b187e2c32b75edcd606a6e1269f5292,23956105b01c040a72f6ce92cfbb37c4,2,,,2017-12-17 19:00:00,2017-12-18 19:00:00
44a6446f8ca32bf9c577cbb759dad47f,33c05ab2ea6f30bde87708d852b0230b,5,,,2017-01-28 07:00:00,2017-01-28 07:00:00
0c3887b8e6224f6954b575c02b692471,c2c66f9f06bb9c521a735d49e75fc829,5,,,2017-08-20 19:00:00,2017-08-23 19:00:00
eced8476f05739a02f87455b3f016323,27bdfccd9095c6139491c28792d6f65e,1,,,2017-12-07 07:00:00,2017-12-07 07:00:00
6e46ac01bcd4cbd01ac74ac104c0629e,c7696a46090af3e08772dff7dab92589,5,,,2018-07-29 19:00:00,2018-07-31 19:00:00
608bcdfa902d9fe429db12989ffb86a2,d8379ad103406edc5410d3d90472e005,2,,,2017-03-31 21:00:00,2017-04-03 21:00:00
db1de157a6e16e9584b3762365ad4ff1,30cec6d80afadc21c18c3b377d30e5e4,1,,,2017-08-24 01:00:00,2017-08-27 01:00:00
303dbfc81337d89a4988be043159ead4,cf73151c5aae52bceebf5afe088c773f,5,,,2018-07-27 04:00:00,2018-07-29 04:00:00
fd64e00cefef36eee71836d073ba7dd2,ecda01ef61ba802c76158d0249759160,5,,,2018-03-14 03:00:00,2018-03-16 03:00:00
af0cb11e821d06dd118b20f0e5a60020,8ba1c9e30388045204d24b37b9e52587,2,,,2017-07-18 04:00:00,2017-07-20 04:00:00
a6620fa001bab5f556e07c4e4e372306,b14678a6432647143489a7b677a036a7,5,,,2018-08-08 09:00:00,2018-08-08 09:00:00
5869348e5d2099de133fd48e8eea815a,414c61dd69944d007d7617eb49464397,5,,,2017-10-26 17:00:00,2017-10-26 17:00:00
2c73476f1314e0eb897a96e67b13e136,a6d36bf90d2579be687885e4103ee46e,5,,,2017-02-13 21:00:00,2017-02-16 21:00:00
1960c6ae6a1121ba82fd6ccfd070b1dd,0ed020b8fedbbac3c1bfcce4f117b0d1,4,,,2018-07-28 14:00:00,2018-07-30 14:00:00
ed3a227d7aca29df11fa3489b3dfecf4,adde3e1210843e0a07840aba8d734c8b,5,,,2017-09-03 13:00:00,2017-09-06 13:00:00
d531db26d594ce06bdc8488679c2b6b2,afc3fe8ca670e4b0e041dd699c78f51f,5,,,2017-02-15 00:00:00,2017-02-16 00:00:00
44c7c4b0216a37b448344953099bab83,864ae915e3a2579a7ef7b53bb6e7dddd,4,,,2018-01-15 11:00:00,2018-01-18 11:00:00
2821b01ca008ecf4170c03724165e9f7,5536bd5f9e2b57702c4d8acd845c7a3e,1,,,2017-03-31 22:00:00,2017-04-03 22:00:00
0af55a81e6dafdd25be52d532e7e0c26,1a0742b8da6c619dc6d5bc9669c7b7db,5,,,2017-12-02 04:00:00,2017-12-04 04:00:00
6e7cb018bf11fb440757b010c7602e01,123ce7708e2479e726019167a275429a,5,,,2017-11-25 15:00:00,2017-11-25 15:00:00
626ef43f04469f66c90a115d64a8ada7,b162c40acdf41c76055637fc67e76c98,5,,,2018-01-06 15:00:00,2018-01-08 15:00:00
391a43e1fb2b3c7a6b45f2ee316606dd,a1309026d01851b7284b73958beaba7e,3,,,2017-02-14 09:00:00,2017-02-14 09:00:00
45748eed21f215fcf3c10929b8320564,c17aeb6ada43f6d4da19152cc819ae16,5,,,2017-02-18 19:00:00,2017-02-19 19:00:00
6d2ac0fc855a1f4f8bc02f6fc43b7783,cf1e65f01e46f12dfb579d539526a6b2,5,,,2018-03-26 10:00:00,2018-03-28 10:00:00
7afcfd19268b33afb9f192b357f57ef5,f4411023fca5976e1426fcd3e9b4983e,5,,,2018-07-03 08:00:00,2018-07-05 08:00:00
992c28a2f31ba71585f0119069f5af52,29c18ab0a633e9b4d3c456ae75c6f18d,1,,,2018-08-20 23:00:00,2018-08-22 23:00:00
c5f048314df27964c58560f4b10d8e65,88f1ded95f4086e5a5900683a6f4e342,5,,,2018-10-20 05:00:00,2018-10-23 05:00:00
9d6ed0d6d1bb4400af51a6174d94702d,bc1d405c708c5348bb2a94b46808e849,5,,,2018-05-19 18:00:00,2018-05-20 18:00:00
29b3c99896d7331fac927a81ca3409fc,c719735907c2bb9d73d7966b7c8bfc72,1,,,2018-02-26 23:00:00,2018-02-26 23:00:00
7650be8625385ee9cd30a6e4b1f80754,994254cc6b3441f79e7637f16d23117e,5,,,2017-02-10 11:00:00,2017-02-12 11:00:00
d4d46452d75b06fb9345aecce25d212d,d99af44bbe25a7b492140ce2d7884b90,5,,,2018-05-20 21:00:00,2018-05-21 21:00:00
8aa91ea1c2621a4ac2c6a6fa386aec14,13eb909136bbf8b3038e484010b968a0,3,,,2018-09-22 16:00:00,2018-09-22 16:00:00
0098e4bda5824c20bf79547dce5cce93,c0f0c8f9d274f6e1f185ba699a1c34dc,5,,,2017-10-22 14:00:00,2017-10-25 14:00:00
66c9cdd40f38895d219262e013fd0abf,3eaf63a512af135ed8c8c0e155458db7,5,,,2018-06-22 17:00:00,2018-06-24 17:00:00
2a377c1ffd650ec7959ef9db0fa9958c,37f13e48744f2e919784c36ec573e854,1,,,2017-04-23 23:00:00,2017-04-23 23:00:00
81470117e35b5e8225cd97b1d1a7279c,305efb29af3e0913579effadda1ad9f5,5,,,2018-05-13 18:00:00,2018-05-16 18:00:00
de7b050cb9dde5c42e1bb0b97b77cf55,9a346b513e31d7849823f08e3abc5a7f,1,,,2018-07-23 07:00:00,2018-07-25 07:00:00
28133158e985faaa358e0e74e55d80ac,5c82786ad0499ba76ea259d68ffd03e5,5,,,2017-02-01 15:00:00,2017-02-01 15:00:00
887085e2eb6a87e5427bd1ccd36d0aa3,dee531288d5ac91b946b851fcb6f70ec,1,,,2018-01-21 20:00:00,2018-01-24 20:00:00
ce331d819e4e7af16510a25abc27484a,0355faea44d7acfac76eeb55e5677805,5,,,2017-06-25 16:00:00,2017-06-25 16:00:00
7e06d7bdf46ad1bfd6d0b8040f35d114,b1c2d2897d1c5b7707790d43fdb2e8a0,4,,,2018-03-23 08:00:00,2018-03-23 08:00:00
8742d40f74003b31e86b4b6f7dcf4428,db79c48b8e64657225fb66f34bf8c414,2,,,2017-08-27 04:00:00,2017-08-28 04:00:00
97b26935732a14055d5a5f54c19fdfc8,80f7e73706823a769baae406ce6aecd6,3,,,2018-08-06 18:00:00,2018-08-09 18:00:00
50d9584e49fcb8160124383f89bd7089,c4a982f4478da6e7ebdd70a0ba589fdc,4,,,2018-04-24 18:00:00,2018-04-24 18:00:00
241cc262d18f9b31da90e6e4789a5a33,0843578fd941a66c7687bc6ac99b596a,4,,,2017-10-20 23:00:00,2017-10-20 23:00:00
4df6de094d7636ae054c76d1808ac6dc,f4e779176366f51efb5a46ed2cdf0bb3,1,,,2018-06-26 12:00:00,2018-06-28 12:00:00
bcf9195cfdfa2bea6b4fab5f462aed6f,843b76b86798644db3ce61aa1b6581bf,5,,,2018-05-23 22:00:00,2018-05-26 22:00:00
293cea1ab9a309d4397c589c08b4a839,fa1d05ec4ab4ba097773fc59a2c39075,5,,,2017-12-06 18:00:00,2017-12-09 18:00:00
814fd9bac71c41f8cde9fcfc3ae81751,a57fd10bb66549805a5a24459d72e9e5,5,,,2017-04-14 08:00:00,2017-04-15 08:00:00
eb4cab78a105decf9d941a947163985d,b2123a66b83a4bcc52275a66164b7db9,5,,,2018-04-16 17:00:00,2018-04-19 17:00:00
2b35e0ddac0958b06bae101e1aaffea8,896a75d3ccfd250e18268dc624ed48a9,5,,,2017-09-30 12:00:00,2017-10-02 12:00:00
2e9e6dbeb70bf7f65750c1566ce222f4,34aae3f8e7e123417a0e07e47025e2bb,5,,,2017-10-22 21:00:00,2017-10-25 21:00:00
b58fd661552060ecaed5d45242835308,7a06aa4611082c842d90077197bc622b,5,,,2018-06-26 00:00:00,2018-06-29 00:00:00
5d55b647e144edde3062329fa9d1ed6b,1e7311243fedfd47aa9f17348bae04ed,5,,,2018-07-23 03:00:00,2018-07-23 03:00:00
756c6b392279a462195b79beac98690b,9425b29dc4008d41a50d01b21a6b6aaf,4,,,2017-11-29 14:00:00,2017-11-29 14:00:00
d3ff7e5542ecbb8d6700ceeedcba09e8,9a00c4c0d573fe2dd3dc7fcb31d3a0c6,4,,,2017-12-23 06:00:00,2017-12-23 06:00:00
dcee15d61ec0774bde6b8a69ab4beed2,20728d10526b76134077f02e6bb85cc5,5,,,2017-02-28 00:00:00,2017-02-28 00:00:00
df836b0e347f5e752a92d170f0858e79,f8d9f45f8bd0ca6c275de2c489bf9377,4,,,2017-01-29 16:00:00,2017-01-30 16:00:00
b417d58b2ae0e12c9570c4894e6d0bbf,1158d4a4b262cfdcfa56121fd9e9960d,4,,,2017-06-22 03:00:00,2017-06-23 03:00:00
06d8b904999115c0a9a0f0c814e6a9df,c570896e240b2dd59c0001e60d927c37,3,,,2017-10-21 02:00:00,2017-10-24 02:00:00
8a99d838ec11381e4364f3e8d9cea80b,c20c1b4bab53839199f8b86695cec935,1,,,2017-06-22 15:00:00,2017-06-24 15:00:00
b1ceccba56e6e1861a9be9eb005e1e7e,91e15e4e1490bda5054a2cc0cd5abece,1,,,2018-08-22 05:00:00,2018-08-22 05:00:00
28ca3838e5c528d47c0e278eb06897c7,4912ceb7aefe412bfb318ceaa540e790,5,,,2017-06-12 05:00:00,2017-06-15 05:00:00
2829dda9276b5b69ad8e96370ba9d37b,366e99ba880b84e4afaa9c01f1a517fc,1,,,2018-02-28 11:00:00,2018-03-01 11:00:00
669e8598a8685f0c2af53075866fca11,8e25ec17fe1eb1306ec6d561d37d5106,5,,,2018-01-11 14:00:00,2018-01-14 14:00:00
9a75a68b6d6a093b0a55d0757b7d6b33,572fb86243d84d8ba41d73c867bbce7e,5,,,2017-03-15 08:00:00,2017-03-16 08:00:00
3194cdf0d1636e46f0da80894b652492,5d2d43fddfeb6684db02634a70dd221c,1,,,2018-03-06 07:00:00,2018-03-09 07:00:00
4e9fea5c6212cc0b759ba210ce1fd9c4,c50815d692cd15bb6a6675a2af383b28,5,,,2017-06-23 22:00:00,2017-06-26 22:00:00
c3345a6a89aa22b05e0acbb39f05149b,113d74f4b9c3267c299dca89516cd9fd,4,,,2017-07-23 16:00:00,2017-07-25 16:00:00
f6f166e60e488c4b842e5527b16ad616,7ef9b50b08e4eaed3a26697d1728e0f6,4,,,2018-08-11 17:00:00,2018-08-13 17:00:00
da68b44ba19e51d5c7fb1a6d00bca5bf,35294a5fc57e9ad3451e22c277194818,3,,,2017-04-28 21:00:00,2017-05-01 21:00:00
f4e21338a3cbd2a7ad92091844dc20b2,e2f6896cf76852a4fff05450a64915e6,5,,,2017-08-18 14:00:00,2017-08-18 14:00:00
3cb64d29e586a078d0327303cd8219d3,436390ca0b268aaa5da8bae781e0d564,4,,,2017-06-08 17:00:00,2017-06-10 17:00:00
8e79aa0a276216a6c527bb11869bde55,792846ea229cc46a9ab46c07e9a95e4a,5,,,2017-01-30 20:00:00,2017-01-30 20:00:00
508bfaffceab880474799ed41a4354bb,58616490dfcd8b4a0b362efc0ad6ff55,5,,,2017-11-14 07:00:00,2017-11-14 07:00:00
6df95944d39d1b14098487a9de0e2877,a5412d3b09f6269abf62ca27f7661dec,2,,,2017-12-24 09:00:00,2017-12-24 09:00:00
bcfd866942e122882548d5c922e8cbaa,1745ec91cd8bcc3dcc06371cabf19c6b,5,,,2018-02-03 05:00:00,2018-02-05 05:00:00
a2df2c601dd7ce676171202df9222741,30d07f8818b4d74d06f880eb03dc0370,4,,,2017-09-09 14:00:00,2017-09-11 14:00:00
f2cb48887c33145120fcfc530e0417be,899025e7c482fc00e64cfd610e5650c3,5,,,2018-03-17 18:00:00,2018-03-20 18:00:00
2a8a8c286ea321b647845969106421b1,c7dd335bea05b97ceeb9aaa6bef27082,5,,,2018-05-11 04:00:00,2018-05-12 04:00:00
06ba77aeace3ccdc7159b7a6634b7b03,534f7b30ed8465e1f055e55d8006bae5,1,,,2017-08-06 21:00:00,2017-08-08 21:00:00
ed1d1ea9ce7f41fbe7d86b10bb3abc80,b10a8ef09d156546f725e56bb1b303db,1,,,2018-01-08 21:00:00,2018-01-08 21:00:00
a14ea7d0b816a4e97764935e48fe3083,fdc5cedcb3063bfb823e8c380f27768f,5,,,2017-12-29 08:00:00,2018-01-01 08:00:00
aafe7411bef98d601c4e62bfcbc57540,0a953e935cf159c0de938def617da927,1,,,2018-08-11 07:00:00,2018-08-11 07:00:00
4549991651f6800b6e1ffad006019d55,a5151678e576e9dd6bbed9ad72193dc5,5,,,2017-11-24 22:00:00,2017-11-25 22:00:00
f2bcdf2cf7d32e6fba02e2633da31db0,d753c87fe50c3919e7dae30baa6eabc0,5,,,2017-11-09 13:00:00,2017-11-11 13:00:00
f84d5d6fd6dcff7effe2050b4b58eb53,6f535df30fce15b176aab6168c8ccf88,1,,,2018-03-06 04:00:00,2018-03-07 04:00:00
43d07ee1e35f84760e7d3ba24a0699bf,a725382c961f1a0fb769c7864eb12388,1,,,2017-06-06 11:00:00,2017-06-09 11:00:00
59e6f700911a4f39056189d86734086c,1691f502378f12430263a33ac92d3680,5,,,2017-08-23 18:00:00,2017-08-25 18:00:00
b290256ff42abee14137a11ca1bde90d,f6f1002a1acec4e91d675a2f636669a0,5,,,2017-07-06 05:00:00,2017-07-06 05:00:00
ee40ed82ec39b78403d2be8aac123657,704f66f701c3f43d2547b8a92fd831ab,1,,,2017-03-01 14:00:00,2017-03-01 14:00:00
db8d00d0728d060e85524faa842f62a1,973d6becdf1730d0d5495d0f130a0aba,5,,,2017-08-23 15:00:00,2017-08-24 15:00:00
559306bb099b474615403212e0f43a98,2667e8899f642e9b41c3dcd4e762f8cb,5,,,2017-10-25 23:00:00,2017-10-25 23:00:00
18dab82ec310adeebe0dc5bc30e512d7,7882d3007e222edf6d12b92cbc65c13e,4,,,2018-05-22 20:00:00,2018-05-23 20:00:00
ac6479bd006bd7b04557a34a8dff4cc2,042281ad29fa4e52a4973135632b0366,5,,,2017-10-01 17:00:00,2017-10-01 17:00:00
6a84d7360b0565c937d643db8c63dc6c,3a80b6346adc0ab087546be3c647557b,1,,,2018-03-01 21:00:00,2018-03-01 21:00:00
35e2f593895e9fbae09b13539c7e1575,95c5184213eccf02cccbd2144fc6f16f,5,,,2018-01-04 20:00:00,2018-01-06 20:00:00
aa31aff1f08d338ca50619695abafeb4,17f49201b20ebbd3f4a62e78d561d044,3,,,2017-05-19 02:00:00,2017-05-22 02:00:00
6609b9a1668a631fe2f9d4701d201476,c336ab4a0b75b5f88bb25f9b754c30d3,5,,,2018-06-14 00:00:00,2018-06-16 00:00:00
04f2a3fa61ae3df3b96336e22b5c0b76,49f74a2b9708f85bc8b94082392fc32d,4,,,2017-12-17 06:00:00,2017-12-17 06:00:00
a39572b8c8eee81b1591f84f691e5cd2,9676e8a487c8604cb510ffa9174d0bfc,2,,,2018-01-22 16:00:00,2018-01-25 16:00:00
a46c80062a7b0c8f97f8b7d9eeb761db,d87fa072f81ad6a59ed7ced409788a75,1,,,2018-04-15 17:00:00,2018-04-17 17:00:00
d8f7d29b5e98d767bc2c13e52122a10c,e5c1f69af9fbf715ca1c334611c3aff3,5,,,2018-02-15 23:00:00,2018-02-17 23:00:00
67888389b60d229a9ae2a397232fa8fa,4cf066e1a8b62ca9a0c1908c0aa0177a,5,,,2018-08-02 06:00:00,2018-08-02 06:00:00
2de9c9461208501a519835accf32f1b0,e45c049a775f26130443777c7ab81d02,4,,,2017-03-30 14:00:00,2017-04-01 14:00:00
727e2c026d8480b6822404ff717b0749,8f609c127f053e6fc75b7a6533056f33,3,,,2018-01-21 17:00:00,2018-01-21 17:00:00
6a6e26df6fcdef9550e49ecf9da657bf,e489d416a1ddbcaea314864bd9acea9f,3,,,2017-08-09 21:00:00,2017-08-10 21:00:00
82c0ba74ad35d894698dbcc153d0bc94,8709dfd87190beb6133fe2ff578eca82,5,,,2017-10-21 10:00:00,2017-10-22 10:00:00
7a8aa4b4605d7c68aae9a405e9c00af0,7a429c49794f69f18e8e6644f6d7607d,4,,,2017-05-18 00:00:00,2017-05-19 00:00:00
5ba93a2465d0f3badd98449d7eb02da8,a246f2d5958a9a824e114722c771df14,4,,,2017-12-17 21:00:00,2017-12-19 21:00:00
8c92ccaf3d74b046b7809ea5e609eb66,9b4f6e53dfb13fc3b0f4b3afc5c363a8,3,,,2017-03-25 07:00:00,2017-03-28 07:00:00
77212b42ce22a106706f2aee4eadfa0f,891e3df3e33b9157d1f410e04270c3b9,4,,,2017-03-28 13:00:00,2017-03-29 13:00:00
a6fa154267a236217e79177541f44265,bf29d84c4f8b00fb2b6bf5596c983b07,5,,,2018-04-08 01:00:00,2018-04-09 01:00:00
404a5b8c3d3ab27e71049cc8c6fe18c9,921ebfcaaa6418c584d0eb15448607a5,5,,,2017-05-02 07:00:00,2017-05-03 07:00:00
64257024d908f6fdcb190bd718e185da,f2d986ed2e4478eadb84c3f32f8969ef,4,,,2017-03-28 14:00:00,2017-03-29 14:00:00
ab247e7396b92988944e90474acfd7c4,4bc5d0a9e3c3fb686676a19131732afa,5,,,2017-07-05 21:00:00,2017-07-05 21:00:00
78883f50dff248a7656397f7c91d3f84,18651a363b8353c90ad2bfb278a24461,5,,,2018-01-02 02:00:00,2018-01-03 02:00:00
23e003b8dd20b4ac9c1d9d7b9db18b16,ab47588efba3f0834ce074f8d51826c2,2,,,2018-06-22 22:00:00,2018-06-23 22:00:00
f8d0e4b0d215c99ac1b764129667ebcf,0cd59a0f5758c544a1753ba1caa7c04f,3,,,2018-04-29 05:00:00,2018-04-30 05:00:00
e71956a1de82a149d1f297191e565f21,c081d253fcd460bd8f0e3ea76f406825,1,,,2018-01-18 05:00:00,2018-01-19 05:00:00
7d7784e410d5e4c44af4644a61183244,fc5a4951e8f719991ea5c3431b93bf9a,4,,,2017-10-23 00:00:00,2017-10-24 00:00:00
d9aa209200c377280f0eeb9d2048018c,e6aab28f066a3f4b65de0d3ac942d852,5,,,2018-01-31 18:00:00,2018-02-01 18:00:00
0b0feea97ed62ca2988f763dfe8cda1c,a1761dbbcdd9203d3392f49255b36a79,5,,,2018-02-21 18:00:00,2018-02-23 18:00:00
c6aec4a2a4d9b041835a0fda3c04a50e,fda20c90fb48ca875b34fbaa529cb29f,5,,,2018-06-16 06:00:00,2018-06-16 06:00:00
c9a86854e9617b0fc60ecdba539995e2,9fdd478906cc5126afedc1f370cbb7dd,1,,,2018-10-18 05:00:00,2018-10-19 05:00:00
b0fd0ff3595cfa3397afd04fb909d278,c063d44034c6430978b3bbc173c30ff6,4,,,2018-08-05 02:00:00,2018-08-05 02:00:00
e25383b053ab073f517dd71a2a588a44,e0ee9c897e8840bd1330eafc62e3d6d1,5,,,2018-08-13 04:00:00,2018-08-15 04:00:00
ee71927d22b1bbd3c1d37c44ed968e81,b76d0f78f60049b9a9c5063227c61236,5,,,2018-04-14 02:00:00,2018-04-16 02:00:00
1974f48a4eb3cc3f8143d2c56363153e,0078fc810f72f4c4a319cb73d866be2d,3,,,2018-08-14 14:00:00,2018-08-15 14:00:00
f4184dc9496441d177846e4a2f5dcc06,505404580e47c845a4a584f39a4ddbc2,1,,,2018-06-03 00:00:00,2018-06-06 00:00:00
86452f11c6e1ece943b58ade243cabb0,bfe4520dd6594627bf6a2d8182498b3e,1,,,2018-01-12 10:00:00,2018-01-14 10:00:00
2374585ce23ade2b0f7a795b37fb6742,fd2e1d55757e21aaeddea462a4bfced2,1,,,2017-07-10 10:00:00,2017-07-10 10:00:00
9f79a7a56645b7de7764a45490389363,156a0e9a2f5680e24eb3c40cd534dffe,1,,,2017-05-20 20:00:00,2017-05-22 20:00:00
7fc530c7485d9f24dd139c4c9daf4ca0,13ee611d4e43ad3ec79f61eaa5e11793,5,,,2017-07-27 22:00:00,2017-07-27 22:00:00
bd180ff667f750a6fc1e70256e6ef75a,7bcc3786d4e9d73dc9cb7bfed7e6a8c1,3,,,2017-05-23 01:00:00,2017-05-23 01:00:00
4d2a2ac566fffbf42e88574c02adb4bc,950c083b69cf2f98e0ada076e945758c,5,,,2017-12-06 16:00:00,2017-12-09 16:00:00
4e8b0760a1d36bdc4217615d87537b91,826d6e62cc079c3156c3587b4d65fbef,1,,,2018-05-06 10:00:00,2018-05-09 10:00:00
6ae937cb968f140249c90d5f76b1cfae,9b80aa8c710a17e53b26ae53efeb8976,1,,,2018-06-28 07:00:00,2018-07-01 07:00:00
a455e3f27124a523e4b840ca79e7564d,a3fd8f6f1a3347cba3dca0c6a24e7647,5,,,2018-05-04 23:00:00,2018-05-04 23:00:00
1ac76e05d692936cd9ecbdef53968833,ed985f04c6b68fb61a97e3bc32228d23,5,,,2017-08-17 04:00:00,2017-08-18 04:00:00
f43708e50fcba298b6cd552f2808d39c,e1112ae6c26172af27dbdc47e99be1d8,1,,,2017-12-12 10:00:00,2017-12-14 10:00:00
40e00833851402408a7f81ddea4f5853,5fba07942b94e406706a3d203b5c0147,5,,,2018-03-17 19:00:00,2018-03-19 19:00:00
e3fca6b92dc7fc9fcaed5a1a971a0342,cb75805b0882dcaacce5dc3106fa0c44,5,,,2018-09-09 13:00:00,2018-09-12 13:00:00
eeb1b4ee7c9452f366746698bbdf0f51,2d9a648fe6194e21453e5f1b36384acd,5,,,2017-09-11 17:00:00,2017-09-12 17:00:00
0b530c3455de72197e6976e577283467,87a041f9ddd0375faaed0c22789eae24,1,,,2018-06-07 18:00:00,2018-06-08 18:00:00
bdc374fc13d070fa6181116bab9b4d7b,68e625c54016b4368c83f371662cdf39,4,,,2017-07-30 11:00:00,2017-08-01 11:00:00
2b1abf54d4febcb2d3b389acc74cd16e,a6038076c2020122a97892396d615c08,1,,,2017-04-01 12:00:00,2017-04-04 12:00:00
2e0130f31d329e9256378f6a8238dd16,0275c36f65b06cc3cef980dcfda3eb86,3,,,2018-02-21 21:00:00,2018-02-24 21:00:00
d179580ce5ec4e5b85535feed734fda5,d91c31a0e15dd4ee217837be25555acd,1,,,2018-03-16 06:00:00,2018-03-18 06:00:00
55fda4416ac5bd2a5e85365996be4e38,337636ff8386d7370c32dc94485ab508,5,,,2018-09-16 23:00:00,2018-09-19 23:00:00
42914a5253e601ac92116260dfc0bf10,47e9f13f04089e6dd0703ce6a8b51d7e,5,,,2018-01-22 00:00:00,2018-01-24 00:00:00
c717fa7d44c8bfb4feca7fdb25870e9f,c083564a242cd80e36da264182c12923,5,,,2017-09-24 09:00:00,2017-09-27 09:00:00
fd1ab6b5b3caa376d09795e35697a811,b4c06d88b5fbe14cb42823dcb0836426,3,,,2017-05-29 17:00:00,2017-06-01 17:00:00
bca020eb317caae527b0ecfb7416e778,3304f93e39886ea81b328860e0f580bb,5,,,2017-07-12 22:00:00,2017-07-12 22:00:00
0fbaaaba67edd98f715c998b95d650e5,37a1c676eff0602369298548c678ba62,2,,,2018-03-06 08:00:00,2018-03-09 08:00:00
1948ac3e2526f41c2e5cfd0725ddb62c,4a10a7fad8f8cb0a1aa8fcd7afb03328,5,,,2018-08-23 19:00:00,2018-08-25 19:00:00
5297970cf4bad423bc6d9653350faeb4,aeb6b8f0cd5e4d31dfb64b0bbb8a6b03,1,,,2018-05-28 13:00:00,2018-05-30 13:00:00
2407ab7ff6c3701a924a26c38b650a02,f6b1fc5eac7827669afe7c4c13ede4c8,3,,,2017-11-13 09:00:00,2017-11-16 09:00:00
1b55d3a7320a96c59ae4597998cfe11a,b0105e4e8d12043ac5c2454e574b3ec0,5,,,2018-08-26 12:00:00,2018-08-28 12:00:00
13fea0f1cdf977d53d4562edf6983ce3,3918efdcc964a8c41c691f656f019e2c,1,,,2017-05-03 04:00:00,2017-05-05 04:00:00
f6ee23437dcc57c542023f7db0b428b0,9815b2d1fcbe228923f30208737818e5,5,,,2017-01-15 01:00:00,2017-01-18 01:00:00
a8faeb6aef0a35605b14ac872128cbf8,004f57decc9c144753821a2755ba55e3,4,,,2017-12-30 10:00:00,2018-01-01 10:00:00
5caa3783832294503f4ab8ce68c77394,85d98480c177db8681d0be42291426c1,5,,,2017-03-09 09:00:00,2017-03-12 09:00:00
8578b35c91705229aa5ccea46ccc39c5,b13b8ee87cdc6b9b3a014a9b450f7128,5,,,2017-06-08 23:00:00,2017-06-08 23:00:00
df897a84b8e2c5e24f5d9769409f77b1,76331e23bb23c98c92e05c5b9b534f54,5,,,2018-07-24 05:00:00,2018-07-26 05:00:00
a50f3513aac72a9c13b0ea0d520a6bce,42fedf5f7e9fa5dc5c58bbbaf3bb1f8b,5,,,2017-06-12 09:00:00,2017-06-15 09:00:00
a50f3513aac72a9c13b0ea0d520a6bce,42fedf5f7e9fa5dc5c58bbbaf3bb1f8b,5,,,2017-06-12 09:00:00,2017-06-16 09:00:00
bc70105fc875ccb01063f2a60b758c9e,f75e0d0dccccb213d399b4152b69b3d1,1,,,2017-04-28 08:00:00,2017-04-30 08:00:00
6a14ad87ddd3b164baf5139fe2627c3e,20657718526eb0dd5ec1c270ffccb821,4,,,2017-07-29 11:00:00,2017-07-31 11:00:00
aff0e0a8b7e2126e48e2741334322572,0a885233355d371516d586c14b6a24ad,4,,,2018-08-27 07:00:00,2018-08-28 07:00:00
edd56dc6f2bbd74ccd6b8d3b8b455e17,d9c40c69a02445a319913cb5f9dea644,3,,,2017-05-23 19:00:00,2017-05-23 19:00:00
0443df34cea813414e60d27b299c4a4c,cc39398d23f3853aacfdc5f3c535fb4c,1,,,2018-03-13 05:00:00,2018-03-16 05:00:00
b7c9d8fcd9a3959d6208ba82064978eb,521e6d7d42e79f06134710eb9f7f8fdc,4,,,2017-03-29 08:00:00,2017-03-29 08:00:00
f3673bd3b309fabaa26c3a39fb64162f,4ba50f41c2d20aa3f2b27c96376600ef,1,,,2018-04-29 13:00:00,2018-04-29 13:00:00
f60ec6c906ab765f130e7fea92fcdc0b,5dcedf370e93ce9e4561e8f77253486e,3,,,2018-08-11 08:00:00,2018-08-12 08:00:00
5954d3d2288a55032e413b92cbf829fb,fcbd878b0e06bb2b114c35a5c30e6e96,1,,,2017-03-19 07:00:00,2017-03-19 07:00:00
c15a796c322b1938d89192346d76c8d9,36ce365b353924f4da709690194162c1,1,,,2017-05-25 23:00:00,2017-05-28 23:00:00
a4233a7095fd62db5fc2252e197499ae,fec1afaa4fcdc795e8e525e36dac538b,5,,,2018-03-24 22:00:00,2018-03-24 22:00:00
a4233a7095fd62db5fc2252e197499ae,fec1afaa4fcdc795e8e525e36dac538b,5,,,2018-03-24 22:00:00,2018-03-25 22:00:00
c355a42b24687ed06ae33a1a1a2a7b2d,f519f70b60be505e4328bfc46cbc7e60,1,,,2018-06-09 09:00:00,2018-06-11 09:00:00
78a69002da5e108797118ab243785f05,c41584262f37a2361c22abff2cbe7729,5,,,2017-02-08 03:00:00,2017-02-11 03:00:00
b72aa37c8cd4f50e222b1dd124a5a90b,8bd2e759fc1e3492bae99c003d8ad150,5,,,2017-10-27 07:00:00,2017-10-29 07:00:00
c6cb7a9b5df54f197da1e96a9df4354f,3fda8388751f8769933e0e04c10a59d2,5,,,2017-03-23 20:00:00,2017-03-25 20:00:00
77439b31c2565f79729f3eb2d5bcea62,8248df78ad083cd3044628f629b471d3,4,,,2017-10-21 07:00:00,2017-10-23 07:00:00
995b56656a75a86222ef5535e2ddc4e5,1cdcdff6468d5fa1964311016c7be210,5,,,2017-02-11 08:00:00,2017-02-12 08:00:00
589947808ffdfaee31d61141e17cce4d,6cba47027f5115b72d97ffc4a51ee90a,1,,,2017-02-27 13:00:00,2017-03-01 13:00:00
4415428a1800cb2a33b8ae5d355dd512,15c40649b15568f9979e23ce44c11aad,4,,,2018-02-03 11:00:00,2018-02-04 11:00:00
c73edd40e07332dfc6bc1ca183d0f5bd,3d6ff0396a8fff839a0889a9c599ee2c,1,,,2018-05-19 19:00:00,2018-05-22 19:00:00
ad0c054e7e00752b7e9297dc3d1229fb,ab2a6a442427b93ef8ee840d4a792758,5,,,2018-05-12 22:00:00,2018-05-12 22:00:00
6ac494c20db4f7a0a24581e702399c43,3925ac0a7f7dec7c1743faf6a39d41fc,5,,,2018-05-13 05:00:00,2018-05-16 05:00:00
d1e1b44021f110f39703ba7406ed4e34,b812a19948d3915f6ec5ee8c60a34c4b,3,,,2017-10-20 10:00:00,2017-10-22 10:00:00
6baf5c174e1f10b742334f914d120d03,706df64498033771bc3bbb4b472b60f6,4,,,2018-01-12 17:00:00,2018-01-14 17:00:00
b3f194f26fd67579c6e0548e394b98f2,c196c84382f96a0fe32b62bcb40c3917,5,,,2017-11-14 20:00:00,2017-11-14 20:00:00
e9fbf0634c2a6a2f71cddba60b273478,ff19d2a8c6f656e7bf9765b121ebf7fd,5,,,2017-08-23 18:00:00,2017-08-24 18:00:00
9a86ab588706d2bc166d9027f28f2b5d,8e9a911d9aa8561decb76586eac2bf6c,5,,,2017-03-18 06:00:00,2017-03-19 06:00:00
a874329c3352475d30902a1241553e7f,8411974f94139184b0670682b4b15243,5,,,2018-07-26 16:00:00,2018-07-29 16:00:00
a52cabc49ce7963a06405427ddac110b,194a5e83b658707774288600ad5c5f36,4,,,2017-08-07 23:00:00,2017-08-07 23:00:00
13ff0ff8fc1344e199a26957ef3e0952,cbdd81d0a7c3f26e84098faca85c5e8f,5,,,2017-08-31 04:00:00,2017-09-03 04:00:00
88ecd131e11511281b490e2bee649d5b,ffe426042d2dec8a5c25da209f9ccf07,1,,,2018-05-25 17:00:00,2018-05-25 17:00:00
cb4e7e03d129b317a38e5b68f8b65c79,18e8edff38e6d127205f6b13dd83fc2a,1,,,2018-05-13 00:00:00,2018-05-16 00:00:00
5ce8e692064e1e7070cf2d863b837d0d,ce100ad8979d3af72c8da2e61b6e82f3,1,,,2018-02-21 12:00:00,2018-02-22 12:00:00
343ae510ee69d5a6d5402c1928972385,d94ede514806a14d537548ad28e3e551,1,,,2018-01-23 17:00:00,2018-01-25 17:00:00
884b6ff5732c50079ab2a4d249fa3c2b,4ddb98de7e35f43112e9816c63cc975a,5,,,2017-05-22 23:00:00,2017-05-24 23:00:00
414c1eee2efdc015cfd06e4f47ab680d,9f5367fb82f6b1d9cdb8e652c02ff878,5,,,2017-02-19 05:00:00,2017-02-21 05:00:00
414c1eee2efdc015cfd06e4f47ab680d,9f5367fb82f6b1d9cdb8e652c02ff878,5,,,2017-02-19 05:00:00,2017-02-22 05:00:00
c2df5607c59e49fc90adf6b0930fd1fd,6a77ef8c865156e7b428cf140f90f3a1,4,,,2017-09-01 20:00:00,2017-09-04 20:00:00
1b63d9e682f71fc9c2662ffd0e85a7d5,4da118b7d91ffb43c4c6a32cbb311617,5,,,2017-07-07 12:00:00,2017-07-08 12:00:00
62ba0d67a4004f919cc893f9de537673,1b8672851bba0fcd5f859cc742f43cef,3,,,2018-07-17 16:00:00,2018-07-19 16:00:00
87d47e6d53feda787e39a37c6d680a1c,b7e4590d900e07860aa3ac8a2e5eae54,3,,,2018-01-22 16:00:00,2018-01-23 16:00:00
a3109440f899f2133755540679cdf8d9,44239cd497672ed8e478329586393390,5,,,2017-06-18 00:00:00,2017-06-19 00:00:00
86d25d7200d3df6e1800154960bfdb5f,0b0adcaf159705000c1c78e7ed2d92eb,4,,,2018-01-19 07:00:00,2018-01-19 07:00:00
015435b81ca5997196889dd1b9ed8cad,23f5b1b9c01354112650899deb51d5b4,2,,,2018-06-24 04:00:00,2018-06-26 04:00:00
101b14a71bc9c92b2556ada07231720f,14e1521c1450b8074e0ef21b9d26f160,5,,,2017-03-24 01:00:00,2017-03-27 01:00:00
a69dfe1c407809b7f7e876b424433b5e,f8d9033d09397f9053abc02650eee904,4,,,2017-10-15 17:00:00,2017-10-17 17:00:00
e2691f3c849fc1914ea623e347b2f835,7f6bb6f5715055a780d0d17a49987625,5,,,2017-08-22 03:00:00,2017-08-25 03:00:00
0aa3e555a32f0b9afb1215ffe82c4285,9cb528334c9de256e603203dd585db0d,5,,,2018-06-16 07:00:00,2018-06-16 07:00:00
c6dfaf7dc87208efeff1d1302561aee6,43c2a4cad944a886808b902fa350b1d4,5,,,2017-12-23 21:00:00,2017-12-24 21:00:00
2c155ef58d9a0bcbfd74f3258ddb56d2,c4bb12264e1c47d7dc7a78de7fe70e69,4,,,2017-10-22 08:00:00,2017-10-23 08:00:00
cf39c8cf3b962ef833ab6ceb1cf04f03,29730710cf1e5ffa83c30f116acfe5e3,5,,,2017-12-08 23:00:00,2017-12-08 23:00:00
106fc253c699a7f193acce7909ff566c,e06c05724f8a70aaea0aa62f196ba2d1,5,,,2018-02-02 23:00:00,2018-02-04 23:00:00
25629cd64a027e6490dc33eb65a079a0,c27cb42cc91ae994c0d20cb69b023e3a,5,,,2017-01-30 22:00:00,2017-02-01 22:00:00
4ab5f262e529e5deb8a103646e8f4bbe,cf527cb564c15ed6df0fd2d02a3ae5ba,1,,,2018-07-22 04:00:00,2018-07-23 04:00:00
22327bb356074a34e08b05567d12e0d2,e7b86544d56f403a33a7bb68bbd3f066,4,,,2018-02-14 02:00:00,2018-02-16 02:00:00
479eb614ccda8910525c725686d8d242,2db2b1118b0f264996f0226bf14eb339,5,,,2017-12-27 04:00:00,2017-12-30 04:00:00
7ccc124bd2812b0bd7b93d7374558d86,f9f9edeb20c8102eeefaacd26263e8fd,5,,,2018-01-03 09:00:00,2018-01-04 09:00:00
386428de4fbc36314f1c4b7f9442bbb6,388bcd741f7dc802082dd7bace8404f9,3,,,2017-11-16 11:00:00,2017-11-19 11:00:00
277a237cc46a28ef151b2d196e32b214,b2417eece5634d905939eda6373b7c42,4,,,2017-09-06 07:00:00,2017-09-06 07:00:00
277a237cc46a28ef151b2d196e32b214,b2417eece5634d905939eda6373b7c42,5,,,2017-09-06 07:00:00,2017-09-07 07:00:00
50508d268be8e9c0bb99f868ff2f5a21,b1d420cbaaa90e31273626774b130b6a,5,,,2018-07-17 07:00:00,2018-07-18 07:00:00
983de32825056cd62bf5d1b2ddf1aea6,c40f258b196ef555349914ba3c900f09,5,,,2017-11-14 04:00:00,2017-11-16 04:00:00
eb977e3f780859a97d184750bcf341f3,ccac575e3d8e3a9ccfd3fefdbc13c586,4,,,2017-08-19 12:00:00,2017-08-22 12:00:00
efb4303d0b6b9f7a6d3ff04b6d7ca667,e2ba06e62cce3122c1fd195c335d2323,3,,,2017-04-27 23:00:00,2017-04-30 23:00:00
517f917935d981ddd80277cc83c9c11c,5f5907ac68e5d3b19dc4a55d834d3221,5,,,2017-06-12 12:00:00,2017-06-14 12:00:00
18a8b0d520ea51769a9b49c4e0104ab4,6331bb8b1b0d833f7cff3b35837e3700,3,,,2018-08-02 13:00:00,2018-08-05 13:00:00
cb2b42b256455b746fbd6f6bdf4f43c0,0830312682ec2f421a4077920209f205,5,,,2018-04-23 23:00:00,2018-04-26 23:00:00
1c396065566a6ecbc6239827a0444581,1d9fe29b3ef85af491c1649f4a2615c0,1,,,2017-04-25 23:00:00,2017-04-28 23:00:00
8148774df6117428a27be6d1d8765f5f,40781aed54684553c46ba4fd187bce0a,4,,,2017-10-09 01:00:00,2017-10-12 01:00:00
10f83de357272e5f10abfe20c4ffc14e,83e9859f1d6a1c2a2474faaf89f1cc00,5,,,2018-04-10 13:00:00,2018-04-11 13:00:00
c6cb07625e5f78266c86dd230687e82c,3819bda3bebe21f0b09259996dc7d0d6,5,,,2017-12-20 06:00:00,2017-12-20 06:00:00
c5a6022fbfd533461f3ba175e6ea2ac4,0ae985cac5f8bce7b68ba6b6f301b46d,4,,,2018-03-21 03:00:00,2018-03-24 03:00:00
b3cb7e256f829c84e6b0eac1480c4dd9,3ed9c236bc5958609f4d141209011d61,5,,,2017-01-28 06:00:00,2017-01-31 06:00:00
dc3cd76d89f5f2ec054ff22c18afe539,a02f8aab8025613ada8273ca598312d9,5,,,2018-05-15 07:00:00,2018-05-17 07:00:00
d6d2df902d8316045659e17f374be180,9240d6449b3fcc37fb8618bea90829a6,3,,,2018-02-11 20:00:00,2018-02-12 20:00:00
52244439a18aa0984cce324555d45a80,a164a104fd504ba3b64578ba3fab58d4,5,,,2018-08-14 05:00:00,2018-08-15 05:00:00
c7598085f8edbb280c38392d4fd2f1b0,582dc1b31ed89dc6d9ca8598fcb5697b,4,,,2018-10-24 13:00:00,2018-10-24 13:00:00
a8c92bfaed53b643da82c4cf9b04dd27,7dad0327cc581b773e5fc839e26b910e,5,,,2017-02-13 12:00:00,2017-02-16 12:00:00
ed0f6e84510081616c92a4b6fd342099,8abf5472447f3b22e47077e57ee8224e,5,,,2017-04-20 03:00:00,2017-04-20 03:00:00
20804de5005ea63702e5133ba30e15b4,ad147e4118b626fe7665bbea72d49178,5,,,2017-08-19 04:00:00,2017-08-22 04:00:00
7c8f8e7a82de2c3ca6b0461399de9338,f2f190a94a4bea63d903581efd8c38eb,5,,,2017-10-24 07:00:00,2017-10-26 07:00:00
49b1d1556b2619daf40c9767bf4b5064,ee755ae3dbe5f4548d8b619060ca5e56,2,,,2017-02-02 21:00:00,2017-02-04 21:00:00
7dc6a24940d41fcca85e46baced5cf5c,29e37c0f235c12e31376610a423920d1,1,,,2017-07-25 20:00:00,2017-07-26 20:00:00
b9755a563218d85f8166a93e3eeadaf8,50ed97a2414c1e0724fd2a750c886db1,4,,,2018-06-29 23:00:00,2018-06-30 23:00:00
4172615b8433b2bdf1268356607c8e3c,58728ca3264f964287819162ca79f86c,3,,,2018-08-12 13:00:00,2018-08-12 13:00:00
1342ab297b6e374d9a0c8b67b3839a1f,59d28af9b985e3829de6a89ac7ad2a28,5,,,2017-08-14 21:00:00,2017-08-15 21:00:00
46141175895b13de8734f09e1bd23a12,379af3c03a48d24b918b0a9de50af837,1,,,2017-10-15 19:00:00,2017-10-17 19:00:00
cfd1c57d9f35dec1943591cc06ea8ac9,362336a214c07a4564b96ddbc1195ecf,5,,,2017-12-13 22:00:00,2017-12-13 22:00:00
19af41bf6449d06690b9d7dd9e5e05fb,53a4cd21ee05d3670433da84b0a97f60,5,,,2017-10-12 04:00:00,2017-10-14 04:00:00
db3c144d3e44cc419020ebbeb19c7560,e84eb205dec8f7914eb6b6786de54bfa,5,,,2018-04-29 01:00:00,2018-05-02 01:00:00
422406ebdddb776924c64e8fdd6d635c,1df4c2510280426bad701caf98267562,4,,,2018-01-03 07:00:00,2018-01-04 07:00:00
bcee1b3b5966eba0036507dc7b4bbf27,4f23db5c9d72decffc50d3a6893cbf3f,5,,,2017-07-30 06:00:00,2017-07-30 06:00:00
11ba563d25301dcc87c6254ed533afbe,d27d28bb6e6f0ae8d6e816d30355363a,2,,,2017-12-18 17:00:00,2017-12-19 17:00:00
9137c5c6873e271dffb294bdbe8a0250,9a3d3e97953fe33b84fa406bce2b723b,4,,,2018-02-06 22:00:00,2018-02-08 22:00:00
c92eb317db9f62780706e265399c22e9,f19a769d8b2a3e993de76874dfb73554,5,,,2018-07-17 08:00:00,2018-07-18 08:00:00
75304678b23c59d55f6387a5a4d7ee6d,5c5794fa1baa324bdf2184d6642eaae2,4,,,2018-09-18 23:00:00,2018-09-20 23:00:00
dea1985dc4f0333ac3a39738e8c6badd,4ef22bca9a123b42ed3f42a618a1d95a,4,,,2018-05-16 01:00:00,2018-05-16 01:00:00
08b8f83f880ece5ac2aa60cf69f76a13,a5e59d2d6fd5bbd0217a1c490c973297,5,,,2017-04-07 00:00:00,2017-04-10 00:00:00
eb7468d0b957573ced28714b9e85687b,e168ed6debb5f565598435eaa8581351,5,,,2017-03-05 04:00:00,2017-03-07 04:00:00
a24027ebdfafa7a7c6fba2cd3c254926,f485ed0c1d38f943d70d9de6c97fe6c4,4,,,2018-01-02 10:00:00,2018-01-04 10:00:00
8c7571972900fb65e2f16201628a972e,2b2ee0580ba929d7997a95029e47d7c2,5,,,2018-03-31 19:00:00,2018-04-02 19:00:00
9c32c86c137e1ba56158f64ec37edab4,13c582f0331cfecba144499815023053,3,,,2018-02-08 12:00:00,2018-02-11 12:00:00
68468a1658e2f1ea7cb2cdc1bef06a7b,d05dae5ceed8f7cff29ca904fd398041,5,,,2018-06-30 23:00:00,2018-06-30 23:00:00
c5f75564d84b2f9d6d095461f67a1b39,1fd39664542c6bb8263aa49e4335f7ab,4,,,2017-05-27 17:00:00,2017-05-27 17:00:00
8488765bf8c4cbe4e54414ff6ceae5d3,3ed583d4ffd42057365c3ab5534f10a6,4,,,2017-09-22 06:00:00,2017-09-25 06:00:00
6d2498fa64e0027d9842a8c82cc2469c,5fd4a95392e78e691c7c921b7ca99e59,1,,,2018-06-06 19:00:00,2018-06-09 19:00:00
b945f8edb694b94b5b8cd3a442ffd324,23d1da68878ae19b4f995de68a770e42,5,,,2018-06-30 14:00:00,2018-06-30 14:00:00
5b4ca3493bdbe28776de216a42a7585c,d2faa668a35dbdc47e33fab12d66d35a,1,,,2018-07-01 13:00:00,2018-07-01 13:00:00
e1ea950e4158ad667790ba4528059513,dc7894ba580ee961c2eef280d0f16f10,5,,,2017-10-09 12:00:00,2017-10-12 12:00:00
a4167ce71054f70c5377460027d60738,16c9e74cdac87de79d6bfb759ba695e3,5,,,2017-05-19 01:00:00,2017-05-20 01:00:00
eecb5ee9c29a17c4a4ddc4b63978cc92,d893870b83d15d0a29929f4e1a25789e,3,,,2018-05-02 06:00:00,2018-05-03 06:00:00
3fb79c50b0729aed5772f741f0301cc9,55f6b5b8caf24275d314266336e84b8b,4,,,2017-07-24 02:00:00,2017-07-25 02:00:00
2df468db298ec71b052fe1cfd1ba8cb7,f21024866b83998f61390456ca2d4842,3,,,2017-04-03 04:00:00,2017-04-04 04:00:00
9e2ca5d5d5b16f341fe829705264979d,22eafee939762cd1831409a698a7e50e,5,,,2017-05-05 22:00:00,2017-05-07 22:00:00
575a8dccda4e26dde0f4ff44e05ae26b,2db97923354309e119b50cbf9b023cf8,4,,,2017-04-04 06:00:00,2017-04-04 06:00:00
032ffa015f81fd70b96907ba9986697a,fcedc3bef78ebdb1743df59d233cc287,5,,,2018-07-17 03:00:00,2018-07-17 03:00:00
806a56346f3a4b56f67999de688cf4df,ffa2eae81bb54ea8f361125d864cd667,5,,,2018-09-02 14:00:00,2018-09-05 14:00:00
0e16a39cae29c7f93474ca49eea79a07,abd6ac7fb65f3e860f330e451128b702,2,,,2017-08-20 13:00:00,2017-08-20 13:00:00
a487c0e623920aca6c9c6e2a0b9d9e79,8c4a173354a6e6a6c36948899405f1f8,5,,,2017-02-28 07:00:00,2017-03-03 07:00:00
2ec09323e3964cc91279491b41314487,b87695cfde67901edf6fea8c9301d615,5,,,2018-07-31 20:00:00,2018-08-03 20:00:00
c0603ee756613125a6be6b478725eda5,572fb96d490eb24b2da570bcdcf8b18e,5,,,2017-10-10 21:00:00,2017-10-13 21:00:00
a63e95b357719291781c3e0f13262b91,4e814a8e27048a882a5bc72d1a23a319,3,,,2017-02-10 18:00:00,2017-02-10 18:00:00
934c5afd61ff1fe0f379244d562fa734,4ef1fba10d2aa12363a79cb58808c6a5,4,,,2017-08-20 14:00:00,2017-08-21 14:00:00
f692e469a45c257634d30866ff2ed8b2,176888375b5614e519b3aa8eec47c28b,4,,,2017-04-04 22:00:00,2017-04-04 22:00:00
726509a998785e25b7794624d2e9183f,b5a0ffccd1dfe76bdbdea7b4322c1995,4,,,2017-03-31 02:00:00,2017-04-01 02:00:00
75d0e854fade9c5242e3e1994ee44988,58b5eaaf38a0f99ba42c838bff9f320d,1,,,2018-01-24 11:00:00,2018-01-25 11:00:00
48ef47ebf0eebc305033e1deaf2886ff,3087cdfef568efe5055bf87ea267ac4f,5,,,2017-01-28 21:00:00,2017-01-30 21:00:00
6ac2ba2ef3331bb3a4175c6a2bc7aed9,2f98765aed4fac7bdb029024a12bf306,4,,,2018-04-20 07:00:00,2018-04-20 07:00:00
e15d95a49ee2cf902b72f5ff9d717fd1,5a11d31d8a41ea74db6b650e1811df17,5,,,2017-04-03 08:00:00,2017-04-05 08:00:00
97b0b20d23a8dfafafe3909cb1b917bb,30f4795e03d29f9d918636476c6e6f35,5,,,2018-07-31 14:00:00,2018-07-31 14:00:00
752debaba951ccfbd2de6a9e8a83e051,3e15fdeb34641facca15ff320bb3a1e0,5,,,2018-09-06 09:00:00,2018-09-07 09:00:00
e5fcf22f060d282e32ad18f84550111a,88900afef133204170074b65faf35a4f,5,,,2019-01-20 23:00:00,2019-01-23 23:00:00
0569b5f031ecc7cae4900fdc3fca7f7a,81781648966d6eb41f949a11a051547e,5,,,2018-08-05 00:00:00,2018-08-08 00:00:00
bdb0ad4f85062b630ee75054d4b3b023,d3666e1018c9131170e688e82bba1b9c,4,,,2017-03-22 14:00:00,2017-03-24 14:00:00
845b99567e39bdae50981b223bf90489,6d87266fa6d56545a79fdd8ce41e3c70,4,,,2017-06-30 16:00:00,2017-07-03 16:00:00
5ee60129bedbf11cc41244aa30fa6148,691949e26f08c08db6ed62d6472d91ee,5,,,2017-08-28 17:00:00,2017-08-29 17:00:00
c57f38858338b77c77f1d7f4deee2da0,0c5023b5f63b7158454b7d38c8daf6b4,5,,,2018-06-22 09:00:00,2018-06-24 09:00:00
4ce1e8b03897b64869a69ea39007fec2,591c1ed70bb31dc6bf46a40d719178e3,3,,,2018-06-30 07:00:00,2018-07-02 07:00:00
1b346d36ee078ebbb3ed684063188695,86a4ef706b779bb9739b8e04973b0a10,3,,,2018-08-16 02:00:00,2018-08-16 02:00:00
d9c397002466332f709f76cb5eb0aaaf,b0abc45fcbd26e854f9114f169ec5a20,4,,,2019-01-05 11:00:00,2019-01-07 11:00:00
0750db179fc334e4e4ef5ec8117a48c6,9219d23bc7d059ba38f1c43dca772a53,4,,,2019-05-30 13:00:00,2019-05-31 13:00:00
6365fba85150304e6aa167ead4ea6d90,cb346e5b8ba8d656b29301d1199117fe,3,,,2018-07-10 05:00:00,2018-07-11 05:00:00
df13ea7bb8b025375c8ded032eb3218d,55cdc5c6185a45a47522073b6b6a76b5,5,,,2017-04-23 00:00:00,2017-04-26 00:00:00
aa5a5818dfccd8459a58ba4097b90d7c,58e33a0c300224713cd653c7e08b9177,5,,,2017-02-28 17:00:00,2017-03-01 17:00:00
d58707b725e6fca5001a85fbbc5c364d,d38eff7c90b36f478b4c4dd1953b8035,1,,,2017-01-17 20:00:00,2017-01-19 20:00:00
31a039a9b3522f6569bb560e145bb875,9049ed0c9a13b77ebc4692d27600edca,1,,,2017-12-18 07:00:00,2017-12-21 07:00:00
71d4ee82cb802b6729f27642d519745c,ae5baf1dec459b9eb7425aa1693a7605,1,,,2018-05-11 07:00:00,2018-05-13 07:00:00
d0c8496c9f98673ad618395d46c796de,d2b45510d7b446594b98452343f8a275,1,,,2018-01-08 03:00:00,2018-01-09 03:00:00
c6cd28675189a2584e497d503ded0f8f,4aff5bdc044337a54f8788ede5b4f21f,5,,,2018-08-08 06:00:00,2018-08-08 06:00:00
117240366b5bf29172278a6b65945e9d,9807a077ea56646edd82d4bd0ac03112,5,,,2017-07-27 21:00:00,2017-07-29 21:00:00
4630cd474c3dafd641be7687c3e1746d,518a19e429b9aa24f833c0a2baa545e9,1,,,2017-02-18 18:00:00,2017-02-18 18:00:00
64758894b578099f7a65558ea45ea7db,7f331ead28089c29e55ed31a72e63b3e,3,,,2017-09-07 05:00:00,2017-09-08 05:00:00
815ea35a4b254c58c32c7d66f7b54652,faf9fd1584f84800477beea0bb596656,4,,,2017-01-19 21:00:00,2017-01-19 21:00:00
ab1e18179dee9ee8a70b1d42d8f33322,ba68d8868ce16d40f8f908e5821f6689,5,,,2017-06-11 12:00:00,2017-06-12 12:00:00
721e2ae8958d861d3263f779c70de488,7d93a7de85789ee5aac233732effbbed,5,,,2017-09-22 21:00:00,2017-09-25 21:00:00
d2ab421624ed014f2ce9d5c66747d5ce,89711599861c9b5f113b7b6b3179f0b7,4,,,2017-12-01 21:00:00,2017-12-03 21:00:00
6fcb9bf540e30faba3959d2eebb4b1ec,3b93503f589c898f1d004b24c59b2bca,4,,,2017-04-14 19:00:00,2017-04-14 19:00:00
eedf47def7d4cd39cb3e04d1f74b9b64,1b657a6b09787000768e974d6a2f3280,5,,,2017-01-16 23:00:00,2017-01-19 23:00:00
3772d644a52b6489afc8346a4a44d881,b773293f768f5fc2e235e8a2cc50fe63,3,,,2017-06-13 06:00:00,2017-06-14 06:00:00
45db41c882ae7e3150cdc54fe47e6497,d2c465eacac1844b8cbf77e810f86f4e,5,,,2017-08-07 17:00:00,2017-08-10 17:00:00
4495f4724480df10fc676ef42d6d0f95,9c32fd49d96d0974647290974c81ea26,1,,,2018-05-19 12:00:00,2018-05-22 12:00:00
5a9cd70b81ffcde6af4c0e52a53ad86f,0afa1dfaedcb14d5aff4fc8d23c958dc,3,,,2017-06-13 04:00:00,2017-06-14 04:00:00
a2c54abcff1d475245ac9c1a6c16126f,7d11ef393adca8c7ff09e70c2a48960d,4,,,2017-11-18 03:00:00,2017-11-20 03:00:00
ae2b6eb322dd6b59e95a273e17da449a,3e21fdb741ee3556cf9dce145a9ea522,1,,,2017-08-27 20:00:00,2017-08-28 20:00:00
f6b96c4a9a3cbe81a7723458536cdc82,20aad2731c6ef0da446981261e96bb6b,1,,,2017-07-14 22:00:00,2017-07-17 22:00:00
229f2bc479ea5fe1b646aee580e0736e,4c695a0b216997760a9f4085ac7c9190,4,,,2018-03-29 01:00:00,2018-03-31 01:00:00
0ab71a1f7e5ede56f6dd514291b105d0,2f2b8a744e4211e1638cee092794c9a4,5,,,2017-02-18 05:00:00,2017-02-20 05:00:00
2dc49d4b23d75414df3c6cff899efeeb,bec027f7387b2e0f4460817ad13dd184,5,,,2017-05-18 16:00:00,2017-05-18 16:00:00
7cb1e08ae791527e1f2cac5bc4db0e36,c42eb83efc6330de622bd1ea5bff04ad,5,,,2017-02-23 11:00:00,2017-02-23 11:00:00
c8db3d4e76884a26bdf325f4206bbc6d,7648cba55d74ff7f80ae3d98ba478fd2,5,,,2017-03-12 23:00:00,2017-03-13 23:00:00
e76c6fafef3e9628014ac4100470d067,d04aeed19bc135716d6e5b88f1983a50,5,,,2017-06-29 08:00:00,2017-06-29 08:00:00
545a475844c1107f3c3d65c2b87e5b4a,79861b75c207713a0469f55d18fdaefc,5,,,2017-07-26 19:00:00,2017-07-27 19:00:00
aa2aaa668219839b4d274016f5025771,14190b4f6fe52124d08d20a1ffaa247d,5,,,2018-02-26 07:00:00,2018-02-27 07:00:00
8999d7b5bdf36000aa50f00f0de15f8b,ad13375359d9ffb2a223d3b458ff0c41,5,,,2017-09-09 22:00:00,2017-09-12 22:00:00
58936ba00b5221cb66d12d89314dbc34,5deb235681ad7c3b3e9b058e166f8cbd,2,,,2017-01-28 00:00:00,2017-01-30 00:00:00
dd111b3c2131984f93c3a5278cf7816c,2a3f4d7263586b15e0df54d327e21f8a,5,,,2018-09-02 22:00:00,2018-09-03 22:00:00
a8da629351315db8e6c0b0c940163bc5,525fe2317e3879f895cd19e805b974ec,5,,,2017-11-22 13:00:00,2017-11-23 13:00:00
0a0839dadcbe07f5db53927eb81296a7,2c2bcc0e2b69a1e0af1fbbd6aae1834d,1,,,2018-06-05 07:00:00,2018-06-05 07:00:00
62d83cdc16c466a58e91eafbf059876e,3d7078868bdc6510ea318e128eb9e366,1,,,2018-09-25 02:00:00,2018-09-25 02:00:00
d56142ce0f195dbc3d21e3b33a480403,ea9987d2f6da52d30da317212cac90a7,1,,,2017-04-17 10:00:00,2017-04-17 10:00:00
eb725dcebb3f1e50848883c71353f75a,d22a4cddba05260f17f9a03e1466821b,4,,,2018-07-30 18:00:00,2018-08-02 18:00:00
88e190bd7858db8a910a525a1f0cc945,65ad220fe97fadb434d3ec6e32313d46,5,,,2018-01-19 22:00:00,2018-01-22 22:00:00
713b9fea732de58998de44dad701f79e,d8878260bacab7f76291a8b41e41083b,3,,,2018-02-20 06:00:00,2018-02-22 06:00:00
80072ad78ff8c0367fae9a786f1adccf,04033c5181c83a6ea06cb649ce43c271,5,,,2018-03-30 05:00:00,2018-03-31 05:00:00
901e2eac14280b3b9fe9431c4b29822e,371d1ce48998442685ca98df8316da16,4,,,2018-06-16 09:00:00,2018-06-18 09:00:00
44185b572db223297484f957f6c56e9f,7099b85ab408ec621c9f15fd1fc174fe,5,,,2018-08-09 14:00:00,2018-08-12 14:00:00
8405f7dee8f967ab14193aadcf5a59ef,dfe24b995f478acf19ddf1e9d8e04009,5,,,2017-03-09 15:00:00,2017-03-12 15:00:00
ce7b4f7d15fcf4e953e1a9fc4cceed50,084873e765c87c8ca5d955ce9526be4f,5,,,2017-07-15 08:00:00,2017-07-17 08:00:00
10760bac005e5cf3a6c6f1e5d8e2a11a,5954369a164dd2dd9ea49978bef9b1f6,5,,,2017-03-25 01:00:00,2017-03-27 01:00:00
921c0d64064607ebead92250589a01f4,d81bd31a6d50111d9d0338d56f66b39d,5,,,2017-10-17 14:00:00,2017-10-18 14:00:00
a5a91abf2881dbeecd03cc95936b86fe,27464d3e993c1e2b356af924f02f955c,3,,,2018-07-07 16:00:00,2018-07-07 16:00:00
be75e52bc4f0e69382c7e69423d6e8c9,d177f2833e6e9a4aa8a81da326c21d2a,4,,,2017-08-06 07:00:00,2017-08-06 07:00:00
ddfd0060ea672ea7f2e5f7b29ce99991,fe28ba06ec739e22e952fcca363bab4a,1,,,2017-07-15 12:00:00,2017-07-16 12:00:00
2152f0ec6019dd8431d0b78c667203c0,5a2b65ab3f4aed385f934b0fe7df694b,2,,,2017-10-06 21:00:00,2017-10-06 21:00:00
3f293e0c943b17452d353a8c3788881c,58e0320d7a10930747b58bb58a9faf2f,4,,,2018-04-16 07:00:00,2018-04-18 07:00:00
e95fa478071010927351fdb2ab36ce20,471b20383b60446ec13a179989a0685e,1,,,2018-07-29 02:00:00,2018-07-31 02:00:00
222da8548caefe726ccb5446c060c39e,a8cd021a31f7ee6b4cfe40eb06ba1d8b,4,,,2017-05-01 12:00:00,2017-05-03 12:00:00
94883ac8f59613bfd88b1d1096651507,83b0f80e8064b287980e5bf7011ab1b2,1,,,2017-02-15 04:00:00,2017-02-16 04:00:00
03366b3d08384e87a44f6e11793e4cdc,d66806685c722c55d80c6d2a22dd7bf3,2,,,2017-07-19 09:00:00,2017-07-22 09:00:00
93edd23f4a2d598cb08b0bd4f779f122,829578938199ac210374f34d61981181,1,,,2017-03-13 05:00:00,2017-03-16 05:00:00
af6375a1ee669bfb907aacfdfc5e8a46,8035c0b2ebcbe691d533f5ff4bb2c536,4,,,2018-01-31 01:00:00,2018-02-01 01:00:00
380ce151304bce995dd3359a3b702824,cf384f192f234b70dc4265f4a83bffb7,3,,,2017-04-16 04:00:00,2017-04-16 04:00:00
859d67bab2639de7e6624065d815a289,56a1f8e2f5298b8302d13793440553b4,5,,,2017-05-15 22:00:00,2017-05-15 22:00:00
e5a84f5f013a939a1b86a899d36616ff,55f725e394a60409abe1c69153430b1e,5,,,2017-05-17 01:00:00,2017-05-17 01:00:00
36a8fedfe5f23d18a436e740e47b3f8e,d2b25bdd918d014feb70eef4f71fa95a,5,,,2017-09-26 07:00:00,2017-09-26 07:00:00
b3320568d6025eeaea5e97bdc322f2e9,11c8deebe0e10ce69bb8fd430bf387a2,1,,,2017-02-25 09:00:00,2017-02-25 09:00:00
5a970117458345189447b6c04a0fc88c,841184fe0544b1994730d9c36e3e1c9e,4,,,2018-08-13 06:00:00,2018-08-16 06:00:00
99251ad714b77c790f15c3382d039f33,550f538bb7810da3bba0e2c0629d83a7,5,,,2018-07-07 05:00:00,2018-07-08 05:00:00
6397a3384364e7d42076dd254fa181e9,2c3cc29ab7e658dbf6fe60443fe47f0d,5,,,2018-07-04 19:00:00,2018-07-06 19:00:00
d338825de73c44678d3958983f0493c1,56af145a2f0214e217ababa27f3871f4,3,,,2018-01-08 06:00:00,2018-01-10 06:00:00
6a45cad06b1f7cfcc6c3faf9c396a4b3,d8cb294326d8a1f9b39a15fa5b4bc036,3,,,2018-04-20 21:00:00,2018-04-20 21:00:00
eae354f9dcbbc5d1530506a22a83a7ae,dbf1f1542c63f89b728b3598f54b3571,5,,,2018-03-17 10:00:00,2018-03-17 10:00:00
8afd3a3c42363a9c825176bdc6d2762a,c5621922ec916ea98b6729d0180944b4,4,,,2018-04-29 23:00:00,2018-04-29 23:00:00
f80965c3434a9fb57d469099561255c2,40dfa59a6a3aab9e9640cefcef3ffdd6,5,,,2017-05-05 03:00:00,2017-05-07 03:00:00
1a3811441a6f70d2d55239e373895eae,31ed8dfab1413ca7e335d23ff670dc24,4,,,2017-05-04 01:00:00,2017-05-07 01:00:00
7fa8666a17eb2d53c5e9c05eba4a3f7c,10c09a2ceaf7a95328ebfc4bbe631d51,5,,,2017-04-23 05:00:00,2017-04-23 05:00:00
b4bdd1b6c5c3cc2a759997d422ad47e8,d21a93dc0c4d0bfc092e9b1b6471c2c0,5,,,2017-05-12 20:00:00,2017-05-13 20:00:00
4258f08a3c888015af09126a57ae027d,8b5d5aaf8b363edd875fbe9c44926202,4,,,2017-07-11 10:00:00,2017-07-13 10:00:00
df3e6bd7ca8304929e890233c73ed342,ae4267728b4c3504772a6d4bce6fd84d,5,,,2018-02-21 01:00:00,2018-02-24 01:00:00
bd62c9165dee631843910c2e5293fa3c,17d22c6a961ff37bbe31307b9ee240d1,1,,,2017-07-21 15:00:00,2017-07-23 15:00:00
0d05b1a52930bd896527a28e8f2ec953,1c9e05b4c73d4922923382abb971d7c1,4,,,2018-01-16 17:00:00,2018-01-19 17:00:00
162e6472af47a214180b5e0458810a92,287fe1abeec09c1a8c8b992830b7b750,1,,,2017-04-12 18:00:00,2017-04-12 18:00:00
dbedb714d88b8f52b59f3eec15521035,a2752d76faf3c9c0c501bed265310d5b,1,,,2017-07-03 23:00:00,2017-07-05 23:00:00
8538fae492ecfd738dbd9e250e505cee,524a430b42f8da638b49b87c3e7e2098,5,,,2017-03-20 19:00:00,2017-03-21 19:00:00
a9c8e14efd0a64e4f1eecd8e992c980f,e0813a074f0ac825ec380f2df45a38b4,5,,,2017-07-30 19:00:00,2017-07-30 19:00:00
35e54c0105dad71f4a5c432e4c66b7e6,1d816760bb10a38d04aa3398975a7a37,5,,,2017-07-26 17:00:00,2017-07-29 17:00:00
3563bbdbd0ff568685d9eceef78d2db7,c12fea40f4922364f3d5c6e4549a7bed,5,,,2017-04-03 00:00:00,2017-04-05 00:00:00
1a6c85556cdd0205feed7741bf2e8eec,d38bf2ffba948e81cb16dde92658082c,4,,,2018-09-06 11:00:00,2018-09-07 11:00:00
591b4323f037a8d919ad302095f05208,e566982523a94f8bb498586e42bd3935,4,,,2017-01-28 11:00:00,2017-01-30 11:00:00
ef5d15d91d58d0bb976ecaec2240c667,1ad0df114eedab880b468e77a20b2d63,1,,,2017-11-14 08:00:00,2017-11-15 08:00:00
f1d11d87e1213c03779ee8de237a66a8,7a49c5a7b2e28ddf4ee317b40387da88,5,,,2017-03-20 10:00:00,2017-03-22 10:00:00
7e84e21fe7d255391224562b4f8ac775,bc27faeb687ac02deaea27be47a92445,5,,,2017-05-05 03:00:00,2017-05-06 03:00:00
a59e67ff14e80cd9ce7e8e4b0ba258f0,531c10d22c5c99d2343aa67ebd577957,3,,,2017-11-24 16:00:00,2017-11-25 16:00:00
8474495e761a8f3b2e316a6695ac9160,cfa9c86edead0e249689e6b0fe798e32,3,,,2017-12-10 01:00:00,2017-12-10 01:00:00
3c49403fc617a1dec0fed388c8a07df4,adcf4c664f414a69ad4612cc2dafcf5e,2,,,2018-03-24 03:00:00,2018-03-25 03:00:00
b135f6066b7e7422333e009c847d0f89,3b075a6359b42c1146d1fc5cbb9e8e6f,5,,,2017-09-26 17:00:00,2017-09-29 17:00:00
02e9b7302584833d847fd58baef71894,75322170f993de57cec0b7ce4b171efd,5,,,2017-11-21 11:00:00,2017-11-22 11:00:00
3a46f47926443ffee56f107ab7864e27,239040408d6173f2cad203fbbb124fc7,4,,,2018-05-27 06:00:00,2018-05-28 06:00:00
652b32f0fc8ac1a5db98218ec11b0c1a,36daf56584083d9d0ed2923dd9834420,5,,,2017-10-15 22:00:00,2017-10-18 22:00:00
41167703c5b398d6436c00aacd590016,ea71fc0eefcaa9d2258e95243261f27c,5,,,2018-06-26 05:00:00,2018-06-29 05:00:00
17f7f279f478e3437c8cf76be7a1e3ee,a5d30b9c5d5fa7d3ce4acefcdc13ae19,5,,,2017-08-10 07:00:00,2017-08-13 07:00:00
e6c78416ad313c47be3e1ebf2744808d,96febf1df8624c2bc40fae827fb27891,4,,,2017-08-28 10:00:00,2017-08-28 10:00:00
1ca43f6a5e4db3023f6f8d5a7adbd387,431e5ca628eef57928848e975a699dab,5,,,2018-07-27 01:00:00,2018-07-29 01:00:00
4d7a120c396f62ff36e3256c8f600d64,0ade6c31fcdd7b08904ba1718212520f,1,,,2017-10-22 13:00:00,2017-10-22 13:00:00
7fa6dc748a8690b89dcf3a7ec56a6bc4,0e05985231b1cf87a0193b479df58c2d,5,,,2017-11-27 04:00:00,2017-11-27 04:00:00
324f3928e920246e6a2c8a908fd1bc2a,7b214449d563bf66dff027bb2217ac2e,5,,,2017-09-04 23:00:00,2017-09-07 23:00:00
fdec85f81a3bf7fdbc8e166603c58a3f,b2d21a7e613c07eca627025177babb3b,5,,,2018-08-26 01:00:00,2018-08-27 01:00:00
3bde1e84dd181cd2f54987f1623aa7bd,bb52a663a401bc47294f08cc2197f7b7,1,,,2018-06-30 14:00:00,2018-07-03 14:00:00
f455d71988b248dda590666db0cf91f8,824923f6926392a1a74b03a81c0eb646,5,,,2018-09-06 03:00:00,2018-09-08 03:00:00
e0949471f902d3093c885cff8a597a67,203637679d3f625728858b9cc9e40ef4,4,,,2018-04-07 22:00:00,2018-04-10 22:00:00
7b725c70e984c77f487fa3e2c4cb15b3,bebf7630adc9f7217c1338388a3d0f6c,3,,,2017-08-13 20:00:00,2017-08-15 20:00:00
15dcdd506036c23073e0786130ea11a3,ec14897375afbb89afa075e7ba992325,5,,,2017-11-01 23:00:00,2017-11-02 23:00:00
f7b5f316cc077174216a99856b56a889,99a0afd80771e287905020dc7e6653b5,4,,,2017-02-11 09:00:00,2017-02-13 09:00:00
3157e5a306a845d234cb66588358b21c,196c6dc8e503d716b953544e072f1955,5,,,2018-07-16 16:00:00,2018-07-19 16:00:00
fb1b4664b8c399ab823d8c3a00bbb670,368efa54149332a459ae3fb779bf3ba7,4,,,2017-03-11 16:00:00,2017-03-12 16:00:00
a8940629ba88b030c90fbfd678fc15c4,673466fdefa60f335f8ab0e30a098467,3,,,2018-07-08 10:00:00,2018-07-10 10:00:00
e4d9101551c055dc719d502ff5b60370,f571f2d32f453a76c3ea0a5ee2d9fa59,5,,,2017-09-29 09:00:00,2017-09-29 09:00:00
f1a6b589e9b165f71470432398581ce9,b1cce1619bdfc44703557f4f4c86fe01,5,,,2017-07-19 13:00:00,2017-07-20 13:00:00
0bd2f2c0bc3a80d78a52a566ecf4fc9d,2dfa753b9214faf8457326fda3a2f7f5,4,,,2018-07-07 01:00:00,2018-07-08 01:00:00
870eb41f0cd6319b55f37af76bfd65a0,b2b05ccbabaa49db56581d143a968d50,1,,,2017-01-23 08:00:00,2017-01-24 08:00:00
fe7e68af73dcf7d6a3f47a317986ed76,fe8994f27a1400a5aaaa76a899e00029,5,,,2018-06-21 02:00:00,2018-06-21 02:00:00
6d006ab4525e648cd308d6abb9dca645,cb7b03e9a341fa77c517fa95855ac022,5,,,2018-05-30 07:00:00,2018-05-30 07:00:00
c7704f1b906aa3a54f1ef738a27463a8,14ce462789ab086a908269549fbcb2b1,1,,,2018-02-17 16:00:00,2018-02-20 16:00:00
ea8686b972ce353e9c4caf057fffc261,a767df033a0b5b0d39915bfccd526e64,1,,,2018-08-02 00:00:00,2018-08-04 00:00:00
dd15582c25d0dc7600e68083587ee4be,2af53bbae558904934899ff30503812f,5,,,2017-06-16 05:00:00,2017-06-19 05:00:00
1c01db34065e8ef387d03145366d07c3,f4e5fdb55c8ebe831dce690892eaef88,5,,,2017-03-23 08:00:00,2017-03-24 08:00:00
6097c5127fa876b3993a46dd45d0582a,050cf1e6657030ff4efa632d4b2ef2b1,1,,,2017-05-20 23:00:00,2017-05-21 23:00:00
044cae79fbba3e8faa992e21a7d0508b,bb9a86d68fa6228d47bafd4261388aad,5,,,2017-09-09 12:00:00,2017-09-11 12:00:00
c546362125d72faa5023de4c42819cc1,e293663330fa62235252ead221127a4d,3,,,2017-10-11 15:00:00,2017-10-11 15:00:00
2a575f212ecce7612466bb13d010ce6e,d65b17e03f344fe712a50d3f73b8f06a,5,,,2018-06-16 06:00:00,2018-06-19 06:00:00
e7c6f661a1f9501c8fc153a5f26dd964,36fde0807f74e8d361fc0cdcdcb3be81,5,,,2017-04-22 18:00:00,2017-04-23 18:00:00
ddb98d5b294a61cecc131202c3397a01,4e61125e0a31cbfa05f0b34b7bae0ac4,4,,,2018-02-05 18:00:00,2018-02-08 18:00:00
d8438a511ae93db37eb7dd5e95b6ddab,e5379fd0230f7d44bd78da81ae1e68e4,4,,,2018-06-28 06:00:00,2018-06-29 06:00:00
2f603cf459fec3fe29aa93f527ce58e8,0dabf86b8a1659e5957b3d060b10f84a,1,,,2017-10-19 00:00:00,2017-10-21 00:00:00
f5fe70369cf4ff330eda427662a82b0d,f809bd434fccbfcd4b12c617e2d79fd9,1,,,2018-01-02 16:00:00,2018-01-05 16:00:00
778aa5bbbb3825bc37d4e6f7343eccad,ea631029bb2de18e0591dcc5bf28d3e4,4,,,2018-08-06 11:00:00,2018-08-08 11:00:00
1a573620ee51a679870bb930ffdcf511,894ba14bf9fab26f51fdeedf6f36a9c9,5,,,2017-09-01 05:00:00,2017-09-03 05:00:00
d5788ef67039ac7c80b743d9bbe690b9,06098bc95030b8ec75c19ae3056666e3,1,,,2018-03-22 19:00:00,2018-03-22 19:00:00
4c2046fde2aad03cd1d6e0a19ac979f4,a5ec89512b2e982367ecdf6fc221cac4,3,,,2018-03-18 21:00:00,2018-03-18 21:00:00
fe757cec345021dfccb9c6c0f484b126,794deba8b275fc8cd0d4d137f0d27cb3,5,,,2017-10-02 09:00:00,2017-10-04 09:00:00
1bf7af1b3086ca019e90e8105c936fad,d0219bdfc557387335a3dd256525645e,1,,,2017-03-31 22:00:00,2017-04-02 22:00:00
1c537ff3b0a0bf908c5f31dd68b6aac2,d2b5b9f2418352c2316e76d37fe7a5b4,5,,,2018-04-14 11:00:00,2018-04-15 11:00:00
fabc45ed7bc47a3cb8430fd571882238,9d9b038bc0f1b5d23be11bd0f15a47d0,1,,,2018-08-01 20:00:00,2018-08-02 20:00:00
ab94d7e3aed2034204f6d0281a5383cf,31237ee4973365d272df95ff2d455678,4,,,2018-03-26 12:00:00,2018-03-29 12:00:00
42f5716e722979b5ef21c6987281127d,b0372c9235f3e7dd566dc2093d0130b7,4,,,2017-10-19 19:00:00,2017-10-20 19:00:00
4d3ceb138d92aeea35f7df32a3fdaa7a,026f167de30950f97a1028c3ed84c7a3,4,,,2018-07-03 23:00:00,2018-07-06 23:00:00
4f40c7fde56b1be9a4ada718b5b18f50,6725b98c32c193ff8b049bbf3d690065,1,,,2017-06-05 21:00:00,2017-06-06 21:00:00
1cc6c6abbb4be0044274850c56d3c165,df2738ac4fc5e0a694dfe71650b403ff,5,,,2018-02-13 08:00:00,2018-02-13 08:00:00
39c3e1dacdac1d985b415586754103a8,eca09df2121683551d23144792e916a1,5,,,2017-01-15 08:00:00,2017-01-15 08:00:00
aef354658c5568b2ea547b7e90873bbf,5340b3b699c0ba3aaaad82a74d4e715f,3,,,2018-03-15 15:00:00,2018-03-17 15:00:00
a8c8267ab03b1bb7640a9390b3a8df5e,825e30d2346683adc68faf12bd02c8fb,1,,,2018-06-08 05:00:00,2018-06-08 05:00:00
8e5cb9f2924d0581b8573d943a70cd9d,751f880400d4daf42193657e330c6855,5,,,2018-07-08 15:00:00,2018-07-10 15:00:00
ae00bf9d861b44902a9bb1edd5ad1c06,4c9a62759543c8ae95f7c4b4c308cbdb,1,,,2017-04-17 16:00:00,2017-04-18 16:00:00
26940b74f69e1dd8dcbfd026e392442a,07ab04ec75cf5b32a655f42737fa203c,1,,,2017-09-12 19:00:00,2017-09-12 19:00:00
a7336615bee00e0d26537783455715bc,8311a3360d7653fe55bf103fa6ffaa62,5,,,2017-07-24 05:00:00,2017-07-27 05:00:00
23a5096e55862c7539ce3af724a88faa,89a829aa142577ada9af3a059f7c8651,1,,,2018-07-24 05:00:00,2018-07-27 05:00:00
6f43cd771f546fb00b4cfbb4b8f3108b,d82c39bce53696d81a4673ec78237588,5,,,2018-07-03 12:00:00,2018-07-06 12:00:00
a4607a75e103f40a7039ac54b8ad0d71,9e3c5f314e91c9f8231b392cbbba8321,5,,,2018-05-07 00:00:00,2018-05-09 00:00:00
bfcbf28762ae7b1db0bba8b63898e9db,145df5f473bdc17c37f5a6c9acadb6d9,4,,,2018-07-20 23:00:00,2018-07-23 23:00:00
cfd596ce91a1e84ab39c28bdd561318f,357774991d04f5c4c15e4aafaad4f643,4,,,2018-11-20 10:00:00,2018-11-23 10:00:00
8d65696da97cda2001cd9765b6a5e2c3,98d8b69958d6fa81bc951432b5547345,5,,,2019-02-15 11:00:00,2019-02-17 11:00:00
329cccec8fe4a9923fef21c2f08d8ecc,a37572589a17d8504bf49d13b4b60591,3,,,2019-04-10 08:00:00,2019-04-11 08:00:00
104119143c678ad5ee45a8cc2a0480c1,69ff1191ac584c167fbaf0b948aacd0a,1,,,2018-03-11 11:00:00,2018-03-12 11:00:00
893647e6f24ed127824acde6018186be,cb66839be81c4c161072d09b0aba474a,4,,,2018-07-19 15:00:00,2018-07-19 15:00:00
97bf3506bd2ba47d3d723ab5a427fbe1,7ef5383dceb0559517946e7f4cd27f56,3,,,2018-06-05 02:00:00,2018-06-07 02:00:00
8a3d54b6ebc7021aac472c44d57c1c57,4d020ff2d9a1cf95fbabb543270c3c3d,2,,,2017-12-10 03:00:00,2017-12-13 03:00:00
293adfbf8ebaed7469dfb9867a8f6407,2b8e69634d27b06905146e32de67ed32,4,,,2017-08-10 09:00:00,2017-08-10 09:00:00
35ef7ab17ab7dba34866fa2cc27b99f9,f10f41406aa2fcc7e8d00c769bdfd91d,3,,,2018-06-23 03:00:00,2018-06-23 03:00:00
dbd30172cdff0a5754a4c4c232c441b9,df668c9985af9ca3bf9546dcdf2c3adf,4,,,2017-12-19 07:00:00,2017-12-20 07:00:00
50bc3fffaa10d5af58911dcad31e1d2c,d0f88c1edfec2d7edbbf300bf053526e,2,,,2018-02-04 20:00:00,2018-02-06 20:00:00
91c4385df710a7a01021745d9cbca1ad,e681b071378ca8bb041d45f5d10fe0a5,3,,,2017-09-21 03:00:00,2017-09-23 03:00:00
10b8b54c5e9c72139813d21f732d5b01,34662d81df2a93e09d6a85c6d5ac4492,5,,,2017-09-18 18:00:00,2017-09-19 18:00:00
bc69afad19995b040f561d30a1986d6d,19730453981bc548f02bb279e0e225fd,5,,,2017-12-07 05:00:00,2017-12-10 05:00:00
0345a9e344721115bf1053fff4005199,cbbcd7ff199cdb5960294fe48bdb348f,1,,,2018-05-12 23:00:00,2018-05-15 23:00:00
3b86fb86b8d1a219633d66f712990b0a,b40ae22efb91beaa7cff0d7da52328ff,5,,,2018-10-23 10:00:00,2018-10-25 10:00:00
9f9dd1904009b38238181d7e4a196dcd,be65cf3dd0313c13d6e087afc96209ef,5,,,2017-07-18 10:00:00,2017-07-18 10:00:00
49b605d1f1d3babfbc78cb61bd4ed487,e81227327e12ff9bac4bb92f3d321357,4,,,2018-02-04 16:00:00,2018-02-06 16:00:00
4b51e01f57ddc0495943df4c39279577,3aacac45e53b499425d7b12783c88104,1,,,2018-06-02 02:00:00,2018-06-05 02:00:00
5de079a443268a962e38f8709df97618,0d756bea2d5ddcda71a3cb338b01b0c2,1,,,2017-08-31 01:00:00,2017-09-02 01:00:00
e8f3f24ff1de1c28de13662888bdf52c,894e1f0bb884c6c94786dd5fa5d015d7,5,,,2017-05-17 10:00:00,2017-05-17 10:00:00
aa05fc8c74546e0ffa61b32b769e33fd,184dab1468bb59d3f836c96448f74721,4,,,2017-03-03 00:00:00,2017-03-05 00:00:00
db470eb359565a27695759f35f860297,304182fde201ed0cfcd248f8edeb0253,3,,,2018-08-21 17:00:00,2018-08-23 17:00:00
10f51dc73d5ec04b26325600378a5a01,b08b5c22d4eafd19799cf2483a175c81,5,,,2017-02-02 04:00:00,2017-02-05 04:00:00
ca00ba1dce1ce79d79b740164795d660,7d9177d264b9e4126553c2b83338ec24,3,,,2017-11-02 19:00:00,2017-11-05 19:00:00
72a5feb1e9fd6697c501bb16a6343c63,cd8074b7b47827ed264930134a82a7ea,3,,,2018-02-13 18:00:00,2018-02-16 18:00:00
87d840ce96e9f97c77385b5cfccaee60,39bf468b577529ae47b2d92ec49e2d01,4,,,2017-10-26 05:00:00,2017-10-26 05:00:00
cfffaadfcbf5be48af81a075d847fc58,6b32497bdd1ed4085d6fc14aa095e132,5,,,2018-05-09 21:00:00,2018-05-11 21:00:00
fd9a639f8a28a9ea64c8673791cb4c9b,9ddb99b072c704154b4e170e9ec68909,5,,,2018-07-05 00:00:00,2018-07-06 00:00:00
e4a5a90bfc4f332dcf803b6e0124fc39,20ca37b95f4527d6dd14d35e3af4e2dc,5,,,2018-04-15 01:00:00,2018-04-16 01:00:00
b2511d26f8f103bb155969dc6ee13a8d,eab0a8261fa5c02566e8dfefae36a967,1,,,2018-09-18 08:00:00,2018-09-21 08:00:00
e1b9dc2cf9b974e071c47f7372a21937,d079bf467f74594bf9384b4c5ad87125,4,,,2018-03-09 19:00:00,2018-03-11 19:00:00
8a6656a668e7ee786dee221db39ff009,d0005fd0b8ffce23069cf9fe74fefd13,5,,,2017-03-11 06:00:00,2017-03-11 06:00:00
1bcdd857a02e6ff9a224a8922f99bf79,f10257a56212c80266d7553978495f53,5,,,2017-02-10 03:00:00,2017-02-13 03:00:00
ed7d4e5d82e04a3225c3904f68592ad9,55531aed6718ea95c97bed8e91b665cc,3,,,2018-09-12 13:00:00,2018-09-13 13:00:00
3918844220eba26f90eeeec48d4ff273,b14438034968db32196da162e6399b35,5,,,2017-03-13 23:00:00,2017-03-13 23:00:00
b14f6085b80b626a136b1f545537a67c,40fff2f66c16354ca8da04a7393bfd5f,5,,,2018-09-02 20:00:00,2018-09-05 20:00:00
2220239ec4011f9f439741b4d28bf973,e6ee06e4be7364429180de3b3ad9d536,3,,,2017-07-19 18:00:00,2017-07-19 18:00:00
309c33acede0ddd774d669bf11ea4ad3,39238eddf050480430a222acb1b34e8c,3,,,2018-01-21 08:00:00,2018-01-24 08:00:00
fd38b96f3a284ba51def72aa4341024d,b2120875cf702de579448aadfb306592,2,,,2018-09-04 17:00:00,2018-09-06 17:00:00
2a13f6ba7f0927bb041d72a2f8c32a72,c0f0ef36a40c3bb9f26d37eb8d2d4e03,5,,,2017-05-11 14:00:00,2017-05-14 14:00:00
d0afa22c70ef2577ed247a2888e83ee3,9d62abe11de8e57ed38622885e80bf26,3,,,2017-08-05 05:00:00,2017-08-07 05:00:00
44a73cf43600f1ae1ac409f0c12025cf,d6e9cc7c9b2cc6b26881bd60ef3737ef,4,,,2017-05-27 02:00:00,2017-05-30 02:00:00
3d84d0594e512a7d0ce086f892e05215,a06c69065312a340ab9c0a80a13cc87e,5,,,2017-01-30 22:00:00,2017-02-02 22:00:00
f4a2575a887c1c520d139b1831a9a467,c9d39a2725644d8a09ed377f65467cfd,5,,,2018-08-05 09:00:00,2018-08-08 09:00:00
c1d393af8522e8e15b84674fb3e771d3,72e5ac507706090de80a3e28cc2ac789,5,,,2018-09-10 11:00:00,2018-09-11 11:00:00
d893c168949fea04ada7eeac7c0ef634,20f1bdcc18e12cbf231b22372d6584ec,4,,,2017-11-23 05:00:00,2017-11-26 05:00:00
4f750a96c1a6034aa7ef610ee668117f,30b76ffe7265275d02aa254f64cd54a9,5,,,2017-04-23 03:00:00,2017-04-24 03:00:00
680cdc8c1838279dbe7ab5b685de2b35,87657d1028d29c08e987a8de153a2a30,4,,,2017-03-29 05:00:00,2017-03-31 05:00:00
43ca6fdec61a263a243004f43cdd7ed3,61623bef4de7bb27c194c25a1136c096,5,,,2018-07-02 07:00:00,2018-07-03 07:00:00
2647455fe943aa8fd024e67296a73e89,26050196f2fbdac136850ced7d99b3ec,1,,,2017-12-05 03:00:00,2017-12-08 03:00:00
4cbafebc0c2aacd06f9241d679aeef7b,db2359ece80d2012155e0dc961e21b85,5,,,2018-03-06 18:00:00,2018-03-08 18:00:00
76531d3235b3863e8767996dc1b4f4b2,120161c06c228aba27ac4fb7600d828d,5,,,2017-11-11 05:00:00,2017-11-14 05:00:00
479305ab28d28f801b094758f9a6335a,becc8b1bc598006a4e1cea922f78c321,5,,,2018-06-10 23:00:00,2018-06-13 23:00:00
856df308ca8aaa9b52d8f7a524a8d373,d75c6c2dd4c4a4abfd99ddd8a8a1f9cc,2,,,2018-05-05 13:00:00,2018-05-06 13:00:00
601579bd94cd80f9f2200b4a6b9abb14,ea7ff80858f02579631e2e41f09c31bc,5,,,2018-02-14 11:00:00,2018-02-14 11:00:00
04e6132ffb58c12896a07fc129a58895,202112a8615abe5f316f40433d49362e,5,,,2018-03-17 05:00:00,2018-03-17 05:00:00
2808ee64919ac35c50d2f8439423482e,5aa1031d8d23398cb538dc0138141d7e,2,,,2018-08-29 16:00:00,2018-08-29 16:00:00
9b20936e8182168e9d53898941def028,fe9500ab563df88815d1208980ffaee8,5,,,2018-11-17 21:00:00,2018-11-17 21:00:00
482fb58ab36ff466776138b64861afa9,fdbcb7e25da7b09febeab9d7e798054f,1,,,2018-06-10 17:00:00,2018-06-11 17:00:00
2856fd1d8b7d7044eebefbe17893fed9,6f2aa5c5654e83f6cd22d7b95756df54,5,,,2018-05-07 19:00:00,2018-05-07 19:00:00
8e4eb74750768cda643d7a57a7037ce6,26413a68074abc71b82b68128a8d7ecc,1,,,2018-05-19 22:00:00,2018-05-21 22:00:00
05764a93a61f48fc3027e4cb15780574,aaf7921f05c5e5808eb4faa3b04844e9,3,,,2018-08-10 01:00:00,2018-08-13 01:00:00
442628093a1b8ef9f87adc1e5b3cf9c5,9e96f644c6db1d77a1b72d0ab6123aeb,3,,,2018-03-04 01:00:00,2018-03-07 01:00:00
b25c037b811bda57fd7a44e1c9c4fd1d,d25e434c37d8d41df35bb72a6b4eda44,1,,,2018-01-06 11:00:00,2018-01-09 11:00:00
12a9d9cf03ce4c76f78aeb86ce468c7f,4df911df2ca04b5984405a46cbf27106,5,,,2017-08-13 09:00:00,2017-08-16 09:00:00
55e8a367cce8ab43dcd6a64988b210d2,7ccad5d606fa386462f9b1f646931954,5,,,2018-01-06 20:00:00,2018-01-09 20:00:00
009411a58a14fce99bf536db9a973535,78fc8716fe8ce2e28661cad06af27ff4,5,,,2018-06-08 00:00:00,2018-06-10 00:00:00
b1ef18711262d6cf8c0d6a8487983fcc,685fbe1bcc6bf4db6c0318b53982f87f,5,,,2018-01-09 22:00:00,2018-01-11 22:00:00
9edc8afb2e3a29c6ef9cc278956d179b,b0c3bc629100b08e77ea26f0bd9bdcf0,4,,,2017-10-11 04:00:00,2017-10-12 04:00:00
577402164545330a04be618c9a4a81d5,56f4fdf9645ebe9b1a339b77cd8d044e,5,,,2018-02-20 18:00:00,2018-02-20 18:00:00
060e8096ba41adc655d95fd0ec8259d2,087993a1fc32c016c793b529210c497a,1,,,2017-04-21 12:00:00,2017-04-24 12:00:00
d1b580e64706aed1acde0396b372ec80,2fcfaaefb6201155a0df18e19abcf128,5,,,2018-08-18 19:00:00,2018-08-21 19:00:00
57133ccd332136381c69044eeb20bdb8,1309d2ecce1b102a2d30e3ca38290fcb,1,,,2018-01-06 08:00:00,2018-01-09 08:00:00
937a8283bef2c2e96e32cc6db559bc70,5ba47d15fe02c8d5b0e25e74e4195bd1,5,,,2017-06-23 07:00:00,2017-06-25 07:00:00
