customer_id,customer_unique_id,customer_zip_code_prefix,customer_city,customer_state
8f381c01d5ce0626d1b6075581d1d226,f83f52740cb4afe126f341c804f718c8,09326,belo horizonte,MG
54de2c80d08d13dff3dcd264c4b27b21,f8eaca362f999b2a05aa5eab88f3d7ea,61217,porto alegre,RS
c993f819a7a581e8610114f423226464,200291bb44e9f8fb4838a8881a2e9864,10116,rio de janeiro,RJ
2dd2d8c076da387584d621487fa372cd,0219a9c7ba23b07a703c1286b71714cd,29221,florianopolis,SC
771ad3fe0a8857a5957e8c663aeceaf8,03c501fe269334ef171726543b997815,50823,recife,PE
c4bb4aced0c8da67bec62bbe4d7ec4b1,6b950c1d578799d93799a3767e5b3ac9,35993,porto alegre,RS
4e39f65a20db4294dfae180393d797e7,7f96dd35cca99089c9254bb54fc37d4e,95098,sao paulo,SP
e50dede5a395b8677397d1a1f6419405,b26a51a576b406725f13e10bff7a884d,85259,rio de janeiro,RJ
6ea4b4054f4c3f0b34a73f9dded5c017,14898025548b2ce3081fec82ca9acf77,04905,florianopolis,SC
6e9c92babbb5e0379e23faf9e66414db,25660316f39ef1bec02553ead7f2a678,14396,florianopolis,SC
12bcf09006d6fba776509bcd0b6d35d7,6475c0eec69130694439940d0e588770,29221,curitiba,PR
13dca1542b1fc2ab640eb68ebdcf6fd4,2e7d952b785b8a078b0ea0b912464474,13156,curitiba,PR
aa03081bd4986a31d5dbcbeecc0338d3,4005353dd76f1e65e54c87393133839e,46082,rio de janeiro,RJ
0b3f953a5e75788f9fb886b2a662cb92,4005353dd76f1e65e54c87393133839e,46082,rio de janeiro,RJ
bde78473a3fdd59c82d29bf861e3178b,4005353dd76f1e65e54c87393133839e,46082,rio de janeiro,RJ
54ce20eabb9d92c0d8d0b8db3aa06694,033ac4d6d408539161af0e8ed13757e1,89696,florianopolis,SC
6c8c5d0e3eb366fd3291bc95b8bf9cae,b6f56f1cc4a531cdf97f49941f38df55,42347,recife,PE
802ddcc4dc956e3103491b410111fa05,f997c779c56f05e662821d613fbbff57,52856,porto alegre,RS
5c85a58cd0290d6bebe55cc408d57cf7,fe99df69bcd499753f46057b7165e36b,05207,porto alegre,RS
e05bc7eac0a15dbc695f34ffbbe30fd2,bc3e1d1975f9423032fd73c508942176,60429,florianopolis,SC
9fda15ace9b87e7aa0786a1f70d3b5f7,aa7f7e0685695f97180dc855c55ffde8,43487,porto alegre,RS
ae8e60755eebc618562827686df0ac3c,639d8fe7790b185c355cca9cfb6bf1dc,35718,recife,PE
301c8108a904babd69c2aa1783d1677a,639d8fe7790b185c355cca9cfb6bf1dc,35718,recife,PE
cbfc721c7f78042820bb859a08207d4e,639d8fe7790b185c355cca9cfb6bf1dc,35718,recife,PE
cba88a28172730d87df102c2b9b4c225,efabcd734fe66636f6121d2cae7300eb,29893,belo horizonte,MG
da73dae0209e6e485e24038e92a593c8,efabcd734fe66636f6121d2cae7300eb,29893,belo horizonte,MG
25bdab1474ae4b96ae133adc7ff5088e,efabcd734fe66636f6121d2cae7300eb,29893,belo horizonte,MG
6c24dcaa566082e1646cd3c18c45fc9e,efabcd734fe66636f6121d2cae7300eb,29893,belo horizonte,MG
2dfc6b9c794febeff96277e55b078b11,ba6dbed8a110e887289ac25152b444e8,42347,belo horizonte,MG
fcc2ed1892aef13c963bd56405e514ff,8cb1457eeffad15bbea6450f0accb23c,29893,recife,PE
2e106355b1f9ab31995ec9dedcac41f8,7b31dcdc40d91a8e1f44aa88855b6c5b,01074,porto alegre,RS
e92915a385cd74bf501c93a3b1f22be5,5c44ebd132df8d454c7f03bba3760c2d,28653,belo horizonte,MG
bb909511a12b61ae121017873429ce3b,aaac826edd18ab280d559b64e3347bac,26203,florianopolis,SC
ecf678c0c8613afa1ae17565f3a80aa0,3c6841d61ce8e12ff9287d2637c0f87a,27062,florianopolis,SC
0d88893344725ab7bc44a417914ba9bb,03db7a2e531350e06f2537cea206527c,15621,belo horizonte,MG
dfd5988eceefd2c97e2b73ceedf98b8d,95aeb18b46ae7e06cb5d2b592ad820ca,78397,rio de janeiro,RJ
368b7d6843c6b5324b25c4837bae0f3b,3e3b1a40ca0553a26553b15f1ea15b0f,48400,rio de janeiro,RJ
5d4f97154c9df0495fd2bec365363c77,94c176b90ac013d5f80590f002493a09,03552,curitiba,PR
209f839fb6ddbd11ae864837ccc10250,b03b693479ab56d1b0d515abc891d55d,31021,recife,PE
2fd6129a82e09d39bab008df2709f5b2,b03b693479ab56d1b0d515abc891d55d,31021,recife,PE
b33d9c7c4e733dcc866482ee6844a0e3,c552f3c55f13fb9827ad8d5198a15e4f,35671,rio de janeiro,RJ
ab40256118cd99c91c8d23b44dea5200,7ffab493285eed0a3fac431716e827b0,76674,recife,PE
20b998300b37346827571245b8845902,56a2d49d9e5f8273af9a116817661795,60429,recife,PE
8fffe8456257ae9c82601132c02fb24f,c27288e6ff39a117f83b1806ee4c1b18,48447,rio de janeiro,RJ
a60da1aa005bbf731dbe4a3c88db3692,5b0334d80f4d6c400f5f9707a008ac20,87673,sao paulo,SP
94e7eb2a343402ef44cfa6ba5302e6e2,894e7397b38a3db1276732d3a502dc4b,90353,porto alegre,RS
670a858cf86b2e95a52680b3e8bcd007,7ce3456320363a731b7e0502ca9d8831,13280,florianopolis,SC
b1299cb78b248c7e0e4ddb723e6a41f1,8ef00de1fb4f19725115d7ee3b90908e,84320,salvador,BA
2e6df7e89980236855b8572087cd9444,58e9d0aac1b6edd4a50784cbc9df301e,62348,belo horizonte,MG
20a62edffea95b7352b3a0d117278924,bbb24366704fe1a8e44cbd41ce36e92a,92924,florianopolis,SC
5cc624ef04643f52d9c099f6fe709416,60b57717b072afc80577610831662c94,39427,salvador,BA
3ebb527c1438e799242ac30f5d80a53b,402da0fa227dceccb972393a5bb0dd76,51019,belo horizonte,MG
f91e8b9b45967e762824162dee7385d8,b4e570ba7c3cc2bc0a1bebd3e60ec813,93349,curitiba,PR
10b8c1c51b4142aa8aa431e929aaaa7e,8af09ec34b726a7c8f1c3fa070000009,35993,sao paulo,SP
19db533e80ea83afbdcfc159e581c1bc,91135d7e309526217d76ab58b271115b,78236,rio de janeiro,RJ
9b5c4b589c425665ff3c03a6357544ee,52dcbffd59008d658b2ab7592fc6c4e6,53581,sao paulo,SP
dbe7a3335d0c82050a22be567cfe8ab0,de1f1619467ba9e577e8b762bb7eb979,28653,belo horizonte,MG
ab4d738c7657e37cdfc8e06063629509,dc4db762ea1af7d2994316bbd4d353a5,37421,florianopolis,SC
15663d1a2d15420ba2bc67154087be6a,87f89f6211a1e557290c44148df50b01,61217,sao paulo,SP
25c1ae41ef0ec9cb756aae2de58118d1,d1c56a004bb13407730ad7de27afbff9,21032,salvador,BA
757576022d02223fed2532e51d0678b7,743e85315dfb19228aa6b006436adb9d,19131,florianopolis,SC
74629fb5c6e19fd7390e9f57363d2fb5,8186722ba355ad05c6a28e4e002f2ca4,74579,sao paulo,SP
2ba009ec55c874415145c6f899960a38,e207db202f7f2cd7bbd0fe6c6108ffcc,45597,salvador,BA
6ffad35606905ba517e03df517df85b3,5d340833db592a199ea6ed4a04cad30a,12915,belo horizonte,MG
1b6960311f683d6f988c89dbed5cea4e,521902163d211daf9ec5405dc6a90598,71381,rio de janeiro,RJ
315e4e801f20c257ed348e324126fa8f,f7980131a885a7b410372a5cb893b08a,15592,belo horizonte,MG
47f50a35b7a745e2e327119fd895ccea,309b48dd63329992d1ad3e5189f90de9,76674,belo horizonte,MG
529b3b96cf1d46be2e0e343d1d59b308,c40726547f5f61aaaee7c7a586296fbe,50823,salvador,BA
3276ab7532b9fc5651f37a1fd03a9ed2,487b25d79cf023dd277529a28d2cfe83,35973,florianopolis,SC
5133577b465101734d0e391db9272714,52702b29a41247a268e8f3115295ea96,04905,recife,PE
b0309415ef21db2c0143d636fd54225b,a8ad153985f0786a18a440bd1c4760a5,79907,porto alegre,RS
39d007627b92a41dbb19f0fec5cbfedd,f013a170d5cf3b4c0b34fc841111ee29,39469,recife,PE
de2bfe5873d2939ef99dd6d562b51781,08018e83df9d39102dbb45bd2138e2e6,86181,belo horizonte,MG
4b43f87331a580d76c2ec07eed92b753,310dc9d17c413a2a1b67f7bb33bb7382,27062,sao paulo,SP
49b8f7ba98a7fea2b4b2ce1449b9e124,a449d64f922ddab608252b391947ea42,45118,porto alegre,RS
d1a529db0b90b03d1c00b89578fa3b84,7d6ab7c2a86d8706637b3648d617b9c0,85259,sao paulo,SP
fe7c7d6ea8cc45153862abcfdb3437bb,971df5fdb38950ce9fbc879e869c3a8e,87673,sao paulo,SP
58d4d949cad6d3efcae2f489f7d8e086,388149dc5dc960970c90e0284185300d,29893,florianopolis,SC
8f8d4107c4d5ac13f561d900aa52cdf3,03599c6d1224cbd2b7c4b3ee9b1fc6d1,01851,salvador,BA
ed57a5c89110f6984c1e172a15e9bee4,a7df30b2356fdc0aebc8f6b7ee224f70,08331,porto alegre,RS
c15da5470db4897a4b188a0de0b7d818,d5030b43e3c7ca9aedabddab7dccc026,33087,belo horizonte,MG
efc08273fd397fe7b819b15d4f968a84,a3900bc0cd0fa4a677d2b94f14780c9d,60470,belo horizonte,MG
24458bad2f4f914c058b5ee1a2ddd15a,be54898e8eda64335c65a65c0f8a0c2c,73512,rio de janeiro,RJ
e1e68d3577c8c29723a9654df679d544,d27054706a7be8b1e3f342a8f030bfd4,35973,recife,PE
a8ae013ac6807bb481c974a0ed6ae39f,0eecc013b55beaaacb53f0be5e7b4866,52856,belo horizonte,MG
1d4e2772401fb5a69ca5b74f0fda6ca4,876de8c5440c7e5b9def57b4d2da43ec,14396,florianopolis,SC
01572a56e4aeb85f23fbe8f2cf5cbd7f,d59ef0fd1204f4d6bbfb1b710a683eb8,16014,rio de janeiro,RJ
ec1a1adc4a36a7c0f0cc4f56d24289ea,374539f2f1d188b913f392894dccb05d,79104,salvador,BA
f2aff86fce3fde9a12aa5ab47e59a0d1,19e9e3a418dcceb684fcfcb0f5e90352,65686,salvador,BA
af001605ae93b319611f98efdc3c423a,62a50eec881af04f3b23feedb9a4de2b,30256,porto alegre,RS
2e3b5fd6704532d5207073f00e80ea41,a8290f3c86b4852c317046b930807a5d,98196,porto alegre,RS
f358206db49bc1ef692c6843e6824710,f28f9444a0154d6591ed554a3faeef01,49520,rio de janeiro,RJ
71ab471162794a6e61f14c98dcdeadc8,8ee25e54bfcb33888ef4d74b2dcc4095,33953,florianopolis,SC
b81ed083929614b56c8073b776a81a27,c42b266b1b02fa24bf00f56c6a4989a6,12915,florianopolis,SC
709de505046b96f976751903719d722f,acab8b695ba37cb59399ad15a37ce1c5,39469,salvador,BA
41e7ebbaf9ac1a4f42516974fdf1d205,6d54c95aaa4d52a8b3da5808756eb67d,84748,porto alegre,RS
0b6b99445e4908c8290a42d207f9ee87,cadec3792ab403f61aa67474e200c157,33087,recife,PE
a15cf032930e7347ff70abaa80e51b3d,cadec3792ab403f61aa67474e200c157,33087,recife,PE
8f7a1e435a1ba9db146691895ca43e71,cadec3792ab403f61aa67474e200c157,33087,recife,PE
6b2b0c271eec04802ab1803803f89c7b,cadec3792ab403f61aa67474e200c157,33087,recife,PE
6f8963b3d5b5c24cbd9e599373230f23,81338bdc66cc73768cca89632e2e77a4,80840,recife,PE
f41978cd2daca88bc1de6d58518e58fd,88adb388287e4086a854027e56673e49,42347,curitiba,PR
e401461af5b92b3c0a2cbb1be70cf274,eefb2a2471693ed5999413ccff9957a8,35438,belo horizonte,MG
46af040d55d8a81a81ceb20e281f45ff,8cd2216f50adff63e70941535a31e916,71697,porto alegre,RS
a280771032d5ad8721bd1db7485873c1,8cd2216f50adff63e70941535a31e916,71697,porto alegre,RS
380bd4cb18b666f84ba0768a7b2021f7,d8485a54531c8812ff31950afdd084a1,16014,florianopolis,SC
cf1ca02164315fc269464f3f514f6fd9,a21c1209c3a1962d698f546d5f290290,15662,salvador,BA
32ccf39d8914bc965cb2703335e0edd6,52cdadefb9d276f4d37ee4716e3b0507,03552,rio de janeiro,RJ
60bb380bc8b7bcd0d0207ede1fa70e6b,8bae295e902a405c3d9ffe599bc0fa93,48400,sao paulo,SP
f785dcc138e591c417d2efe76df5fa4a,8cdc718dc40574206004223136c3fe85,45587,recife,PE
d5963842567e8c74bd92232a4fbb831a,5c29850b410bfc29be9cafcfed17f6e9,56302,recife,PE
851ab93f297eef2f037ce599c1c353c4,f5b70dd9728f589773d0b6c7f62ecf88,05207,rio de janeiro,RJ
767f509578dc340b4051391c9ac1ad69,08dfaaf8b9efaad6000cd21a65a7ba30,14238,porto alegre,RS
9fdf4b1b5e05b8b14e45a736bab4eb77,042c65ad9883e9b148d3d2cefba3091f,30871,curitiba,PR
25807a2c9d6ba3b5cda898b5edf6cca4,e3ec4f6afe503fdc2294fa0a84820c08,84810,porto alegre,RS
c9f99d37b1f20ebf7d76c495710fc415,fc0145e14ce2afa201ae7eb14d457ea5,40117,belo horizonte,MG
e939f79018177e4a5415668e4f75c3d1,fc0145e14ce2afa201ae7eb14d457ea5,40117,belo horizonte,MG
9ce85b7d0761dc0c5e99c56809c70e3d,fc0145e14ce2afa201ae7eb14d457ea5,40117,belo horizonte,MG
4688d6120b64e782718296af2c2e8ba0,509d97cddb107e7f36fea0b438cd9122,43487,belo horizonte,MG
dd558095e6c75732f151ff15a46ee99e,f17f3f92d26aa790c5828939058e389e,80818,porto alegre,RS
35edff389197107c89b702ed27dc3b65,eb4aede646a52064d284b528b0916fb7,45118,sao paulo,SP
e729b06fa5db8ca35630202155afb783,92174fb08e6b308582e2b02d8dbcde5a,04278,belo horizonte,MG
831fd30229fd9b08074f645997d3d50e,18233383279b637c9255273fed0940f7,42347,curitiba,PR
583f097d28c9d68c7a3338e001440fa3,27f6a2ac5b0c417075dacbbe09a9161a,82070,belo horizonte,MG
d2bfbc31805f6a69570078c15cbe693e,e3be7ca05df924fb43d643ed236eb832,70352,belo horizonte,MG
ce9205aecdb5782a678b941fdcca9a71,4199322e3ba581263ff69f4195082801,67237,salvador,BA
ef263a84f2bd509b564d36b601c7ea8b,920b725b178718104ce09ecbcfa28fb8,43487,florianopolis,SC
bb5e14d65b745fdd1c9746949884f76d,920b725b178718104ce09ecbcfa28fb8,43487,florianopolis,SC
61c50cc819e32dbee1cd2b70cffe7547,920b725b178718104ce09ecbcfa28fb8,43487,florianopolis,SC
660f475f9ac88b740bb5c276abe377f3,920b725b178718104ce09ecbcfa28fb8,43487,florianopolis,SC
71c316bed297cb6658ab766f51d41c6a,37a9f824eafa4d5b91ae3d4c66592d83,07175,sao paulo,SP
3c168418fd5baf207da23e1bbe7a3168,531f04afb93c92d513c37b5dbbf8da91,08331,sao paulo,SP
4949ded776c31071c1bf7df87ead63bc,7cffae922c4356677b874b4acafbc4fe,49520,florianopolis,SC
a02072d991be0c2a2a9d0c6a3ffc1e13,b3edd6edb0894de4e6267164d3616b3a,90733,sao paulo,SP
9aa03078cdbe6de61c74cdfda4316e6c,1869c755e85c1ec9d1cbc0929383f86d,83397,belo horizonte,MG
a117b86482f59390ed696cb3b774b61d,09912f464ce6928ba46acc9a98611260,80818,sao paulo,SP
23d86a4fc2e60c0509268f85982c7129,61ad018a93875413ceef7261bb1502ea,95098,curitiba,PR
ff018ec6dec78f9ebed6491482330e6e,ebffc53f0e50f355c7b611cd1417182a,98196,curitiba,PR
031f9724e80368e2a37dafcae9a6df13,e13a14ca5911f42e559a8f54c559cd0f,84227,recife,PE
8d4e46c5440910e29bf072e7fab87bb6,ee249b726aa12abd6f2e92b9d13032db,11328,recife,PE
b850b4401c8cd498e7ad595bdc739cbc,c5384872deaa543e1edbbe71de2a2ddf,37434,sao paulo,SP
2dc5852129c2f1f97eebf53978731a4e,d97766bea71c8948bf67de423a0a2b59,35718,sao paulo,SP
a99f8c039c310930286ef693da341653,d97766bea71c8948bf67de423a0a2b59,35718,sao paulo,SP
d5221c404b77cf1c418495a4b777dcb9,a2466cd702ed5d15edbc36d89a307096,37048,porto alegre,RS
46aaf71457baa888a3beb4450e5d8626,0ddb545b61eaaa65a1d770eac704e80e,70352,florianopolis,SC
75f73b073a4962d177e43d33523e901f,51beba8e0a8aeb94863dfcd64e0648d0,15662,recife,PE
90b7f26f135769cbbc03daa7112e1621,51beba8e0a8aeb94863dfcd64e0648d0,15662,recife,PE
932204fb66c67afa057ff1dfe3af8541,51beba8e0a8aeb94863dfcd64e0648d0,15662,recife,PE
dedcc2ff53d47caf11bb797af464a31f,53ab3cce264ae04f909e21ba8a38d5aa,41306,belo horizonte,MG
fc32edb435d8053130e423e16a45d1e9,53ab3cce264ae04f909e21ba8a38d5aa,41306,belo horizonte,MG
908844002d675be33fbe5756d8f02d41,2737f345388629ffb2a0f778809d6444,27071,salvador,BA
a0147ab96755e34c4e5a4392343e623f,2737f345388629ffb2a0f778809d6444,27071,salvador,BA
9a6ff965db5ed35a2268645f70bf1783,2737f345388629ffb2a0f778809d6444,27071,salvador,BA
973da9cbab196705764f6842f9553aad,ff5376a4bb48bbbaac735be00ceeddc2,13676,curitiba,PR
8bbec11943472a289f0e570b74047ec7,c0ba22a47213e7ccf89617fa6493f5ef,48052,florianopolis,SC
fbfbd9f98da4f9166fa8736973db49d0,170fad328135f15a9343e6ea985a9548,50823,belo horizonte,MG
f4836de8f1337e7d8a73483e26ecd1dc,c94f6ed34a2f38766e93561538da9a90,27062,belo horizonte,MG
1f9bd2b466c4ce9be483f4f123f3e5c5,560f1e2d21d7243225e4240364f2502e,10358,rio de janeiro,RJ
95c127e66d0879b4776e3a29a07c68c2,beccf7609249ee3a79d19c4e1521ad35,89696,florianopolis,SC
1b98a0e39a068a930ac7256b61f13c8c,4336ffe5663166a78c53b74c0c9fa6e6,21033,florianopolis,SC
cd4901c969824369ebb102534ad2a7ba,6f3acf3380777ac56605de3c15c7bc83,50797,sao paulo,SP
17269541b8d11a8fea07219819eead26,c31496ea2160446eb2a7a475c6196773,73512,porto alegre,RS
5a929d27886766415714fc0bb7447158,32b73d808f2e08d37b1dbca32286e3f8,04478,florianopolis,SC
698e098131369512916e1089ff9558a3,9242ba54a6f9c0e165339cf07ce4770e,09675,florianopolis,SC
b7b24f20592cfe25b858e2033a52b383,ff408dcc9db1f7f98fa8ae3432339053,29746,salvador,BA
2223ab94f157f169c3ad6ffdb4479e70,3e085cb73f09f7a686351a54bc54b8c1,27071,sao paulo,SP
181af69a16cfa21154f0327b1e978ef7,6e18c9b3c6da85f144296ca21257429e,50797,sao paulo,SP
fb6503ea0f9733429b2d43a3e119e331,6e18c9b3c6da85f144296ca21257429e,50797,sao paulo,SP
07c478ba71f27f0fd1a9af91d079fe4e,9375ee61ec94503eaf4afcdd52cb1ae0,09675,belo horizonte,MG
eaa6fc450f01fe855bbaf3ac0aa5aaf2,69e08370abf7a5d01ccec1ef16efacdf,83397,recife,PE
6388f6dc9c12e3c97bee45828fae46a9,30c3ef8a592ab43d5d822e3a6c6d282b,30256,recife,PE
2f8a637df330dc59750d456e19412cae,a7c8f0c59808552c5832c8de521be8c2,13156,salvador,BA
9f2be8ba3f05344c9947c98a24447277,2b54500d4e089bb4c509d55806326b36,33087,florianopolis,SC
bd76bb2ff1896bad2ad88bca53cf14e1,d25355159dc0a8b55987038afcd6c18e,19301,rio de janeiro,RJ
a9b24a990a8260b6c4e57a9298d516b9,9f88dda37134ae6ecd840a47fd7b1279,96568,recife,PE
293db7fa8e8ded4549adb07b874f7c5c,ec993c800b7d185670c2360025545c1a,09675,rio de janeiro,RJ
e9058f29731da6ec63032bd49db564b5,af73b3cf331e91f23bc5f97fd173b70b,85259,florianopolis,SC
75e8abfe6af01106e23509a86bcfdfa4,ba7e1b86c1fad75327ef0a4b5fb2b838,95466,salvador,BA
c64ab8bff4aae84ad5382419e798d9bf,ba7e1b86c1fad75327ef0a4b5fb2b838,95466,salvador,BA
eb9060cb02381c49057eccfa15f3b747,bd5538c71cc464ed15f7ef61da4ec04c,65042,sao paulo,SP
22b6995e0a14b309c173d1d918d98279,9efa0407f2edcab03e3869e20df63417,48400,rio de janeiro,RJ
31286dc840b1fb20d9ebb4955d7ecb5f,d51b1974de668dd025ce2a21ed3e2846,33325,sao paulo,SP
ac01e53db1fe69b80936312c636dfeba,57e0a1f10384066149a5baebd1f44c8d,61589,porto alegre,RS
165effd1c76476513ca872f2cd2c4a30,4e1c37621c7cb6edcde55848b19c905e,33087,rio de janeiro,RJ
dc63df5edd712dc59780fe9bad18c723,54f5df7005d2d205789fed9673373c2f,13676,recife,PE
aefbe3b3f7d7f5c0e3fb7b87a7a3bc7a,363d75f189bab9c8bd717da33581a632,85939,porto alegre,RS
2ba95b909654a5e43a65860330b6857a,c017466e85f4c0a28be27516342c5348,19301,salvador,BA
32a02b53565a4a4245590d60265fd5c1,9f7fae0c7ba79d058c7e29044237692a,74563,sao paulo,SP
4ed9974ff4f48fdc0351d8007d91dbcc,9f7fae0c7ba79d058c7e29044237692a,74563,sao paulo,SP
b2c5b9b954c06524cb37a85d93c4ad32,b1f02ea8242f5829fe07832abadc4599,85259,curitiba,PR
c71b3b67d907a3145d20d8de24a11c7f,60694b6d04b51c12ab132032b2e19f66,36382,porto alegre,RS
4bcd6e4d24e117163449131842d01a0b,86dc4e34a9dcfe52e7f2418a953fcfd4,22417,florianopolis,SC
a575c5c76f2ba37ea0fef51e0684e438,0f635f4a2b9a118e4165964c0b21a308,21926,salvador,BA
6a961ac0865162a60fe917808b8c6b6e,b24f92b9ca0841de3360d11548b51c88,01074,rio de janeiro,RJ
5971116a01d4bcf67dd0a74b952e653e,7707ac0e0d96feb34572b3859e32f085,35671,sao paulo,SP
34a11999dfcdd21aeede901cbe2904f8,110c8d920222305df1f71605a79e3626,92924,sao paulo,SP
cb8553f6490c344298c3fa3d8f928bca,a9b92a1d457498caa90e319d637e3f94,01074,belo horizonte,MG
244f802b4d53280e1ebd55b6e60584a2,a9b92a1d457498caa90e319d637e3f94,01074,belo horizonte,MG
93a69684036599fcf91070e02cce4cce,a9b92a1d457498caa90e319d637e3f94,01074,belo horizonte,MG
d21a537574cd4a415e072fb29919be91,a9b92a1d457498caa90e319d637e3f94,01074,belo horizonte,MG
fb932692dc160e3deb159f5b81a05782,5c375254a8fc5690e9b1c4a1da221b85,95098,belo horizonte,MG
648e85ebd1c1a2dba82a113285eb4279,4ae0fd7a04e251321b9ec5f9dd419a67,21032,salvador,BA
ae34097ac6ac61e7d3e14d832f8af5db,62f32faea63fcf12e226a768de0e9c53,19289,curitiba,PR
59debc39e171582b9ec78199964dce39,822fb2f06175a257fad3b44c3b2dddc9,15662,rio de janeiro,RJ
90a71d24b2772e3146556f9a7692f681,e76428c4197fa0fdb5ae2a56fa033d6c,28653,rio de janeiro,RJ
dd95b4d7570edab239323a072ec3f8e0,98dbf732dde4d1947c12d19850c1b8f7,15662,florianopolis,SC
3e447305eb55920d81d231cb66bd5d42,32e97c2d2fb90ccf168885c288145bde,79907,curitiba,PR
02447c1087d01cf295e81a3944113459,8f8937fa753e9662f77fa3a7802aa6eb,98196,rio de janeiro,RJ
0f46bb1168094564433121ffd3f63623,0a2d36a605804493b6646199ed25459e,01074,florianopolis,SC
76e9efdc47e4b3f364ad2b394702fe75,4e0fbae18787c3f4ec19e4eb3f551740,48576,belo horizonte,MG
ed441085502426c63a53de538375e8f9,be9063fb64b5d9a57d6c3d2a5564d1d3,07006,curitiba,PR
565e040dd4946414a22966c4ca39d65a,af2f077358c6915804b40ac928317f0d,14238,porto alegre,RS
a0cbfeca6d7e39bcfb48ac140d0de136,4d654036a00f230b5afa0fb35a16f9d9,35438,florianopolis,SC
4448cbb9c07126f39213f6439a898be7,fa84bb5ffa6e3743fef97d573c77ea4a,83397,porto alegre,RS
6f68d3b34ef97a7dabd13f1a3d201440,0fdfde19cfd835fc469ff56280520405,17361,curitiba,PR
3faf1b34462e27af67b4c8975a6f9b6b,631d9c8be0f0fe7941f74651a033edad,29785,porto alegre,RS
cf6579ec87eb754a995ef5bd84653d5f,fd88565ad09a934bfffcd743e3f16406,45118,porto alegre,RS
3204c06df61a84b9cec74f48046606f6,f2f94b2c8e10814ff1b2f143078b13a9,52856,florianopolis,SC
c87d01c292e8c8b15e003828d5935e79,577f4c1626d658fb39bfc9b647bac8aa,45597,belo horizonte,MG
d789c6245e14901bfea59d94998c603a,23238416a82cae186491982be5ad481d,59878,sao paulo,SP
2162d1b7769ac8923466b8f9e1e3e199,854dc3bf61d85365bada0c941679bbe0,74000,recife,PE
37fc511b826f081a0651a8970f54c086,df695d179cc96aedad9112c5f5ea4128,27062,belo horizonte,MG
17db46133242f61cea3d19b2c3198f41,6ad65b8c3a38b844afbffde4a0226155,09675,curitiba,PR
2a6504e1fb2fbe8cea46391177e2f124,6d2ccf42271a919f92a97acd3d884938,10116,recife,PE
393f80798e15673425e17dadd2f62f9d,9af97493e8e46b314ff85111f8751fd4,51432,curitiba,PR
7dea9676ff6fb946e10d14907c8c9267,21bbd1838acfd4d672fcc072544c0132,96568,rio de janeiro,RJ
78a118df0088ca760d25c8d0fde90c2d,21bbd1838acfd4d672fcc072544c0132,96568,rio de janeiro,RJ
48d160c69cdc546cd4f0fd631259d654,21bbd1838acfd4d672fcc072544c0132,96568,rio de janeiro,RJ
263a484e2048ba6e72ec6f04ff8bb891,94be6d9f2379c05fa708728034ee0b67,56302,rio de janeiro,RJ
becac08c53b04133d0d709562205f294,33ca9a6bccd3af7caf1dcfb88a962a11,86909,florianopolis,SC
d306e664c5857b6b7b98ac6e1ac6e2bf,b043a39a4f1a84cb235b275bdcd28b97,90593,salvador,BA
9744ceb0d5b5984b50af9b53ec4f9838,e8d91a2086181db2e60d7a94b483d162,08331,recife,PE
8d676a99a94a356788ba1f6f36a25607,e8b45c6afee543b36e18b184229fe85b,03552,sao paulo,SP
118f1972a396fc578c76560fb109e971,a7fecdcd2528b516c521ff2ef9cc83ed,65042,curitiba,PR
85a7797f290c07eb5793f1952553ff33,2875d40aeac7dc2e9099a283eedb0ce5,02504,rio de janeiro,RJ
0abe31afe664780332f9130d5e6e5122,88702ae78eadda9a115c42cd51476e86,28869,florianopolis,SC
f6cdd0d1aa31e22b4cda3e1cf0657d73,2f237c4d1e4ea133b82d40def2d78d53,50823,sao paulo,SP
4c15b7ec8bcae422b0c37157decc0209,2540fbfee12ff6cdd6eaf269514e1353,65686,rio de janeiro,RJ
206ce216b54a126dba8f459237ea3bed,51958000c3f38c8c078c3875ba21e269,13676,rio de janeiro,RJ
005f33377f67c68a9af20d53a5f97430,f610f40d69fe890ff90fb6e4e15052f3,48400,rio de janeiro,RJ
25a0f9e224f6548d7273799834d244cd,bee047627168bdec4da838b76947cbac,98196,florianopolis,SC
e19d4f0a1c44413569d4de06342ed9b4,a3086e48e4e5b5b0d25ad576ef0b743e,56302,recife,PE
413b4e2085a3a4735eeefb7fb8a35c0c,26e6a84a46178161bd03d33beee9795e,35438,belo horizonte,MG
c3a02289b88ba4454e6c2baebb8cea35,26e6a84a46178161bd03d33beee9795e,35438,belo horizonte,MG
6925f2d53b36c46e2312271fe55b5c65,26e6a84a46178161bd03d33beee9795e,35438,belo horizonte,MG
992bba0eca857fe44014c0f8ce2fbaf4,26e6a84a46178161bd03d33beee9795e,35438,belo horizonte,MG
bccb296d3bf5d00a282e25e3d2832c0d,21acfdb51b555f6d301c6abfc7739d46,33098,curitiba,PR
2cd313178874a1c508fe3f405fe19173,21acfdb51b555f6d301c6abfc7739d46,33098,curitiba,PR
f42050e83730bf79913a27afa9179e02,21acfdb51b555f6d301c6abfc7739d46,33098,curitiba,PR
89fd911f2e06e33a8498a96b0d8660ca,21acfdb51b555f6d301c6abfc7739d46,33098,curitiba,PR
148529498bf640eaa244496ab88e33d1,fc6795e2c32fc21b06b4ed272f4b8be8,90166,recife,PE
1d7af727ac13e4e8610918c950168bd5,9b08e5a844511ba09df034d39caad37c,78397,sao paulo,SP
576bd523a2fcab345868ffda60bdc662,98ab182c3b1d01819cc3c1f59129bc75,72482,sao paulo,SP
a2e0f358c7533bff9fd88e61c5b9cf38,06ad7920aff7ff5d3b1d12cf3b705092,43504,recife,PE
ad8b0dd99e7badb8666bd0eeb2574bf7,c7a2b171b02a06ee145880635bf88d1d,82070,belo horizonte,MG
b89b97223aa4ecd7c9e58ebc673d4de0,d89c83f68098580d225380407a029a6d,79504,curitiba,PR
b27b14fdd4edc9d89c2f33817736fb28,d89c83f68098580d225380407a029a6d,79504,curitiba,PR
32d8aff9f9c048829b40bb900c5f606f,d89c83f68098580d225380407a029a6d,79504,curitiba,PR
bab0dbe0438e1bb97f527025b3ed3b04,a64a1fe8b646e2b17800e27a9ace63cc,22417,salvador,BA
f10cb4f0285d9795b9138441d0a05417,633098edda2527952f1915165fbbcda5,79504,florianopolis,SC
f058291104999aebd8b6a5b0c7c22f1b,29ede760233408ba794e08387dcf60fd,74563,rio de janeiro,RJ
c3575ff16caa4c8d7c3aaa22d8f148fb,68994c840840323439ed0800317979f9,36093,rio de janeiro,RJ
9b0dfaab049f32c7b1a7d537b0ec7074,ece9504b03d7f962f80443eec3b8d179,12395,rio de janeiro,RJ
05722bc54b5e4a401a5a897790ba1d38,38f9500169bd40d8f3402dd3451575b9,71381,porto alegre,RS
f16a83488fc8ed534f3b81d63745abe5,33ece6b1fcfd8547abdce0dabe0bbddd,99419,recife,PE
cdf94cb58c9bcaa607aa240c57620a6f,33ece6b1fcfd8547abdce0dabe0bbddd,99419,recife,PE
445d3231c6f7cc83312997afd7e305d5,2d54ff2b10ee4f77345e2eafc1fda581,22319,salvador,BA
a5f604d79cb076a20e551d71871eb65c,7074feb3fc5217ccf4672866ed56a2a0,30256,sao paulo,SP
6961a383dceea2ebc351c35967396010,b017c5337d6ce5c39df79a27ddfc2a92,78397,recife,PE
3cebcc1d6c019c07c016215d3807ef3a,e338e5797521aa18dde4f5c1532c5c01,21379,sao paulo,SP
ae9abf143473b11a73a524c13c8bc189,c6b6020a67a559366d744a0b3f2d39c8,53581,curitiba,PR
dfee84b13b4c0646d38a9b74ddd86b0e,c6b6020a67a559366d744a0b3f2d39c8,53581,curitiba,PR
8a661d776049315b00938d5ec3b8a22b,d3073198bc3eb4029ba14c350ab5207f,29785,belo horizonte,MG
49ef10888ab72eb99be4e2ac9f999133,64e70f9a501a0ccfb85f164b61603399,89696,curitiba,PR
cf6d28c3f661cfdb7537fb1681edceb3,64e70f9a501a0ccfb85f164b61603399,89696,curitiba,PR
8abefd88626cea127e129751883e153f,64e70f9a501a0ccfb85f164b61603399,89696,curitiba,PR
c16cd93f5c405fa3de2752bae50c27d4,64e70f9a501a0ccfb85f164b61603399,89696,curitiba,PR
ca1ef8d944edbacfd8c42832937838f9,926a4bd0be125f8ff06b6c129c8b9550,90353,belo horizonte,MG
06919b1d5da558735e85f3646426f2e5,a43262b38675820e8941bdd39803a82e,71644,rio de janeiro,RJ
1604c33209a61674cb1fa32544e5f394,09dbebb5c9739495b440b852e033500e,80131,salvador,BA
2d6527a15a968960c6bdce4309025afd,74f76d09739cafa51bfc270c85494255,99419,rio de janeiro,RJ
dcd2dfd44c745676478fcedd71341dec,e0b62f900adbc4ffe0b55615d3b6ef1b,28460,florianopolis,SC
a5b813c29619cf443ac5524fa3a051e8,89b1cad184c9b2763ee79d31feef21f8,89696,belo horizonte,MG
70e98f08c9f09bd6a32785f7e61c4368,0a0c64e5bc341b4ffbdc532e6546c66d,35522,porto alegre,RS
aa47bfc8164ba766b4c7573a84c84c23,c3e1847c8420e0d8632c817e8ec57d47,30256,belo horizonte,MG
1035ddda2cf0c77d7801792ba53a43d6,309a083a0c9ea060f66c7331a1722ee3,65686,belo horizonte,MG
f08fecf78e525adc51f8deb6340407f4,e267e12b65e5f13f70869a454a8abb17,71010,porto alegre,RS
7d861a5536d83fad1ccda878b800f540,4931b2d4d3def87cc60fb2524df742ae,48400,recife,PE
b8d7e825bd6f6707b17d64df35e8f24a,4b5f174b6c267b562a9edda7761ad914,71644,recife,PE
de1a8a8eedb49f8de606b32f920d5830,b0a0c1cd0df6c527eb45bc389cf65e33,85939,belo horizonte,MG
23bf1f71a901bdb8c0ae50f37770014d,76ad1c332469d0c2e757499784581f73,37421,rio de janeiro,RJ
2dc84e80a90bdc3a036ec6cb8941069b,172720fa73a27c7ba566e884d473e687,53581,florianopolis,SC
a7b85447bc6965e7bdfb0e2fcf7a9bd5,2e057f791cf8d03f802b1bf4b8ff615c,71010,salvador,BA
7ab417d62975cef79d3f904a5ca0678b,e4f2ae4cf016716b95dfe6cbc75aec94,19726,sao paulo,SP
a3cc77c1c4b6ae47ea0970c6907e5f2d,64a0053f22a375568be15610b2348948,37048,salvador,BA
660d29927307039f19b251ca3ad782dc,0660a3e9736d417c52ce55e369df05c7,96647,sao paulo,SP
4cdc4dcd7df5e219468a4cd3f431f8f1,e588b999971eea3974246baa2dcafc82,72482,curitiba,PR
1067308a95cc34cd5a6d86ba1434faeb,e1eeb1f133b1d0dce552d0a8b66f3507,36093,florianopolis,SC
b249c3c8a18e1a64b51f34b7dba0aa70,52f69081400564b8171603b174661e6f,67784,rio de janeiro,RJ
d04c5e8e1eca88d3af665d67706370c4,b622e18ee83bcc84a6091ad0b11464aa,05165,porto alegre,RS
a90ae1cdf4ac51f0fcf086c5d91e7e1a,bbb71494b7e767d429fb832ccbe68571,04905,curitiba,PR
f667a91a71c7ebf1f9dbe07e15604ec8,b4cb46131d39e9c217584f231fa09802,41306,recife,PE
426ea2f90693d01acfd6bb310fcc8520,15d6a6585ce9dbbca25291f3730bc657,09675,sao paulo,SP
6460f660c08d551fb9e89990769eb31c,15d6a6585ce9dbbca25291f3730bc657,09675,sao paulo,SP
ce08215adbe6fc7fcc40d3a594bea0bd,15d6a6585ce9dbbca25291f3730bc657,09675,sao paulo,SP
00167fac2003c81e8bf54fa88ae91f31,ba14675762538cdfb5103e9c8618e40d,84227,porto alegre,RS
a3dd65b3998549bcfcb4ee27c167dc84,9cb0c90c82fc9294f9a62522ca835709,92924,porto alegre,RS
df7facac0814b225a67920905160d305,8ce377d760f1152828ef2f46f323123e,10116,rio de janeiro,RJ
c98afa081ac62a63feca6f41d908d319,2bbf1e35c4acb57d0b3d6dc9616f760a,28653,curitiba,PR
995f2694b8edffe82280229d9d1b40f5,df0ddef190c40e4555cf37bae98965f2,22319,sao paulo,SP
01f735177c4a42db610506680e49a743,2980f6ff266c47fbdcd81a8ba8d6faf6,93349,salvador,BA
c8009f5e3139c12d3881efd7f6fa5eb6,c4e775b92dca365a2504fd28de6ae459,19289,recife,PE
7a761f37e1a06de2f6de974a6d9d5598,4edd2a2a6b69b4ae0d22af35b648be8a,56392,curitiba,PR
20baeb3f8f0f7109fddbeb807e99cb58,f601e005c4c4f69fbaebe15d4f3c9771,85259,florianopolis,SC
b1d8ea698eb7cd02abf7c0281f978761,2e421840a05f36c849ed856e723dfacd,10116,belo horizonte,MG
65ecc39cc6079cb1e6b31a27703a382b,f5defeba21aea39be606d7c21e18046d,50009,recife,PE
fa96a00dcaf6a7d4fe8c686a9bdf9c67,c3f0fac39f601d1700e7882433ee16e7,40117,porto alegre,RS
881fea11d36b06cd0db1565d6d70799e,7f6485de75699aef03200c4e40cbe188,21730,salvador,BA
7b3299df50833557fc3b8f4dfe42db8f,ceb557ac8b22e4457fa70485dafc3805,09326,belo horizonte,MG
ddef6430845f6d5d2c22919cfbc07564,7e53d702e1f8d1929ba4d5a60178de26,84886,belo horizonte,MG
e5d25bc33c3826aab97938acead22702,a8d3110e96bfae6e37850b5c3ce5988c,50735,rio de janeiro,RJ
47691dcbd0c9dfc1d13f24955ebc23bf,711ebe6f68ffae177428349179c842cb,01074,florianopolis,SC
ea9326f6ec221123d164d6519d36dea0,01aec50599a04abb99e954331453e17e,75341,salvador,BA
a2a1a620e5d0111f852146cd8e300e9c,01aec50599a04abb99e954331453e17e,75341,salvador,BA
8da4ced11423040dfa4fa66c4d7f6dfb,473268c98c1e9464e1d5c0dc3ea585a9,16014,belo horizonte,MG
29a7f0412d519614442a584a6f8cd15f,d1f379b18ebb8208a0ee404f9ea8fcb1,38930,rio de janeiro,RJ
75987f100d86ff36f35d164d466d8ac1,2f51ac6e0c85f1543527bceed343bf88,74000,porto alegre,RS
f2e3fdc9c0c86a82b2b11b81a4380f8a,59595d27a73d27460e18ab9625f41dd6,05165,sao paulo,SP
e7f2f49d41a51d1f7bdeb381f4fcb6bc,084d7822da948e70253741e409668d08,53581,salvador,BA
ce05a28133c25e627960e810fa372989,9a70ea8ad6881d3e93fde248aac04912,21032,rio de janeiro,RJ
9699e962319a009f72a353696de46fed,1673aefbeb9e54e054c3b22e4c66aa4d,87673,florianopolis,SC
c4024764e6fe01cc5553931aefd9d09a,fe656dcc6abdb05a1be00f8e0c8d51d2,27071,sao paulo,SP
700f8e852ea756a8229ea406aab76dd1,48cd29c5ac0e1f71294d43ed2da1afda,67237,belo horizonte,MG
76b4c117210f0001d832c73230f699cd,b3292925b107094ea9325ae19c7060da,33325,rio de janeiro,RJ
0bb34c1425818b225728e2b6912c4ca9,8fead84ec98cfd4892811c92984fe323,43487,porto alegre,RS
f692f963b2ea685094bfe6604e879c62,bfd467e77491050cf75efed82d6b5953,71284,porto alegre,RS
18623b8cdb23915e54be61704ec66d97,092cd030ee7576375c3552b394372280,21969,belo horizonte,MG
2bc6206b167544272fa227c3dc5714da,52a473f94c9e903ac4bd338e17d71fc0,35993,recife,PE
d783b9d05820ea4fcd185ea51740e77b,52a473f94c9e903ac4bd338e17d71fc0,35993,recife,PE
8cdc67155512a5075f15ee3f891887a7,52a473f94c9e903ac4bd338e17d71fc0,35993,recife,PE
1891c896a848849e0dacf645ddc16c3a,d1fcdedd61022b56e5c482ff5e5a90c1,35438,curitiba,PR
b37b574e323f9bb2b5e5f62a9a39bc36,d7e323cf6d651847c229411611529a73,05165,florianopolis,SC
00bd204e32714f016557ecee40e3200c,788773ed4af715b7109efb408cebac57,08331,salvador,BA
0a76e4049bada6c6dd7d08c960cc7abd,dc0228afb1d294571f3cea1d227197ca,95329,rio de janeiro,RJ
ee0b683a64dd4384b34f21ca3bdec3f4,69ec09d586eced995447029046404b2a,84886,recife,PE
d8b4d672212552fa3094f25674202299,69ec09d586eced995447029046404b2a,84886,recife,PE
d216d058e84dfaa44fa6897eb96f5266,69ec09d586eced995447029046404b2a,84886,recife,PE
445f1ad1b8012d83faea50545fb56c40,35845d71b221e1c535b86d0a864f36dd,71010,recife,PE
20608b8d47c57d53e7ebff3f35683bea,92451cc41bfb3b3d0ee52f639caf8df1,27071,florianopolis,SC
d04a8ff9eee14ab31f5ec4d26282a4d5,87690baaa104bdcefab6ad91bacf7cfc,84748,rio de janeiro,RJ
ea88d27d17a6171172569d7c8c8a22f6,b95cec2d7bd1565516718639fcb86f9e,55987,rio de janeiro,RJ
ae957e1c667a63706e12d25593ca3df0,c9c67b51ef13864b9ad2bb72b04ba584,28653,recife,PE
f2034fe7d8c024a9a99e0f9b768eaf58,6d53628b49851b79b4f136fcfc7cbe71,05165,curitiba,PR
f76361e65f9f9701b819544a20b8d865,42791490510564f9d90949aa9bdd3d7a,13676,recife,PE
8d1d37a30c884f7be84b3c5517759710,9f8ceda5feb9ea24933c8d0086800a0b,10358,sao paulo,SP
3347216c7a7d6d78670cada1c783870a,9d421bae2134e15bed56c7145a9621f5,82959,curitiba,PR
63bd916be674b2ca0c9f82ada7f57ee0,baabd9f2850b70737f13de679008cdc9,02504,salvador,BA
922731e93aaf618766384b25a9f9f36c,ced7cd177e14c5957f6bf62ca1c16b96,39469,sao paulo,SP
ce0ae1dd5b95ae5e7f2487bc8c102bc1,3b93a53f9c02040de237c8772e0e6673,22417,porto alegre,RS
e4a8844f7d94a6ce6d2616e22a3bb73f,318cd979fab0a15d4a5d6ceab565f64e,57155,recife,PE
a30e1e9794061f23c91f8d86b99eec19,7702beba0623ffbf1e42d2b800679b62,48052,sao paulo,SP
97d4798672a4bac6928888f64c38f15a,bccaba381e30614fcbf6aa23a01e31f5,57985,florianopolis,SC
293dffae876d9b132958d9ab1c30f3f5,9d84d303ccb03fc53513a238d91b1a04,04278,belo horizonte,MG
ed919b5591c33f136540ecd11f0e523d,0ba5605069fe99a96a25542effbd9cdd,26203,rio de janeiro,RJ
020ab8a8f7a379871a8645c4285e9704,ce58de208f7763e05982aa44557368cf,57155,curitiba,PR
910af69d3933c2ed9c6675cdb9398e8e,a3ff8fd202e460aa365bc763a3336ea8,60429,florianopolis,SC
53c70de6b21d856b426664cf306c4d84,412181a34818b004b0a4f5573381001f,14947,salvador,BA
acbf81d4b1720b65bdcfc42b8122a1db,412181a34818b004b0a4f5573381001f,14947,salvador,BA
2977fb6e29d295d60c03b6d6f27eec3b,412181a34818b004b0a4f5573381001f,14947,salvador,BA
bbeb914b115626bb70e39ecb77ec1430,4cdf697f4eca2e96115db44fca4a40bc,17361,porto alegre,RS
b77c32c24556a328377f35c1076f632f,c45c3fbb52ecac278ccc617e81b66951,93349,recife,PE
c96288559f4ef5d61b1a5a0669f6a8cb,55520712af92ef221d2467e20191d19d,85259,recife,PE
f278b48825be290abd4fb6fcb9866767,91a4d796b9720eec65637d1f57637902,48447,curitiba,PR
26ab406f9927d85c39bcae35eeba719d,d500c14707743c94f5c9f4599db1bd5e,35718,curitiba,PR
d5612a4ae7a3d3fee090c65f715c8f85,d5759337549c9eb931ab01582cf6073b,35671,curitiba,PR
ebd9216573cd3e912f5b46f7449c230d,7aa6d6eaac273009ec1a86d356830783,37421,salvador,BA
4bf1d7a8b9042b4e9f571ce3d3a085ec,091a5875cc18dd0e7978dc84ea89a979,86909,belo horizonte,MG
82e89b5e4bcb68bdbfca79d85f42cf6b,27c7655a7b434a7222c0c475a54976d0,56392,rio de janeiro,RJ
d4f7f15f3e9af4fb7afe378086403806,dd7f57d1e45def2675eb0e8fa090360d,13156,recife,PE
480a202f1cde5b69f8fb04f3cbbc04a3,7664704355c9bf0fe55b93ad8976b471,21379,curitiba,PR
325b7c88efadd4b5590bbfbc0160c1c4,ed83a4c869f8d3e4d06d3943c8b3815e,71697,belo horizonte,MG
3e7b15a3eefdf1cf6fa760a9c19bfe2a,85650e0bd5c97d5d0e5779ecbe1a070f,48447,florianopolis,SC
8212f5dfd961cea08a626b5cac4b7dbd,ad9e5c1eb997402490a014ab4ca1cabd,35671,porto alegre,RS
b1ddfdbb80cf9dc7eb10862175ecc919,04cabb38892fca698e2017e150c4cb4b,66435,recife,PE
abd14dd545d81a459a3336ee39385322,54eb8e20af7c7d2b93d054e43550b07e,71644,belo horizonte,MG
d9c175fd9e28984faf826da05a18f557,cbb86be0e355e636ea8b31f5ccae58fe,95329,recife,PE
d5f00f271e46c88e2bc030e4f7009428,2638d8bef83893a210f356765a853cd8,98912,florianopolis,SC
58fe79a18da72e1a1b21eb27feae0fb8,56d2b14d07faf6f7d73aae7b47cc3a66,51019,recife,PE
c2dc09c180ade83c0d41de2691c99644,88c62063a06303ca600fc79cfbce7087,09675,curitiba,PR
244a9ac860b9745909e2f56ef0a3be30,9b0e70ad922bda482a7cf9e9d7a7e7b1,74000,salvador,BA
f82dd1f514f32e9bd4977ff67d359603,1de987a2985e7e892ff8107a63ba9d86,73357,porto alegre,RS
8ddc5f0e523c0ed4acd3cc0bb65d95c2,4eeb87ffc064f074c847b130dd56030e,02504,salvador,BA
703863384c2d189b2422262ec5ba8420,b5b8135150830841db9a0eb7b48c531b,65042,salvador,BA
fafbb18e99d2f7f2eb1f283e856b1c79,1638613769f35b2d4580dac20818c965,04905,porto alegre,RS
5b3292fd1b7d405edd0cd4059084b6de,5f2019ea3cd61f5ee08644187f3ef59b,19726,sao paulo,SP
571cdfbf8dd9bb839877c24c8842955a,4d79132cf362d408d457530573b0220d,19289,sao paulo,SP
f208deed205cf4ec85181eb4c1157613,2ccda2af4d64bb63866cfb2b3754f16f,19301,salvador,BA
6cea8e8a34c3ab73ed0c082bcb7857a9,0992b886c8f216c15fcc997d1cbb304b,10116,salvador,BA
5ed2f65d0c07cdc393bc506c77cf865f,17b4e75be9d18ec233bcb8a9c71d4564,33098,belo horizonte,MG
202a9ced885afb35db8ee298f561f4c3,cc8ceba90662200c8188de48719b2dd6,83397,rio de janeiro,RJ
ea3e442f23cdec8466ed34e2c1ed3940,2771a42280038f26e7ab2ef77b8fd09a,24416,recife,PE
6494446a3f005dab4a490f80613c9847,7bc4d138ec7375985711d5fd30b1b67b,84227,salvador,BA
8910d70e55b2f82a3469b0dee442c26c,4f73ab1c860c7b68dfb68a5fbb8141f0,94850,recife,PE
696932ac9349c66a058815b3ed335d5f,c4fcbb8424aefbea53cc6b95c6895836,56333,porto alegre,RS
8d84067fce58e7fc6cc0e350f7c40cb2,fb764637d277ab64192703a7df2e37e7,07006,porto alegre,RS
6b4c2dacdf93b659a30ce666d36e7cca,fe22eba1ad3d581e84222f58f02254af,92924,salvador,BA
4f3fbe079dba68eab6ef2c437b939d83,095b81d6b97d76173487246c21f9c072,99419,rio de janeiro,RJ
d414763f8898010d1b9e2c8419848c74,dd643387b6b38fbc6338fb2975992b0a,66612,porto alegre,RS
77002b6656c65adb028dd02507fb3bdd,4f9c78bf010d583f1da76d6985b864d4,80131,florianopolis,SC
b5bef85bec0b6ca6dec16a3450f35bb4,d91ea7e6afe2a9400b458c23eeada90c,13676,rio de janeiro,RJ
a0216b00a43ccdd56bb0c8a02ec0f10a,55527a3c164a9b18df3334c698233b06,22417,sao paulo,SP
c1e81da9fe4d58c1679416cde17ee03a,1a64f27d0bcfd0fce3a1af9777852ddb,04478,belo horizonte,MG
15f3f9e12170ef5391378b3ed8abc155,bedcacb7a8b331a0c4246277854494ab,97530,recife,PE
330572452a9fb994ff747a8a10e00199,c22ca6a893daf60d05c144224ffebdfd,13676,belo horizonte,MG
3c2f5047d205bba826fb0b0ca0b5e6c3,35b8726ce462ff64a38bbaa44fe898d8,04478,florianopolis,SC
05e71b680cf832b30a66c2113eb4a3ee,495c7ac8314aabdd33579b275225374a,05207,recife,PE
52eddbdb341583df5ceecd7b11838d86,495c7ac8314aabdd33579b275225374a,05207,recife,PE
ebafc09826f712cc81ca7732b04fd83c,495c7ac8314aabdd33579b275225374a,05207,recife,PE
0227e56b04741ebc7455c604fee931f4,495c7ac8314aabdd33579b275225374a,05207,recife,PE
8fc23d2620b6a33c15d324dc0dc4aa10,c5d5601651b3ccf588433a3846d28109,10116,florianopolis,SC
3c20fe71426cd241261e5c4dd8687bc0,45ccaa931e1e5d91abcec90f70ecf41b,71697,porto alegre,RS
82b916867126c5378bb814ccda3069f5,1d4d46d6460d113d2851a8be2639e214,30871,rio de janeiro,RJ
6b55ae42b9def3484ea72fb30dbbd8ed,8f43a2509f795228f553056703e7dd21,22319,curitiba,PR
db6fca2700a53ee73fc38d4c76ae71ce,8ae3297e34e241421a35447583997ac5,80131,rio de janeiro,RJ
0780b3eedcfa02a93f4435c32fbdaf4f,4563abbe51883a268ca33a5459ae7302,15621,curitiba,PR
35b9298303617d89f038419a084d93a6,cdd3214cb4508610f17aa7a9243d116d,72482,rio de janeiro,RJ
0269b71bebd7fd915d5a43aade09b668,2bd8ad4d3eacdb2892f7199348843b5b,90353,recife,PE
ad45c94d33eadf2fe4cd46e12139298b,e46a0b429cfecbd84fb67094123cf911,98912,rio de janeiro,RJ
de3d8b14ab4c150a41c3c01da6bdaf11,0cfc64207192e4438a6342ca56b7979e,74579,sao paulo,SP
68151f14d6b6fb161d8d7b02bc5d618f,e73e2bc578822064076c108d214c87b1,21926,rio de janeiro,RJ
d065699a13189bf2cf3ab554cf32cd14,6233960a1b1e06c30ceaaf73aced4d55,60429,rio de janeiro,RJ
27ccc1ddfe5e36e2c4ca023342739de8,6454a82a6d2cdbf9160beed40dc5d42e,55987,curitiba,PR
04d40f6a622361eebbfe7e0e3a221851,e42aa836989b68c0b465c0272dd1d45b,71381,sao paulo,SP
d72d688212a94f75d24334394be7df76,b0ac0677d60f8680a124fdb297bedf31,11328,sao paulo,SP
d5b7bc6edc131f79114e16d5f2128a48,5b0a31ea9dc6d7837222534db3099e0d,95646,porto alegre,RS
aff32a6506809246c9c7eb4c58cb5de8,32b9c542d143e0a25513b74f4ffc1c54,41306,porto alegre,RS
670662f2dc3d7f9635c65a817a134ada,cf2e45efabbe274ac226ab53b680873b,77484,curitiba,PR
93be6e0f677643888d6fccd5d64f7187,ec3b9258f943375e141b9098889277fe,33087,rio de janeiro,RJ
7216006c31ab2c49ec817e3e666a7861,915aa3c07737cfb5c3b1927bc1785e77,43487,sao paulo,SP
e187ab6d28018e890f94e2f942968a4a,cd66d79dd017010817c95aaa21bd55eb,21033,sao paulo,SP
2bf0f535d2f5c7bc54c4c8baa5588005,18e63a5577e0ee02b2d7692aeb70bda9,53581,florianopolis,SC
2fa8e33b2a78ae7c0be4a2fb98535a5f,a4f89e23af39f2ce4f75d45a74a12a0d,57985,rio de janeiro,RJ
fd43754e39eb005abab90085e27e12e4,7875b1c777243aa3c438eae0b5d0b595,85939,sao paulo,SP
44fbb5b9c9e5a194f746682ad4e73adb,24caf1b8394a97fdf28bf8463b504fda,70514,porto alegre,RS
9f442e7b57869db072b91684e6d4f65e,420fbeef9defeab9e54ca6cadc70ce22,07006,rio de janeiro,RJ
a8eb963a2888ead997d4d81b92326c46,2ef03a1b645f273c5d0b042de9b14c76,75341,porto alegre,RS
20793a98f94c94589affbadc7754cdfc,54905f79aa4946f4ead1d758b319f18d,51432,recife,PE
6e145fa48ee58a98fc761e3696ede9e9,53238affe1e538a1dc5cd673c9ed66a6,96647,porto alegre,RS
a890f9a82015949c7b7510b565dcae7f,10bbc60d07bf63ee7ccd3dc0740a5bed,14396,sao paulo,SP
f21d96e7d9e07cbd1734295703411e59,7a88f16259f8068e1ce62a9f79af8348,48052,curitiba,PR
932e02cc159b61c3c2a04830bcc14124,484204d52bb9a661d88423547613ef44,37048,porto alegre,RS
b56e1e9637e851544808884b64137c20,931e1d4d9abc9859593edc83c497d0a8,78397,recife,PE
49a7102dd12f4227e661b18146a95d1a,67db09431a59c3eb8208fd42209ce4a5,84748,rio de janeiro,RJ
30544160908bb7f99d9121b29ea62325,1b63205fcbf85149b6da99cdd14b256c,09675,sao paulo,SP
6b0376f0230656d1c2d52a58d791aedd,1228130ba64272a28e5fd65f536c32d0,15662,salvador,BA
a2955303a5c5677fd8afa26c7d1d53ca,760272ba8862036f4d579d00cadcc10f,10116,florianopolis,SC
9be2c179bf1d8f89847ccb1dd1049948,3d13452669d75427972d5d57669be896,37434,rio de janeiro,RJ
70a5e979a5054cab7ba8f78b6577b891,28b58db58c4663083e6289819ef1a74f,05207,porto alegre,RS
4dff80fc34504da66a2a6ffe92989be4,10e94dce6241cba37b7ce7ccf950f7fa,98080,florianopolis,SC
0faa4b81d6c480da2fd35f1634b80226,b1ade82ad05cc78d354f184e57390b03,28653,sao paulo,SP
07bba5df2861536f4abc5d91965a18c5,faeebacdc8c8ccf96e5fbf719749d2b0,84320,curitiba,PR
c6991c22be146c81833bb2f3e9972938,579a7954c98e3f5b9134c0b76f73573b,21379,curitiba,PR
2454a9f6a87dd098b903b981ebc72f45,579a7954c98e3f5b9134c0b76f73573b,21379,curitiba,PR
2c81a5698cde59986a247a0cf2247b8d,579a7954c98e3f5b9134c0b76f73573b,21379,curitiba,PR
0878d2bd8eb64f1d03fb7a2221e70b58,579a7954c98e3f5b9134c0b76f73573b,21379,curitiba,PR
3706f04c5fba343ce07cdd5ca85a672c,2c4f54163c749c16b1b2b5f88b661d1f,15621,belo horizonte,MG
b32d742a1443c6c9c0ff8a488050c038,bd47288513f0e33fab6b3f08a9a0f4ef,80840,porto alegre,RS
876895c2f85c24c39ffb5fa9c684bb61,d635212d92fe00e8b63fa809ee4d0dec,61589,florianopolis,SC
9c3ad6fc6080252e5841b548e47d85ce,98986758979800c31d4443517c93cdc3,79172,florianopolis,SC
ddef5b92f291231885f430f20c81cf24,98986758979800c31d4443517c93cdc3,79172,florianopolis,SC
e6b0aca026fd8253524715af7ee6990b,98986758979800c31d4443517c93cdc3,79172,florianopolis,SC
9bcf41396d986e126d375f0dfe4aa003,98986758979800c31d4443517c93cdc3,79172,florianopolis,SC
4eaeba0bf07afab7cb9f82a53f76f3b0,18ffd8ad8e1a3a51534bfa8676812ad7,65042,curitiba,PR
75a9c71f35c0690e31811ada7bf9b984,4edb6dc82d19bd5271f9b0e2d2701a52,79172,rio de janeiro,RJ
124038bb9bb99a3cc1ce653ac7032c2d,9927839b11d1ce5067e2189bf4b4c704,52856,florianopolis,SC
9e80e9b9ccff0bdeb7e3602d45708ada,98ae0666d066ad21af7d7f211bd6b03d,74563,salvador,BA
290aa46ec4d99bd464c6a7c761f350e5,53d106cb61004ffed1e2b878c576c26d,19131,sao paulo,SP
e86b063d80cd9f52054a4d99d999e026,0fbd4c81a9008ecda51e01ad7e8a2078,48052,recife,PE
56a827e68db51d324692c57e89804b44,23900c1dd1291d1337b567b4172d2bd0,22417,rio de janeiro,RJ
4a0df4cc10431241c02edc3d719c6ba4,c146ed52e73bc91394ad345ae3239264,01425,belo horizonte,MG
64b3f1a90d44fa84d0069c8fed99b044,c1cfd878000c14a5cf51a203a2d999ba,36382,florianopolis,SC
3b3432755dddf5df98f2dd3eb23483ac,73f621a826330c43a92f85fe258fcafc,28869,salvador,BA
ecfc912a490a4abdb18848f948116cd7,9d96232d63d5e7504a9ff50e880061b6,49520,curitiba,PR
0317201f6140387d684b724db30c9f43,9d96232d63d5e7504a9ff50e880061b6,49520,curitiba,PR
171520b8f37d1ad9a282cd49b9d05e4e,34a63e76321735257279101c93f3503d,04905,recife,PE
c22b2c5a1477ba83bc3f394ceefed351,4cbb7460510c8c48e09ef2a3ae77e249,49520,recife,PE
0187d9d3db04954b3e8e6b6143ee94c2,adf792ffe9c7c13acb5a4d7791fda27f,61142,recife,PE
2fa088860a3813134252d29f4a022f07,adf792ffe9c7c13acb5a4d7791fda27f,61142,recife,PE
fdd7e12fb051411b405945b1180b3063,adf792ffe9c7c13acb5a4d7791fda27f,61142,recife,PE
714bfa37ed0d1578ea32df390ebd7e73,adf792ffe9c7c13acb5a4d7791fda27f,61142,recife,PE
60e23d573cf033eb0d6776255c8bac02,efca07aef17e4a71eb22ec1d4df6ff4f,28653,sao paulo,SP
d49584806e00d063ed0ad4fad783f6b5,ea452afdfb8a61ebb7c12a4c6f4a454f,01851,salvador,BA
50a37369e384bb3b9ec6cb21bd76b92b,952d986c16db8a18fd8398c35821b9f8,26203,florianopolis,SC
2eb534fa12bf7a23b3264e5e010ba241,82ab23a0fc8621109c8aa87202141a68,92988,porto alegre,RS
4a4581ffd90abc7ff8f7ccbe8bf19e1e,da3dc78020a77d78d8feb8de67797b58,19726,sao paulo,SP
2777607671dcb5e1eb1797eddbab2279,e6ace59a5e85643c0ffa23664b4fafaf,19131,porto alegre,RS
7247fae286161c8e62ec14eb0d63bcae,0037447f0d99c071f7c8435f8c83bc68,53581,curitiba,PR
517aa0e7d624b1813bbedecec6893b88,fa8bd601d21ce3158f5e248eb40f040e,48447,florianopolis,SC
8e241f2927219bbbfd72c77d562dbc19,483edd69dc7abd161c1530575bf774cf,35718,recife,PE
2b28700400476b2e6ea46c5ffb8b161e,6e84e8323c38c3f007fbb920dd9d2e4d,43487,sao paulo,SP
bce162246ce470afe63c112e8373c5c7,a00e0b6064eec4c19714fadcb3c4d030,71010,rio de janeiro,RJ
7b06583bd6b159816b8476fb75912faf,67f1c18b61fe800ab636cc4c5170ca8a,65686,florianopolis,SC
b99530cf75cd9559222e34e73c4e1724,361241be8b8ce7be6f689d6561ae3f21,08331,sao paulo,SP
865b587897e5ae8933d8ae7b505a14fc,239a046d79912c512c649adfa998c8e1,28653,florianopolis,SC
f5a0cc2427d26d0cdc7a85e605d9c4d3,d7e4527a6274d2408e301bcc302fa247,28653,florianopolis,SC
382d9e0c21c7d06f960d08d774660343,6acff20fd707cb6d5c3bd3b5ecaadafb,51019,sao paulo,SP
19a36ee837d02fb3e13e02b5e6179f06,df6b9b3fff59477849d93a08277e0fbc,22174,rio de janeiro,RJ
529cbc09cb1451d0a5eee681fa4f961d,02f865f8226001c62023fd4bab89736b,67542,rio de janeiro,RJ
4abb6f54832b36646d2562495b6ededf,02f865f8226001c62023fd4bab89736b,67542,rio de janeiro,RJ
1abdedcf3bc80f65706e3f71a99ca3da,02f865f8226001c62023fd4bab89736b,67542,rio de janeiro,RJ
cc0e8c1b6ecff11d954498b43f58282a,02f865f8226001c62023fd4bab89736b,67542,rio de janeiro,RJ
d5897d69a5417b631261d4df8d43830e,24dcea0704056d2ba5fcd671125df206,29657,rio de janeiro,RJ
6a65d16c304896aae4045f1e8ecdf68c,a86de2517c98756fe288109db8a9b014,19289,florianopolis,SC
6c626aa7f8d1aae8700e4b6db9a693ef,a86de2517c98756fe288109db8a9b014,19289,florianopolis,SC
23de69934ea2afafe1b5eaf46f2d0a1b,a86de2517c98756fe288109db8a9b014,19289,florianopolis,SC
06bd49c70b83e34e9b9c72a24c730d60,a86de2517c98756fe288109db8a9b014,19289,florianopolis,SC
d4576672948be5484adb6da17b7192b0,22c23308fd7ee75cf997f6976fcddf50,22174,rio de janeiro,RJ
7afd04ce8931a16ab25b9a6db91c3516,ce52309da46a07c22320de1615ac80e4,74579,sao paulo,SP
dd1d125f248dbf750096b4d6d67d81a6,e4c1d21074be4b20dc32f8a06a7580e2,12395,florianopolis,SC
2444524690feec1296bd2185bd10a6f2,ee28dccd9abbe46bb2051cecc9f7369f,22319,rio de janeiro,RJ
2e791bbb5d1604532c9f8912a4493a03,745330442e07336d9f8d367d6cfaf2dd,50615,rio de janeiro,RJ
742d5ae3c017367b6ff0a0203f5d49d9,d1f033748d5326916c936f698269041a,71697,sao paulo,SP
f5df792163dcb932e5b09143c3978273,39ca28265af56a23627ca9f773363302,35993,rio de janeiro,RJ
e9291608e09f3c1f33da2f194a2597ae,01e6ee9a9ac550236cbdd9312f900058,90353,salvador,BA
4bc8f4c925a953e189d49382bb110f4b,bb1d23a8d8c823b07f8736f193f3c702,30256,florianopolis,SC
8e518e4304e3abdcb62a0255e761cb19,44ed98e280714c8ab64e26cf3c9ba542,29746,florianopolis,SC
30f6151fd0e1c093eacb11a234826796,44ed98e280714c8ab64e26cf3c9ba542,29746,florianopolis,SC
3964ef488cfaeea8e395f2fcae92d5ea,44ed98e280714c8ab64e26cf3c9ba542,29746,florianopolis,SC
9037d21cd35594550babd139480ce69d,938bd3f88bd18d4bed3353fc692caaae,06695,curitiba,PR
ffcef7598b56abbcea7d934967798ac0,09b185d6fa6d81ee0890f5065df1bf6f,15371,florianopolis,SC
daef38021950555f7b057bd0c9863afd,5e5b2ad8b4732eb67bb775d491724023,61589,sao paulo,SP
dc352b5a4b688c40616cab197da8f7d7,f63471f87b45bd9c948c7eb41cf8570b,36093,recife,PE
487268035d003081a20c10722390f607,baed6f49245fd841147f0413b0c46ddc,98647,curitiba,PR
5c9379a6a745e323c2aafe29221deb4f,dbfe679afbcbd6ec86c2ad8fbb3607b0,42245,belo horizonte,MG
2406225c894ade1822b515247c616af7,478817ecc764032ec02627d1fbd1b0c0,90733,sao paulo,SP
09fccdac179ef85745de0e0b005476f5,478817ecc764032ec02627d1fbd1b0c0,90733,sao paulo,SP
fb04f2748e78646b7d47af43f4dd5978,478817ecc764032ec02627d1fbd1b0c0,90733,sao paulo,SP
828b6347a43d3cc615c2b8712cdf8e10,85fab5ea14072edb8456ce4f77061136,31512,belo horizonte,MG
927968e997a4acb55f40bbb9c8c47765,3ec77a8f16a46b839c2d9672e3d1803c,12915,salvador,BA
71b46d8e24d6bca4517f37196629a922,a9eaa9ffbddf2416a1731ed878f2961c,33087,recife,PE
4022e192e6a4ee0e240dffaebe734970,af1f798c13fd2d26ab310bfef5dd7f92,04278,curitiba,PR
c34cafdfff2af7ad3d39b5bb0fba257b,94628786cc502a898a08d40ea2395ad5,38930,belo horizonte,MG
238aa95499a93fad282f77e5f386fc84,e7515d4b0d829d529cf021b84ffffb59,37421,rio de janeiro,RJ
4d547b960b8f743d8007519f282a09a1,02c2b367c74d8df088f7f09757f2a45f,71284,rio de janeiro,RJ
b3341bf847e0bcacad50dfe2b7cb05a0,e7f339dc833de3ad743b9f717807c947,13676,salvador,BA
bd768a7dc8497cca034a0aab71a5e9e3,54de19cdbbdb453692ef63c1781f9d3f,14238,recife,PE
12fd66dba984af6c6822b2cd0e10d045,fa4e8355f5e8a7e15a589b676bc7b635,35973,salvador,BA
7f7ba12ae95f9710387dd8266a017abc,2ae1d0bc4a0990884b6c14e4cc585b60,90353,curitiba,PR
f6e5a7b1c1456f267a8f36a2f88cd2b0,98feb4f3ec40d95ab1eedf64090b23ed,61589,florianopolis,SC
2ede3ede7ce3da4524fdf258ce3413ea,c8f72c2dba1ad1604dd7962bbfda55c9,28653,porto alegre,RS
dbd6ed4a55741a55edc6722f88a934a1,a119ceee0fb9130742ac66dc904f0df7,78236,florianopolis,SC
32256d64c9947eba25b85a8e2fa0bdbd,a119ceee0fb9130742ac66dc904f0df7,78236,florianopolis,SC
71d857b8316ce5583e364321c6301690,a119ceee0fb9130742ac66dc904f0df7,78236,florianopolis,SC
0c8bf152d74c8860f2fb62c6d25b53f5,a119ceee0fb9130742ac66dc904f0df7,78236,florianopolis,SC
a3de937c55e7cbb3da10f64f023befcb,92a6f3e62b48c6e694010dfe79210c7c,71381,rio de janeiro,RJ
e64e2b2dc97e48285850a65279a6470c,4ab05699fd888cbda80494630d36f5e4,88841,curitiba,PR
4f6f727a7a311b7e379d2349a54e5073,06fd01e69fd33d40bcc4f0dbcf13cb3d,48052,rio de janeiro,RJ
1b50e4d617e9a4136f9934201a531cf9,20775ce4151f62f97c193e6f496cc03a,70352,porto alegre,RS
53c00a596c0703795907f268968b42cc,c8a4ae21d9f850e913ad3ead816ebf32,26203,salvador,BA
5749f77e83f3c616c9e7cab326d0e3c4,9da4ec0f21ee0f6c408669bb4721194b,96647,sao paulo,SP
74e8fa93a38f8315020a80acd7a5914a,41c7d9b3db9c9b7c4674a0eb47edc6dd,21033,recife,PE
4a4ef6c1acd5b1384b9271283186bbb9,9a940c6c1c8e806bbdce4d4d03a2cee9,72482,belo horizonte,MG
441982d6c76b25ad499e52b531dc8958,bd2cf4eb977e3f2ce8fe60952cb37e23,70352,florianopolis,SC
1d4211f89634d83fa3fa69c2c9e116b9,5ea909ef7257dcb6a8be6c8026b0d2c9,65042,rio de janeiro,RJ
91f453b678d493ab6725be2592095726,c853bc5542e173022ce6f908cecea5d3,79907,belo horizonte,MG
08cd4cedcf9379080a15f79a00ab4b07,2e4982cf7c239ebc3c775558b365fb7c,67540,recife,PE
e5922f7ad525aa88c33b88b0b677fcbe,08789ef0dcacfa548702f4adcca3a4c4,31021,porto alegre,RS
c18918c699a28e9af17dc180e17adfd9,08789ef0dcacfa548702f4adcca3a4c4,31021,porto alegre,RS
b2894d6fe4e5ab2a75781b4dc7a19d75,08789ef0dcacfa548702f4adcca3a4c4,31021,porto alegre,RS
dd0f46d4bbc326e5687f4357ffaaaf7b,f7a3f6a6159b558bfbec1ed857c4e2c3,01851,florianopolis,SC
71a05d6c6f5aeff36ea84a386cd44902,d25c7d37ef16d03b987593c3252352f6,74000,belo horizonte,MG
7efa38a5d6008c5a9a6f5a60f97ae55a,c0b4f6d67ef6775bd66de2a1277664d0,66435,belo horizonte,MG
430b3d762f02bf5d9a7cf2c0b7e90497,62173b7fc536d2ce69b6f3b7fe5b9fc9,78397,salvador,BA
22d78c4ff0bf60230512765632109614,b9db138870aff6eba9217ddc3cea1f89,89696,sao paulo,SP
e7394d6e8af1ac836163d267b86995ca,93e7e89335fab5282ad3136fa33817fa,01425,recife,PE
6f26324b3740eaf17e991651d50624d6,0de84b635856e1fcd7825ea3bbff16e9,80840,florianopolis,SC
ccb9c92d51b2530e4e3be7b2ca5aa416,d1ccc8d3c167650543af6c46a46b3932,97530,salvador,BA
6bf531f9103d51750750d866ece57307,76c9aeb22ae7dc190d7229181db1ce86,95329,sao paulo,SP
e7d88614b991f5eab8b78c4acc281fa0,79ec958b4d26657479ea5621661423a7,02504,salvador,BA
0a7d8551fa0f823a6e6f8060c1b07882,ec264a0cc09f1c91f2c0a0cfbf03b8c2,90593,rio de janeiro,RJ
b819ad306c556b84f69c511b5fe2a075,aefa823b613a9ff93bd13a438853490b,01851,rio de janeiro,RJ
b657c7e80851027655e904e14f8e45e6,433b66fc797eb3e463dba8c8b4a2b699,13280,florianopolis,SC
adf52580dbe8cd0d0bd3a0c55dc3b9be,6f4abfccdeca859887cb0e2a25288a1b,96568,porto alegre,RS
a7366835af88761909c332eee2f820df,cc1c7204ed5e749b49ee4969030974c0,36093,salvador,BA
27d6b2e29e597f5dd1f1df713a84be76,50d0f83dadb1be7a61cb052772e5e892,67237,sao paulo,SP
854f6ac0ce92164cbe0e023b6095aa9f,f4b3f20eaed0fb5787beb021f63614f5,13156,sao paulo,SP
0b6e698218a461ca8146ef208aad1537,8802d74aeaef2ec218ecde2b0a802167,04905,belo horizonte,MG
a31de4f8c79cb953b942190f1f1e74f5,d82010d1f4c873a75a947a40a32e3ab5,95329,rio de janeiro,RJ
df118c675d7cb0478f855b4844dccebd,a6edcaddeb04cd299c48c8306e8984f4,42245,rio de janeiro,RJ
706ecef93c7ff37d1408049b7f9ec3a0,453417b555c06c8e45c87f41dbbd3290,72426,belo horizonte,MG
37a8893423c944abbabc7d4b2a76ab82,415e38051928aae5cd649aff445fdde1,77484,recife,PE
bcb4067d8828418dfd87936065938379,760b36736422a73e958c9cfda7830a8f,35438,porto alegre,RS
f3bc1432bf2f97f32e5e34f0f9bc4e90,3de667f9bfc46c0eacdfe0ffc5ed3982,35522,rio de janeiro,RJ
c5ce245c9558fa31b24f59f97243fed5,c53f4f7e96b6a287ac00f929bbfbf76c,33098,rio de janeiro,RJ
8d8a5399184cbb24bcde7407844bf02f,ad7eeff756604762851b986031e6a645,90733,salvador,BA
9bda79cc4e1a443a98c03fd66b264020,5032739c2e0f0484fe43541ab0b6148c,75341,belo horizonte,MG
b0e8db62fbd1c5ffcd6f0c9838c81b7c,022b7e76ac3cbe3402b53d3d8c30563f,24416,belo horizonte,MG
bb864ab2ffcaf33447489b80d9c1ab2d,69479974030fe73e11654cb3d4e99a65,09326,rio de janeiro,RJ
924a6fea3bb7a5776529880c8ac08318,af7ce6091a99aae08677b81d1902c93b,29785,sao paulo,SP
2d03fb11ddc224eb9af853fb9c7cc702,b9aa06f5382bab1159fcfaeb722944a9,27071,sao paulo,SP
181428f94537277cf1f1d6fbd9da15e6,08b6f61d316da914407c43704886274c,85012,belo horizonte,MG
694e69c370709b654ec22c2a99d6168d,0e8fd00b178976de9e90d10706113bfe,79504,salvador,BA
62b2fa872dd86931d31c6274e8c7c867,e4db04c8a8174c8598197749f041e4f7,28460,rio de janeiro,RJ
a0075f8610bfb144d5b31d9a17c602cf,99714b2bf3533e8a3781d306d5e0a664,50735,rio de janeiro,RJ
86dd0792bcd1e347f5024acdf066f27a,f5321352b54468e41f2da344a3596667,96647,recife,PE
85e76074ef9a354ae7468a52a233b665,f5321352b54468e41f2da344a3596667,96647,recife,PE
bacf5012bd54954548e8c79afc678db7,f5321352b54468e41f2da344a3596667,96647,recife,PE
5bc66ea4d44afdde7afdc08164667f70,9accb00ddb3fb4a2161d6acf1eb6d1f0,93349,recife,PE
689552a768b1a6e5c812feae55caab20,c38c2eafa8097a77603ecfef21419a14,38930,salvador,BA
dfe223fd605b3b1bc16d074a2c2459bf,cd9e84ec90e9e294a5dd2836e65fa9fa,14947,recife,PE
c253dac4006484a9355974b4a6058c3e,1c6057fee5605cfb2f4cfefbf79828a2,22417,salvador,BA
16ba1b696bf32690adfc11fc7093172e,4b68d94d40da9c7d2f2bdc13b2165b5a,56392,porto alegre,RS
496f48e1af23b0ab45ca18b99cffa370,13620119efa9a0a3a9151364778a669f,33325,curitiba,PR
4c4cd8ab3320ee9459c9971671f57def,fec88839ec35c3de7414e3e1a3871e92,80840,rio de janeiro,RJ
3345dd68e9ee045e2e27b51cf42e466d,b1356d676d4ec8a4c4f4b84446c112a5,05207,salvador,BA
517ae689e300d545aecf14451a0fb76e,c5268f0fc516e394aae6787ee744aa30,22319,rio de janeiro,RJ
57d4f8c4677426865e6d9db322173f70,c7de01a929769b0f41e0cfaf52ca9ced,82959,sao paulo,SP
737924444eba2d227c0bb2764eee8480,0ff89e8ac6f06a7146fc4ff212f178bd,79907,florianopolis,SC
dc01bcc5c13967c6b31e50fcae94d6be,fef724105528dc45637aa99961ff1d9a,84227,rio de janeiro,RJ
5c6ae28e548e0580600715fffaad409b,d013b7a3f4a29332421becca0f6000f3,14947,rio de janeiro,RJ
d101929cfb664abf9b50b5fbb41da663,11c4194a70c983362d8cc97343c1136c,50735,porto alegre,RS
0f13280b309757d909fb57f039347ab6,335f0d14edb7d4e4fabb66097de17a85,80131,sao paulo,SP
db915ffd9d26e2d1f0528bff681791ea,a53e62ba2dae62c06483b0e79c3cbe9d,07175,belo horizonte,MG
455f9ac0a1a5366b318cac328771aa3b,8a66de6724d4d5a31bc2197e7df77791,61589,florianopolis,SC
30fdececce188222410bf3d120fa3560,9d2ce51b37e82d716e66a273c4ca00d7,07006,salvador,BA
662dffb1cdfd1fe9f461eef8737ee7e5,710b7fa9e9a0c20d1b332e43a4b1cf6a,84227,curitiba,PR
9d040243fa057940e94c700bfb877cc4,08eca4c81a71064d424d9430b72479b7,61589,salvador,BA
41a03734baf362fbb8957c93c28aa3ec,ba40662f9243a30112068ad612aada4b,37048,porto alegre,RS
2047bbff38979041ba8cecfc54d56514,04cdc4e87225539dc6f903cf40271514,85259,porto alegre,RS
c391af62c2984f2b00698a2ae6ac8886,04cdc4e87225539dc6f903cf40271514,85259,porto alegre,RS
9328cf63d4b932b25350f06993148969,04cdc4e87225539dc6f903cf40271514,85259,porto alegre,RS
41d6045c6ca587a37e368b309e6ae5ed,a7222ea2261b50487f695b97e581d601,47566,rio de janeiro,RJ
2c2c5d5b27bd668ba3a941c1a6f71504,09af9883eed21f940038dc84a3ed033a,50009,salvador,BA
cb6851685fee2bc93df46bd2bf6c9c59,26cfbf5144352e6f63f6bf77aa239ba2,13280,salvador,BA
5959a5c3fb418306d22dd1da87dcfa74,642e3a16e79503fb546fcba3b336d143,05165,rio de janeiro,RJ
49dfd0184459c7bd83125577a42f5d7c,b525a4d983f023fd00f2baa4931b9fae,70352,salvador,BA
851f9a502d871eb08a9f97459eb29619,7a6758707d9d2b3bc55fa445f09e0302,60470,rio de janeiro,RJ
904d27d3ccfae0aa69184fe9dc1d6309,ba4ef72fd8139af76766d37b6fa179a5,15621,recife,PE
77e267ad5d8325fff14d34105a36bad7,11f20d9bc90ec689cff14c0ec7eb7d43,29746,recife,PE
a753b68519043f358067e1dded8f2ec6,62699a4400d8c04639d119508a45e02e,79104,curitiba,PR
51c06134b6b166da596bb0ba8e541da7,c7a2ee6fd166eb08b0736dd1f443864c,19301,porto alegre,RS
190dcc47ae0e317d50563fa850069ffb,8909b0039136e5301f0733df7b68b323,19301,florianopolis,SC
9a8598af0c109a7a30871aa945a8abb1,555c4e185be2124ffdd99681ef5eeca5,01074,porto alegre,RS
d7ee5d4f6fdc2550a0fef4d6c6309f00,0e213ce5668eb10e4d862412ae8cc97b,12395,recife,PE
fa0c01ac64f1ca6b4e5ecba4dd7a438d,a5a6ab3af5757b77ff3c6d4ea1dc9cab,99419,belo horizonte,MG
a4ba55b5a5e7c785d355e6538d784cb2,da74a05688dd44cc5d87edd21735f36b,92988,belo horizonte,MG
e952b5473501ce808aad06932b428873,da74a05688dd44cc5d87edd21735f36b,92988,belo horizonte,MG
7fbda7a01803e038f55db5792f7faa73,da74a05688dd44cc5d87edd21735f36b,92988,belo horizonte,MG
c0b30303af479a0be7fd3482b7c9debe,da74a05688dd44cc5d87edd21735f36b,92988,belo horizonte,MG
f5f21b991e2c723c2cd6bb1d46fb4c7e,d757ad381498d0dd570e5af5f5ff3705,84886,recife,PE
e2a8e2f83d439f5e72d9b6455cb1c89e,4a3abb3ac439dfcfc2ad0d9775aaecb0,46082,rio de janeiro,RJ
9a578704dcc130e6c2245536cedaccec,8df21ad52d36db7e33ffb402a5d5bbf9,19726,sao paulo,SP
db92cb576f82614daacfa947dd9c829a,a925de8562588ce9f7aeede80a119bac,42245,florianopolis,SC
dbd959b888884491e59b918547e9773e,63dde733b225574e4c82c44530e59543,72426,sao paulo,SP
fe44492ff40f9b9c7bef14350d1d14a0,63dde733b225574e4c82c44530e59543,72426,sao paulo,SP
8746d7c6615676b3af6e95c8f4e63ead,63dde733b225574e4c82c44530e59543,72426,sao paulo,SP
0e1fe43215dcb535c90b07d5ab8a5c06,b057fcd4a1701e8e1b552618e57e72d3,66435,belo horizonte,MG
b52d00ee4232f4f6f96c7d29fc231b0c,e29d650a15b98c207c8b7f1e5bf88967,74000,sao paulo,SP
a1ba71ed9422e251f63b93bf1dcf87ba,3080bed6bc3e34af701fb3eaa1fe9bc6,41306,salvador,BA
7b046535eac3ff36133dbc1ae34135da,067e4b72316e8645092385fe23d34d22,78236,belo horizonte,MG
c29f336931d7bc493c053a870222b300,3d0d5c8f97cb4585ff12fe28b840d136,48819,curitiba,PR
67e1e6e744e12017e356fae8de525433,caf0f442102048e6638644e07d3e5830,98647,belo horizonte,MG
65dc8a7e3756befe8e2e160ab054d5c8,7feb4cf34ec77371a4b65cfa8a619e64,33087,recife,PE
1e8124950bd515dd217547ed924b0644,cfd0b040d5916d49f707371288b04b77,19289,belo horizonte,MG
75a12a1aefb2ad6bd49afd34559133ac,0433fd20feeef3e1f77167007305cd23,79104,belo horizonte,MG
4e437186a2a6b74730f707234c0c94ed,5674b9e20e5995aa56db638a097ba119,86909,recife,PE
61c7041e67cfffa02af474fde104e84c,67cf5ce00af5e4a9b8943df8c9abda91,61142,florianopolis,SC
7dc89bfc423539de10da782be9544e99,a762b59cce9e592936308a601e4182bb,13676,belo horizonte,MG
fba1d51b151979a1ef2a4dcacc18998d,f0a9b97f7557c28c85eb2b3faad53fb8,95329,florianopolis,SC
b4a6747ebccfcaf9d78f95c33fd9f587,895c167fdfcf338cdec56dc3ad968213,92506,recife,PE
7803ec73836d24e62cad2d6558c53d09,3ba4f2ba94500024bdb58d062621d32d,49520,porto alegre,RS
d24dc8a13fa031822021a70d0c56b028,bc4716ad0970d09d1270c935ecc0baa6,98080,salvador,BA
091ca4c7d00a950ecd00348b82bcb1ee,04e1502aa76180c77d283421243f45fe,79907,belo horizonte,MG
471531d4fb0ca32c21a76c52a64bddd8,9e4da214eb034c4ee83cdff978a1d988,73357,belo horizonte,MG
13ccfa78e094675d75e883be72053f92,a616dde4b388300a3e20718a0bb9a8f6,74579,salvador,BA
bbde30b88920cd4db52d3d21791f308c,a1f619ed2c1882c903ad702e216aebcf,82070,rio de janeiro,RJ
048ac7a3486032b26b837aae5a09550f,d21bf7334eada8d3e797f3ae0cca0c05,16014,porto alegre,RS
730e86586af8a1a0b924cc7b83ddbc2c,9c794cdb74c8836118e824e9cb2fbbc3,14434,florianopolis,SC
3d7f7a9136c3fd85ca7f7244c227ed50,105f86aa974e8f83d5d9a3852bb24cbc,53350,salvador,BA
81dd27f30806998bfe17e8f39700abb0,1d3ae1311b388581d145bd7fd15b5a37,30256,sao paulo,SP
efd4a45f9e537b3b4ea589999d766868,9d99d4c5cc96bf43985070727f44cbca,14238,porto alegre,RS
3975ddc521300a3f099018a33ff3a8e4,33e04a38cdf0aaba1027fbf7387770f0,78397,sao paulo,SP
4b3ddff18da6b97c86f6de0b7ce03d69,d5fd46d7cfbfd796565c1e3f6d1c31d6,50797,porto alegre,RS
39f2f9ac0aa32d3b5df323f54cda219d,66ea0949adab7b01bce8e033fb70fbf3,86909,porto alegre,RS
200cc0d49d9a7db6ccb23d6ecde28131,af206a9df9d185071eece89153010fb9,71697,rio de janeiro,RJ
71e736721da7f6dca2dcc03b509ada07,5253b6f72328051e8bbf1b30937292e6,90593,rio de janeiro,RJ
78eefa7afa0a1acba951027b53ffd1eb,36965c84cb08b605f6f61488d62015f0,85259,belo horizonte,MG
3dcebe0c65861976f2acf3fceceaec62,2c6710bd97d46f610bab8f53c3a4704f,05165,sao paulo,SP
67c0ec073f17c3c3a64e3e94e5ef53ce,461de0171ee92d3b102f4f5c55e39295,76674,rio de janeiro,RJ
cf663bc3f8c3dfcaf1df46a0160cae64,2b0561676a478ddfc1eecd7a2428185a,04478,curitiba,PR
36e5b16a591574b4faddc9f0677adc61,2a3dd7698dac210d5eb38ef5b24070ca,66612,belo horizonte,MG
088b7879efee043470b8b52a63f8eac4,94fd0594ecf912453e5f7e23704c19e2,35671,rio de janeiro,RJ
4023385d3cc21eb8b7a4129c996bb5dc,ca82673019977e2e222498130a6b3e3d,23431,recife,PE
1206994d6a4fab5f12e487806c93f0c1,604a1fe29cc8f772a1d78199d8ed0649,70514,sao paulo,SP
775922fdfaa13694f1a5c20be3936803,e12f3b210400594028628b4ec714d549,10116,rio de janeiro,RJ
a0b6ef8eb0b60d861dca52f8c3bb526b,01d96e9601a0204714aa3ca37ca9e68f,45597,porto alegre,RS
760a58a63d8ad67b9a3da254e358200f,b4ecfe8d16d1f5caed174fdd2dee003e,42245,rio de janeiro,RJ
b520d86a9ae1445906390f9141ebc759,48a2a172e30cdee297feb937a6d977a1,17361,porto alegre,RS
65971bbcf774c909b9776607e2e6290c,cad04982ceb28a32b189727f6a8d8a70,45118,rio de janeiro,RJ
1144462858a447abc37df7f950db5bbb,cad04982ceb28a32b189727f6a8d8a70,45118,rio de janeiro,RJ
348da480290ddbe4d9a43ccdbaf3d8e5,cad04982ceb28a32b189727f6a8d8a70,45118,rio de janeiro,RJ
01af74cc223c69bf78d0d02f00aef0aa,207c0594b13e655f79dbf407c5c6ab7d,14238,salvador,BA
b5c2e83d4184d045c4c1e37689ab0b0e,455cf668a3cb9e1824a167fd34c6ea9b,97530,rio de janeiro,RJ
8ee30925d60dd16b62b095a59cba354d,455cf668a3cb9e1824a167fd34c6ea9b,97530,rio de janeiro,RJ
8406828e2b824325b17bf67bd483c353,3d3fbbec697ae294734eab1085e9054f,37434,belo horizonte,MG
0ea8fb71bd7bc80c4561200cebd5fbb2,b11184e79c4c37b32caf3d2ff026a418,90353,curitiba,PR
cd66432b5bd6ac09f6be47b1e891e131,b79a566b2e1482be98a547b209a18b34,37048,porto alegre,RS
c2335b064e31fb70b569826004b0b6c1,16888e84f346bbe79caf4bfe7ff8a2c6,48052,recife,PE
12025337bf92c619ae4634026ec060ce,4d1b6d80c8575c8ad3946dc7a08fa1c6,98912,porto alegre,RS
c459668ec5e13ccc8bcd17a31adb9a9f,8ec61be5012b809e6b358d15590cee67,73512,florianopolis,SC
2b9c79e9d40e0597e7d7261394df2d06,8ec61be5012b809e6b358d15590cee67,73512,florianopolis,SC
bda33e0d91543f8bdcba55c6b5ec66a8,8ec61be5012b809e6b358d15590cee67,73512,florianopolis,SC
b184368cf48af1d5d74c519d7d225eeb,8ec61be5012b809e6b358d15590cee67,73512,florianopolis,SC
f645fab6ffeae7f5c3d5aee01645864a,fc920c731e14fe0431208bde3c52d68a,03552,sao paulo,SP
73947e22b1e2640c583cb7cb5e3eb6ea,9e719a56187ebca4fa0f01a487bb1f6d,97530,porto alegre,RS
67bc92d9bc253805700684a707980ab9,fc9dc0d0c2d94cc9dcdbf14e5ca59057,21032,sao paulo,SP
68f1fe4e7cf7f6bf230bc715a56b22a2,76d6dc3938227b0d81ee30e48a2b466e,29746,curitiba,PR
09811a969b0188fec5f44c117539b10d,35469cb1a8c9aa31a05ff5e6c5346e41,92988,sao paulo,SP
a617a28cc87f931e60bfa85aeb7c4262,1cd889e2319791670d95ee7246c3e497,90353,rio de janeiro,RJ
8dac08c793b12009f9ddc52d6be01cee,d80213baaf6c227826331cc6cbeed3e3,66612,sao paulo,SP
78224ffa4027dfbdb1e37336773d1f5d,7f5d21f279731ea8e9570a2af7f47477,86909,porto alegre,RS
41d5131160ae027dc181f88fa4d6b520,ec344cf0ab8e77a128e601302d238ed1,92506,florianopolis,SC
4333c375ff284d23c3022e17c2cee54c,5d3bc1d3a51599820dd4c0e60b099fcc,79172,porto alegre,RS
48f488220ee7305e4904f586d3b6f12e,405a8e7e6f46a41f35a7ac9b48f9fd0d,85012,rio de janeiro,RJ
49ffd40baa458d3159178c84260a786f,e3dc419dce1e8d1f9de7df7b5594552b,13156,sao paulo,SP
a9c15adc6232287c26bebcd758b76942,1abb574e0b16dac474017bb3c2270738,95098,curitiba,PR
889840e8611b25fa728182a59ba0f67b,8990779cecc3b6990d6dcb42bd8bf603,05207,florianopolis,SC
43f9fd9b4167e90571b7a9b35b010c96,0770d18fc91601472875ad5d2d06f862,45118,curitiba,PR
d3a612235b621d253e25b50c138d41d8,1223d9061db6710183d0bae77c2cfbcf,21730,salvador,BA
8a327480ba9583c59bdd9bc74160e5cf,71dfc82cb8addf543c3c9c08e523e8a9,05165,curitiba,PR
54a5031f787bacc1f0d2421a7605ae29,6b47ed615372ebed946b448297bb9fbf,42347,recife,PE
d71da75a273789fe1c62a05006f7960c,e5fbc1c0ad463549bf4113cb32e15f17,22417,porto alegre,RS
219e2a6e08fdd5d260f6e5fd1a25b90f,1c31aaf3c76aec883ae56c8d536016e7,76674,sao paulo,SP
4c7ea8c4e1cb0baeb26b9ba751a6b439,3cb3c9fa191abb3d3a4fece7537d66c6,72482,florianopolis,SC
fe585a7e28048757e3fbd3828062677e,33304e33deb0de7d699fdb02bcdd0b48,09326,curitiba,PR
22dcf4cb63a28b1d8b8e4c867b040680,12d2d7e6387d5adde43081aa6022e3ff,50823,belo horizonte,MG
2c6976f16cdf55f4e40567635795619c,0de92f1b7c0224e595c89b2d7892d145,79504,salvador,BA
f890be80ba10eee6c367c59c0ab0b4ba,3756999b251adf0e6f94da50e3f713a7,33098,curitiba,PR
83d0703a474e3b69f7210f63f6c2c7be,2d9563ed747a48299c03d65ced8a028c,90593,florianopolis,SC
699edeed7cfa000c08225318464b53f2,752e761322eb69b15f9cb7e06328143e,01425,curitiba,PR
a7eb7d25a2c98d782119d4ff056bc7bf,5bcc90fca1cc22d831b42308b8463413,80131,salvador,BA
1d5f232f716fafaf153e1a00a1acb03b,55fcf99133c417d5450ab36df9be07f3,36382,belo horizonte,MG
aa310ee0ce8c9c65ca1c25930a550b84,91941591b134b58f083759f82090f35e,49520,belo horizonte,MG
b76fc9b9cc16687d2d102257171ae5ed,1c71a82122f1c32b47d5ac920f4555da,99419,sao paulo,SP
1193874e7915f9075dec7cccb5c5fd9f,6b10b78675656daf772d416dda05d2fc,60429,porto alegre,RS
0cfd400c9a331379f366d756869081e5,384852b657f498e0c2a59d7b2bd3d971,84320,sao paulo,SP
ecff4025f94ae80e4ce68b19fde02178,2823442c9a87e3574b8fb475e2ebb2d2,95466,florianopolis,SC
5bacd515274b852ab40f1f18c04a00cb,f3e816b5a353ea98cb68a34eca1fbff2,84748,recife,PE
47eb62039b8771ee9803cca7586a2ad4,93ffc45f2b80e44ae7d3f7709c8d1ade,74000,recife,PE
cc9099d407d6c3dad8294a39372a857d,3acdc514dae18b288d8164b0f85ad287,48400,belo horizonte,MG
3629a4ef1cd15e09dec9cda8ffba47b9,8592a38fdb62a1f76964eb1616232e87,92988,curitiba,PR
846b31c4460221abccb02dbee609bbbc,3768c85bfee3dbaadcb913b47d3d16ca,71010,curitiba,PR
b61a54a74fc5668bb4ec7e8e1cdc849a,7677a166d644e9ae7936931e9771d80b,96568,recife,PE
c7629201f16e09b5d96b4d4eecc63423,6d98a416bae2719803b686574777be21,48400,florianopolis,SC
78b93e7f964893f0ccc3be47605c39d8,3f71e1ae3f24ba6adf629d0cbc7637a0,98647,belo horizonte,MG
5c579417e8298ac0eb315783aed70096,3f71e1ae3f24ba6adf629d0cbc7637a0,98647,belo horizonte,MG
6d80cfe3631f67d3bfb468fd9cf148bd,38efa3bc9457f3886f2aec8a53c9aacb,50797,salvador,BA
68c7d6d2d0ece4481e174c87ac959cb0,f23d9820977e5877ed6f4ee3e44e7cd1,49520,belo horizonte,MG
da6a7c2eebc6c400b2e7e41317013558,e5f3d46692de0df8e9ebd4462622e0d6,87673,curitiba,PR
8484e071577676811531918ed3f3cad9,0b5246f3faed57776af31899014cc3a1,71381,recife,PE
2c2676474dadaaadccdcd16a5cfd5a59,bbc51a50787cb0d3fdc419b20a414919,83397,sao paulo,SP
a6596289c03f32ef1627e3cf2825a04b,bbc51a50787cb0d3fdc419b20a414919,83397,sao paulo,SP
c20b04e3670af69a4eb4502568ed0e6f,bbc51a50787cb0d3fdc419b20a414919,83397,sao paulo,SP
cb62b9f2d7350103ccf0be487fab7d8b,bbc51a50787cb0d3fdc419b20a414919,83397,sao paulo,SP
46b383a6ad4eaccc5c467deb6529adf5,6cfa855f089b5b4981145252c4c36368,28653,belo horizonte,MG
b73b35fee917ded19c9e1d5702968285,cf4994e07ab1653364f22a7c87f797fa,33087,recife,PE
99b90023687f719cc45ea576ec951111,191679d3d24025eab257e257cc4ae02c,84227,porto alegre,RS
e567ccffef83d9e340407101352657bc,15457c643d9229527ecb002e73d3328c,66612,curitiba,PR
a8a2355d924518c36bc475b6f310f61d,b172ec53032e2730c0c9c3ed8ef90060,99419,salvador,BA
4358d081344506109de2b1e95cd74179,37cf45f6f32ede3c68181f5bbb56588b,80131,florianopolis,SC
6f97ebe0656849f902fdadd454e52aae,3d3331644bb8ebe25bc0798821f969e9,41306,rio de janeiro,RJ
783e70a7db44a6da2589f6114f77a7c2,3d3331644bb8ebe25bc0798821f969e9,41306,rio de janeiro,RJ
7d97fb598377dc890ee6b4f4784d57a5,3d3331644bb8ebe25bc0798821f969e9,41306,rio de janeiro,RJ
b851c1146575e8af6e48582c84f73884,0413ffc7173a0c96ffbb4bcca5cbbf6f,62348,sao paulo,SP
ea508c374aea2c816a3289a4eb200237,296be9034e09c596ab45eaf07ad30e2a,79104,porto alegre,RS
fcc40681eb1ba9895842e17a6fce6669,920479cedba0c89e75938f5ab40bc353,21969,sao paulo,SP
98490c6867dbfad487448c23404a6772,f9f6b641063ff61e956abfdfbf4e2e46,17361,curitiba,PR
1da491512d6b5a302faee97814c098b8,237cdb55c596fab776b904727470724c,79172,rio de janeiro,RJ
e03fa5f2fdd422221b1e193302f5b563,2f589a8167c5b29bb400a5e1dfcb821b,92988,recife,PE
cb8210636edf9ba9806d345714dc2143,a076aed65ed3e00edf1e04cbca342e3c,90192,florianopolis,SC
c58c1950dc0f10dcf127baa7df1cd28a,00595e29a226a75bb432ece976dc16b5,21379,belo horizonte,MG
ac7c77c57d89fa69516881a16de852e4,6287729e12194d94a0970ff4dc420980,56302,florianopolis,SC
48d4445dca6c28291d7216bf389e0e30,87ea651b5539562bb0d508a9e4b81e89,37463,sao paulo,SP
6835b9c6cea97194cbd6ce75bf454da8,c0bd44c06d07ee0b4bed523c085ff4d1,03552,sao paulo,SP
4324805c74ec7d15f1d5892bb13b482c,c0bd44c06d07ee0b4bed523c085ff4d1,03552,sao paulo,SP
30c6dff3d914b16d50f239832ddc3931,c0bd44c06d07ee0b4bed523c085ff4d1,03552,sao paulo,SP
afb6b357f6410b77c845fd6bf7517a85,c0bd44c06d07ee0b4bed523c085ff4d1,03552,sao paulo,SP
5d2a0d67e597b225101a92f7287bac09,9ccce19ff2335074b2b3bb394510eaad,98647,recife,PE
5f1873b145ae940083d95e361e788e01,35078c5dcb62f5b693423b4f8add06f9,03552,rio de janeiro,RJ
cce44ed9e82ccfd9b1d5aea543e6b71f,9ed6270514b9bb4daf4637b3c9a62c37,19289,recife,PE
c5b92e8884f20b1a7691ec41fe4e1e82,eea77ea8bc5ad19555f01600e17f348d,48819,belo horizonte,MG
431227ecfcacc79501d24fa428a998a2,e8f60796f200a32c83c5c5100e082343,11328,belo horizonte,MG
150b070af0c90c94e602a5e4b63d4413,0d333496e35285395d2e7b90acb60e81,74563,sao paulo,SP
0bb386dbc00058950670443c179cb4b9,77215daa5d975cdc620956a81c684db0,29221,florianopolis,SC
49d8e8e0e72c78907db512b320a801b8,5dce8d9b5d96120d0a76bd919e7f87a7,42245,florianopolis,SC
7f1212f2dbc6d4a9b91a44cd78bab052,b47299b68f0ce422a5eea4a22cde531f,91198,recife,PE
70bbb114c336f8f342f7814fca465dac,c6090b78b5971e438f8dd99511274cb2,29746,belo horizonte,MG
46f12859ba1cf2b3cfb61b2a85639b3f,55bdf39efb334e61236e900734680b6e,76674,curitiba,PR
92e519927fe8730e3f2a9c499f66f6b7,a62761671d121daf8a2571593d170879,21969,curitiba,PR
2ddd2e334c3b519ecca894f18b5f1d5e,c0953c13f06bffa4bcc4f0877a7e8c31,48576,sao paulo,SP
00a62f7b1647a8490344a6839a8caa40,b3ed8f33f587d26ddf02774d9482b42f,37421,rio de janeiro,RJ
2e63670b7544067731947591c2fd299c,c2c96b28beb96a4ac0cffa7335b50ec5,84886,rio de janeiro,RJ
57d050cf86142f38c195842ced8aad7e,e5def08e5a4b4fdb5209eaab39b6410e,35522,florianopolis,SC
6290129a63228db2bdcd79eea7e3fe20,6c451540ae2356f380e9b30044719067,10116,salvador,BA
d092e7b5ce02c11770e08b473cad907c,5f70b9511038f6760df1172a46f2ff38,99419,curitiba,PR
e141dc61b8c208890055b7d85a0c2aac,805f08927c795dd973d12f3e5860c4f4,96647,sao paulo,SP
22f10bdaf39ee624db6bac7ad9cbb4b4,785ca87b1f69e2b1d45e087f86d4aba8,71697,sao paulo,SP
dcf053653c6e5cedfeefb219324185a8,d34c0a09ada59cb2882ae449b5b71c24,85259,recife,PE
ec250fe8662d2cdeb801ee08e20f50fd,73b4daf34ad1d634e6426f0b8869372a,55987,belo horizonte,MG
092b041d7ef71a100a73c838446f9dd4,ac5dd02dccc67ffd5e3ece609ef6a99f,71010,rio de janeiro,RJ
818c7f71d1b4f84dde7fa11b8dd84107,fa63bde0cf0d3f06b177116df2037633,04278,porto alegre,RS
6c5f0fe7278e4cfc579f875dd3294a71,3037f0b710ccf85fe214d458f0dd3de0,33087,florianopolis,SC
0f641d79d7724ab4cb7b4cbece1aa7e1,1659ddcc75373d14e24c724be453c4c2,99419,rio de janeiro,RJ
b17032b5c82190851fdbaf7adfde557b,2dc69c90e5dfc7af6403c4bc14860c2d,59878,sao paulo,SP
c3c2a462301342f9adb19a9bdc0c4fc9,13b2d1abf4e580aaf5504c5249d2cac0,67237,belo horizonte,MG
cc98d84cacda5fcb1a72caee633f0965,1cada48a46a42ee12a2e1e6a1bff56f4,60429,curitiba,PR
a9fefec02254a932b638e439c1b2a715,26870a987f0f666225e050f6b273f93c,35438,rio de janeiro,RJ
d50653a98c23a9b548c1e321fbb7c395,f3bd2348854bc8fa344a21b7dfff8cea,11458,salvador,BA
65b581407b909e8fadf6551825c437d4,6aa225714b0d271605cf079ea0952c4d,29893,belo horizonte,MG
dc531912f8754b4cb308f5ca7bd0c59d,ee854c728a9b7b20aeb1fcd3f8360a87,61217,porto alegre,RS
64168c11391af4213b44798b9544234e,ee854c728a9b7b20aeb1fcd3f8360a87,61217,porto alegre,RS
67e8e1842969539f0b309c1b2c579797,ee854c728a9b7b20aeb1fcd3f8360a87,61217,porto alegre,RS
850d3ae17325be9ff06ab6eaf3dd0af0,ee854c728a9b7b20aeb1fcd3f8360a87,61217,porto alegre,RS
680e18666f20c7fad207c3719969d2b0,6b8da34058c158e27951d52b21cc8ba7,35973,porto alegre,RS
27108d4af109508e029ee2d447764ac6,057fdd20a50a0a29bcda835f71a0cff8,45587,belo horizonte,MG
4d01562aeb7fb6f87defc46369e68584,05a43113101d759e3066478c4aa0d842,40117,rio de janeiro,RJ
565ae02f5a417c45e2fe45b40dda442f,05a43113101d759e3066478c4aa0d842,40117,rio de janeiro,RJ
fb0e33b81678c23526a30e644ab5fb87,05a43113101d759e3066478c4aa0d842,40117,rio de janeiro,RJ
435b42e4a03b80ea166c57ad8b1dc5fb,05a43113101d759e3066478c4aa0d842,40117,rio de janeiro,RJ
c74c3c93a7811cded6ae03b4e6723a7f,d5bf1edb3b79da1ecd4f2875df2ddf20,31495,curitiba,PR
e5a9d49d27345c84c04cb7bf98681b01,55fc0f2ba50939f18505d91df28bffb9,89696,florianopolis,SC
829bfa8156fa06705b15e527f7d046d0,a7dfeb9257c13f7e9425fc3a6964a112,35671,florianopolis,SC
d971c2db1760105385c5d6c0b2a49cab,7c7438955388d128c96d525ea5639cf4,29657,rio de janeiro,RJ
2d381eb4457b1a0725dd252408358e9c,87b8f95cb265a6c2aa757eeb97e642d6,92506,rio de janeiro,RJ
c5b1eac3b56b48cf7b63f44c50d25194,753ff3e271fc51368c68720ed787463d,08331,porto alegre,RS
787fd7debeae7e2c90bde40ed1db8fed,e5f5cdc821c7c0f6913767ab4dd85715,95646,porto alegre,RS
96bf660e7cf5d4ed12d9d030a6848c88,ca0d72ce2bf6f6c44e7674e9ca12ba49,65686,porto alegre,RS
89b95ce8780eabae03295e1cde8d9f3d,5f34fd6c7bf75b573a0e618f428fd941,15592,curitiba,PR
1136d8938e45720cd0886d2000e499b5,d8739636c50e519449c3f48bf8815f18,84810,rio de janeiro,RJ
7da8cf85f6d1e90107363d936f1b8cbb,48cd42c05a66219e25f980460c1d180e,35993,florianopolis,SC
bb1735352176b70f8d0e1f231ee2c3e8,9e5e8cfe2a96c526f4ca6e7074b799ec,85259,porto alegre,RS
93cbf1601ca7d53d7dabc954cf52b7f4,890a83b4b639529e29298691ec93e43d,42347,rio de janeiro,RJ
1fb742cd8111fe6f7ae4d9cc40eab12d,2ce4599df92408c32ea9ef6c4905eb93,79104,curitiba,PR
7b8629f6b98a8ff57eb4f468a900afed,e79b265ab15f3994b546c5c0d6de70c5,22319,salvador,BA
2fbb67586aeebd20fde758c75a32dd3f,2947fd26274ac7a7cb618d75aa964dfb,67542,salvador,BA
1d5f151f267706bd95a42bd4d76c1ede,fe67e8e90a88e6ca1dee4b6d3ce75d1e,90166,porto alegre,RS
f0d8c235d50913c04d48870d2ff7e6a9,70de13fc2060917a931414e8510e641f,43504,curitiba,PR
a9784027b88291910cb1c1f5af67fc6f,34850fcd2f3b2b185ea2d56b42aa0bc7,90166,salvador,BA
0328420ccdb9f86dbb16f8515c127211,aa61b32f08e1624eb506c24d8fff29f7,60470,porto alegre,RS
4534a7d79b8bf42ce915c5509538b9e8,25dfac0758065baefa5fafdb512339fa,85012,curitiba,PR
837410bf80d17b77facd237b9e46fcb1,f9b81e658a34b26b72cc3fc55f775a7a,02504,curitiba,PR
192f08f91858af42e476512006830022,1f19f85b4d330569889cd33d299fff30,56392,rio de janeiro,RJ
6c857cf1897209e13de2c6df28af5fb3,ee5a88566791659c06617f95eba18fa8,01851,salvador,BA
cb2245c02db0be425689e017a6795213,f2a24da42537e0d6c4bd9b597fd9c96f,37463,rio de janeiro,RJ
c0a0f06c6f34f749d810983aff82c549,27f31b7851f9cd77ed850a6d75422851,21730,porto alegre,RS
e05bfdf3a69528e92e3eca904631c9fd,27f31b7851f9cd77ed850a6d75422851,21730,porto alegre,RS
5ffd22147abf99707ee0d61d00d80a5b,27f31b7851f9cd77ed850a6d75422851,21730,porto alegre,RS
5be7237ebd66ae5c478b957a8d6d0872,27f31b7851f9cd77ed850a6d75422851,21730,porto alegre,RS
f15a216f028354249afbe705bbf03f2c,8bd03267bd0e01cef85bc2d301196e6d,42347,porto alegre,RS
ae96ec12bde198a1717054c9acbc1fa0,a5b1c79954cecee781e58eeef9c0fd4d,05165,porto alegre,RS
18744fe88855022aed82f05ad064dc38,e55ec749795235ad4ba99d78b49875d0,60470,sao paulo,SP
4fb71ca6a4ec1371300da02b47b4ea3d,c110bcfef1aa9ba0f83811c54a321d2a,04278,porto alegre,RS
b144544ffedadee6dc51ee4ac14906fd,aab9278d92dfcf99fe7b178dfb0e7c28,59878,porto alegre,RS
0aae252329260dc7ccc50620a2c7ca50,ba81d86090b3032dccb1063d25a74338,48447,porto alegre,RS
51a9dff5ce0b29857c0591f1e059f743,56b405d7712dd406ec1b55dde82956cf,89696,porto alegre,RS
a287fc6df6aa289377dff112bd275765,7a9e8394bb4ccb141cc0b764b06befca,42245,sao paulo,SP
bd8226a6080233b1eccc1cc5c3252cec,ad91f45623b13ebd0a42be3fe671d582,09326,belo horizonte,MG
3b1e4290038711adc7518f377758f668,0659010a4ede79b61deb979d8d0bb6d7,37048,rio de janeiro,RJ
800dd675bd9d9d7ee0db93089844e343,3869d3c9d743b5a89e15ebcc66d137f6,27062,recife,PE
c2492e9de74da3973df5deff456f25c0,538cc0ca17acd7e95b7e24ca722b4439,85259,sao paulo,SP
4f2dc250acc60992fa4f2ffc134c9645,31f55560a42d10f59bafcc200e16af3f,97530,salvador,BA
e0bda058ff2ba7e1c6237cc4c3605570,c8022f8e38de6b6e86c45e42955bc346,88841,salvador,BA
ed121765072c365156083dd807bf1bb8,321a6c3f47263c24c4605896ef87bf0d,35973,belo horizonte,MG
f5d50ba8203b5f176f3433138bdcb8d9,d975a56289d5635715661feb05c5bf8d,50735,belo horizonte,MG
65aae4ea24b0e0ba904c6eaa70bb727a,f526d3b0abeb35d1ad5406bc72098a7b,16014,curitiba,PR
9ac04fdf4e694c1ecc6675feed2c3977,64f8f226830481c2f9d09e26165e55b5,10116,florianopolis,SC
eb0a0a80689d9d3b762ffc7e1a346605,9a6978cf515893757d8f235031c77a44,57985,belo horizonte,MG
c7a3d6b2713e125f22845732f287070e,0e5922e9f182cdf782f552c89ae66149,84227,belo horizonte,MG
2a46397bc1afe79970e6db977d5e19bb,65c65c7b5c6ebf5aaab133bae88ffab5,98196,belo horizonte,MG
e7912c62d460c55ed99902eb7304cf71,6d79d8bfda92e740b74966cb25dfc8fa,85259,porto alegre,RS
c0d0093df19abca9281862b3df14caf2,6d79d8bfda92e740b74966cb25dfc8fa,85259,porto alegre,RS
cb5b8d4b0e830bfd89d67ab586992db1,031eef965f71dcc462d846d05ea011cd,29221,porto alegre,RS
4a9085149f3d007c698c970f640d354a,4edeae5f59f2674c584cb0f748ded8be,02504,recife,PE
6cfd9d491b4b650d495a610ce77d0c0c,8f9fdc15dfd23d1572114575fa3efd03,46082,curitiba,PR
f78e505d128e004c0d6918c579037f06,e3472e25ba5498fd3737cc38166cdd33,95098,salvador,BA
c1c107cd23ba51ef96e8bdd9e71bb588,6a6566e8fe1ad905bdd4c1f271b86ce0,56333,belo horizonte,MG
c8d3b5888a26a4169490c1a401c4abc4,29ee29f449e3eb487147f758cdbe5548,48576,florianopolis,SC
6d1acd2e0b237056cd1fe8a67f92e22f,e5d136e2f8698e93ba5e4066ce40924a,67540,recife,PE
5b97f442e8135b18144f5955dfff1aa0,e5d136e2f8698e93ba5e4066ce40924a,67540,recife,PE
350dac996b1368302c51a7a2785a2c89,e5d136e2f8698e93ba5e4066ce40924a,67540,recife,PE
7ba46b47cb899eaeec750ed77410aace,6a089aa0e57c5c02ba85e4036c80444b,35438,curitiba,PR
dc7ff95c669f76766286a2dc6edaa280,9912509096516ec2d5e4157d23bab528,74000,salvador,BA
b13d4d755c9feea88dd3a2b5b328299e,4da08e483531518a24c58b47160934d1,15592,florianopolis,SC
e59728c00512ce3ad21fc6d03de78d0e,867a211ade162c17fd06a17979803efa,24416,porto alegre,RS
926614e6f52847f573fc2ea8effd5610,eee31d4710ecf6ae55dddf38fc9454ae,57155,porto alegre,RS
a242113f4e7804ea9a4e4d76ef2c6b0d,60329ee6c190b0cf9736bb4ff5c8ce3c,53581,belo horizonte,MG
adff336d0ee17ddac24df69d9b51d6ed,60329ee6c190b0cf9736bb4ff5c8ce3c,53581,belo horizonte,MG
3791a7546874eff16cce4d29562a37f9,60329ee6c190b0cf9736bb4ff5c8ce3c,53581,belo horizonte,MG
4c2aa66f877aef5248781777e2575b99,60329ee6c190b0cf9736bb4ff5c8ce3c,53581,belo horizonte,MG
7986ee057d2cb094deae4d81c1a96306,a388ca3268d2699201b1c62616a48bfa,01425,salvador,BA
0f120c0c5882cb5d11a849e8f63340a4,2cc5c9de6a1d973145f8e14dea16ce6e,13156,recife,PE
913e751e3e0f43659975d74858bd3a81,9162f6dbb5d2bf7f764d7e7c8e49d0f9,92924,rio de janeiro,RJ
c2990524b0a507552803f0ba25b900fe,33028b32230da680ea350f17c157a761,70514,florianopolis,SC
a256c145363263fa6c4970c3aa64dbf0,4a1a421961bba5fbd5108bc02f9e1ddb,98196,sao paulo,SP
10a7a34dc56efa11d2831e33f032c127,d2a2f8390acfc6ac7d9704fe8dca3908,43487,florianopolis,SC
91c228ff2eadb93c2748405750953525,95d03545d5a760234d4f6814d3850240,11328,porto alegre,RS
78cc157cd8a41a789e6b7c1e2f54a7a4,bd6734588f2d0b177e7d5e884dcd5534,42347,curitiba,PR
a57b3694ad476c1e6eb97e26ce259321,ca8d5d5a06defca8397a284f76a4c79b,37463,curitiba,PR
e0f8cd0828a517bf816c50656891cc18,4cd7e6f7433ecd2c276e1d6700a0586e,15592,curitiba,PR
77afb54d453e4da3ae991d4eba47a2e9,a2f5a68bd590f435a3fb6d0bf4be28b4,43504,belo horizonte,MG
413bfde5fc27a40ae4e5eec59aa463a9,a2f5a68bd590f435a3fb6d0bf4be28b4,43504,belo horizonte,MG
780ae0ac4492281530cc1415bdbf633c,a2f5a68bd590f435a3fb6d0bf4be28b4,43504,belo horizonte,MG
375c19d226e315225d22cfba1972aec9,a2f5a68bd590f435a3fb6d0bf4be28b4,43504,belo horizonte,MG
93468a46e76fbc75661b3a7051f8a286,aa794de7a76049771fca0f1678f8755f,15662,recife,PE
9e6a19b86f73f6194df01adb7e28fecf,2deb57f96acac95449a5fd0de4871ab3,13280,salvador,BA
8bdfda2c1379f7fbb2a92e7343ea9c5b,a510af65b0167db8e82399437dec4605,30256,salvador,BA
8979fc5abdf1c452d44f6578cb6f3282,c3c495061e8e06ed074803793ea7f419,92924,rio de janeiro,RJ
aa2c9f6e0f86ab011302b244c7809e9b,f87ae6defe8c9aab7e388a1946f7b20a,80131,rio de janeiro,RJ
e553053fb7c7634253e26216526a0ccb,5c9c4570bedd62a79950f11a1114e0da,89696,salvador,BA
66b6fe310a9cf3f44d8780d02dc3e172,6fa22f9290c97f007b011fdd94c0b9e0,13280,sao paulo,SP
148b42faaf4b1ed38b03ab6e4c3a2b4e,af97fbd2a0c4594242067d80de4beb12,39469,sao paulo,SP
7bb117bbe64569faee96a38f1339d8ad,d17ad9bdb1ba0beaf969057979ddcdd4,95098,florianopolis,SC
2cb5f85b7fb4b10980851f87b570dfb7,bba316688334e5245f8a2e3c1e9d095b,07175,recife,PE
13d328fe9a51ca3f3d6001ceb5c9f26a,42710779d864465a047dd58393447b2f,80818,florianopolis,SC
56ebb2a67799ac151af1daa613d6c9f7,25693e130efa899394e74f2629b05b37,87673,curitiba,PR
406dcb60e6ee6ade2c7381ab9c46808d,25693e130efa899394e74f2629b05b37,87673,curitiba,PR
3c0f4a5ee5ceac23aff7188deadad07f,b17aff6de0d966707606fa3451d69f11,38930,recife,PE
25a41845cfe28e64e18612121a397f61,0d8a16f329ce9bfa5b7d9d2d22aff503,82070,recife,PE
2a4135117b0874cdfb9bb71be90da574,a2e117986b65450b5c75352c45cdb96b,84810,curitiba,PR
038b0cba646aed9f41e4318122ec1704,0c78947b5b21c9f0f4852088e97fb025,31512,rio de janeiro,RJ
7a550fe57fb8baba507bf7d5570b2c06,a391ffdb8794ac7e4aaa7f994a34041e,70352,belo horizonte,MG
f6bd93eda1fa43b79e74f6a868e9a079,319dd940838cc13713aae9c8efb278fd,37463,salvador,BA
28507334561c177c3d8b086a5f9dc36a,c3c2aee62ee94ed9a0c69223c4359252,70352,porto alegre,RS
a3e5a05dd87fed4797b3121fcb09378a,2ac96b60c0ac430a99487f821831b802,88841,curitiba,PR
57ad564d16f505acc275add543216314,50f32ab5df586eff52965cf38b30bb4c,09675,sao paulo,SP
3459a9383efe4d6bca64fd8165daf73e,ccc4c0a9af5a01ccd85195acd3aa9b27,56302,salvador,BA
4807f4b64ab859cf5fab1bfdd0b11286,b2adffa6af793d4a457e55cb4d131338,50009,porto alegre,RS
c3e713295791c5ee6a8173fdda72a20a,b2adffa6af793d4a457e55cb4d131338,50009,porto alegre,RS
4fb3105f11e093c0fbbfee72bec5e361,88cfc53d188889ce5cce495db0377c52,67237,porto alegre,RS
e437e125d5d4d79ae0f5c703b27fd85f,24caabcbd2c4c2865a0461c9947defcf,82070,curitiba,PR
9a4313448f30dcbbc43a0895fc8258b2,24caabcbd2c4c2865a0461c9947defcf,82070,curitiba,PR
52493784c477f2be405d24666ebc2f80,24caabcbd2c4c2865a0461c9947defcf,82070,curitiba,PR
bfa4ec3b0b220741f05ad4207390b6a0,24caabcbd2c4c2865a0461c9947defcf,82070,curitiba,PR
7b3f17a5599ce45d44a86685e29f4041,480afe9f84a6d693230f1e69034d42fd,09326,belo horizonte,MG
6a771a9ad5fa51425d63e77a5339d570,697878c17c2257a0c75ff3685f7ddbb1,71697,recife,PE
9b63cb406519e7715f898ff9260a0a2c,29bc4734e92966beebc095f5571ec230,93349,salvador,BA
141de4d1bb559617903ae711d04ee137,80ddb3862790e92f37c6bc5d1a380e8e,36382,belo horizonte,MG
a423edd234c1fe22786f67f86acc39c9,cb8c1d76303c1503d4e20134389ae4fd,98196,florianopolis,SC
83cd578a8e89bf1c1dadf96114b379f4,b08d16769d09a4048f040721e5a5829e,80818,porto alegre,RS
628b48446c84a0fb642cb185a336565c,d89806fd86912efef3d6b9f2d4d7b0ca,66435,recife,PE
403d2d9fb5e2ec2d27c1c476336c2624,b3c7a1a88d15baefb6697d0a88376bbc,90353,porto alegre,RS
28f407365b04ab998020982d127ee8b1,6ad734531d2cec89cd75e6dec19d5186,90166,curitiba,PR
44d635b5a813969953ea0387a7cfa32b,1dd73f1f138ef8ccea8104ad75e2c2fa,01074,florianopolis,SC
bc9efcc5c6e5c9a50436720957061281,1dd73f1f138ef8ccea8104ad75e2c2fa,01074,florianopolis,SC
75ad3c06a31a25c4277be5e216430826,1dd73f1f138ef8ccea8104ad75e2c2fa,01074,florianopolis,SC
7160481938476730fa7f14d66db968a6,1dd73f1f138ef8ccea8104ad75e2c2fa,01074,florianopolis,SC
8cbc8197e4ee966b6cfb238dfcdc18a5,0472f9f6ec6494e021986e3cd19fcf31,80818,sao paulo,SP
9474c88fea96e40c1201c616068c1bff,b0e8b2fa4fc34759592448ee7ac1b4f9,22319,recife,PE
1bf5387a24b93e103812af8a860f9df6,7122d7a0d12972d323966b835cd14b22,90192,florianopolis,SC
b5af97368ad055ae8ecd6d693f350134,85eb43c898ff805cfcd2280ee3c51ba8,75341,sao paulo,SP
b0c9eab0293c89153d2331be684fc293,2c15c4ad57904515f859396dc37a9ab0,53350,rio de janeiro,RJ
fccf4f7322f7e75997c9522b124c3f25,be94f1cb075cc8eb4dffc9aab5bbabce,75341,florianopolis,SC
2ccaa9cbedc6da13a992680878dec02e,20f36e9238ec71aa1e5c5da8d087edcb,99419,belo horizonte,MG
c30bb7f71aaeb709f2c269225d845251,b023dbc32471a957b1b9fd9ddb583dd9,62348,sao paulo,SP
c2682e392d6f29a60f7f0d86b3da2bee,35b823e420168e6d4eb39f633a00c83e,50615,curitiba,PR
f3e3b422f045ef2887cc9f07da6d46d1,35b823e420168e6d4eb39f633a00c83e,50615,curitiba,PR
2e0b847fce30d77fb92cbf8a6affdcb0,35b823e420168e6d4eb39f633a00c83e,50615,curitiba,PR
af69789b3d9b6ef6593872752f7853db,35b823e420168e6d4eb39f633a00c83e,50615,curitiba,PR
9cc47dd8deff00844d81faedaaf0df7e,6cc0067f141f746efb29ff362155fba8,53581,recife,PE
df8bc936d2f206f0861b2272ae19f157,1c99d366c8b62c18c355853eb0d9751c,09675,florianopolis,SC
9bd179d64fc4c89367bcde05e3fb18a3,7bf820f6c6523c3d04d07f2913e675fd,98196,porto alegre,RS
c0088c3e4a4446571286e0014e57ca01,32440f070ae263e06e663c0ac1e0a4a1,77484,curitiba,PR
55e35bb6a8fdc8ef9ccbb26b43086251,32440f070ae263e06e663c0ac1e0a4a1,77484,curitiba,PR
06236fcc5ff6fcdc840c1c139dd5e38a,a8e7ebe3cb05aa1408651a6e1b99eb83,04905,sao paulo,SP
81f50ad52e0e1a69c872dee0d218b876,7815c7df0f2c01b797da64cb83735f49,43487,belo horizonte,MG
26e6d3f6d067cc1b65be2ecd99b0ce35,0b147f1f40c56cf6e89560411e71afa9,79504,belo horizonte,MG
51bf2d1d83ed79b20bfb997ca61b0097,02a13629aae6f1a14d38a8d010f59651,45587,porto alegre,RS
5b4684f141965462b5c436ac334e0614,1fb0ef34c849743618b475b1c12a34f4,35718,curitiba,PR
981e4818844a40bb6fb50df63165ddc1,966d273534952c009a0f09e9eb8b8c11,15592,rio de janeiro,RJ
11ca971a85f30a61784a1462667f7d61,abac7bf82f4ddc9b3334cd07e6b36561,71284,rio de janeiro,RJ
898c6d6fa7496098859c75870ab138b6,abac7bf82f4ddc9b3334cd07e6b36561,71284,rio de janeiro,RJ
d2a84d595d5607ea4f5e22889a6857c1,254338df173d5030077d868859fe1c45,08331,recife,PE
81999617cb01827fa9053b7380bb6ca5,47021755f11cc0a4bf06d520d88a617b,40117,belo horizonte,MG
d74cdbc624c10baaf80336ad8da04aed,5a29fe6b590bd0c6946a95a6f2e401af,61142,belo horizonte,MG
6f69bcd41f8dcc0ad25318977e3883ee,c7e2a618802993b1daea544a291a4905,21033,florianopolis,SC
be1db36734c51a22ec86be907415701a,8141bb373de814ac9ceab67bba82854a,74579,salvador,BA
b223bf38beaee31396439d03f952bef4,d1d06bcd195efd72117e894e91faf1c7,04905,sao paulo,SP
ae9c9f0268b4cc5f197f8e8ee67f4bfa,d1d06bcd195efd72117e894e91faf1c7,04905,sao paulo,SP
683e68ebb8235d5ee88ffe9b7cb152c2,d1d06bcd195efd72117e894e91faf1c7,04905,sao paulo,SP
9fb37fefb39a32be078e145a41e2c2f5,8761f9da039479c1c363f61f94009191,13676,florianopolis,SC
8025f356f76094b9f1eea3262aaa86b9,f6d9fe1731094211b73f6e64378d2f8d,17361,salvador,BA
fe2ee93002d9b4e670c279c707b9606b,f6d9fe1731094211b73f6e64378d2f8d,17361,salvador,BA
662fdfe9dfcf3e2e268524de98c17152,f6d9fe1731094211b73f6e64378d2f8d,17361,salvador,BA
9fd97c9710ee60a3ab4611be0517c4ef,c10750bce6d335722bf958614827c440,76674,salvador,BA
0b26c33945c090e98905c1838ef156c1,b9b07ec4f93c8859011bb34889811f35,67540,recife,PE
0671074bd6dfdca5b65fbd574859c2fb,eba4646336c9b657ec9a799e19437791,07006,sao paulo,SP
4a658ed6e14e1a14f4bd0ed2e99f816d,7986f498b52f80c9d9ee96788112f0ff,33098,belo horizonte,MG
143ba27c395e16d53ea41945001ff52b,2f64672f96e1a522b2b8d6985dd0855c,36382,sao paulo,SP
24e8315162b7f1508742cf970a1a5bde,1b799e6bf52ef4a6ac6c2e1b708df094,27062,florianopolis,SC
e26f65874ff25f793ed28bad939ca12e,fb368cf45ad5a309d5b1a96a2e4c16e2,35522,salvador,BA
e7e0dd883b0ee3a0572823367852a230,83a5f42136daa93a6c914882612e73c7,08331,porto alegre,RS
378ad858be34363a07d8ba7212bec596,c2ebbaa21ce370ed685707ac3a40fe39,99419,curitiba,PR
cad7cd240491670d64ef936d2c650e65,774555601fa542515074ac13fc0f94cd,76674,porto alegre,RS
fecab8796e95f9ee4f1b66ab86bdab30,7eedcc6522cb2720850cddfd1c3dae19,13676,rio de janeiro,RJ
3e93b449d453085fb8e67936f3c209c4,49cc253fb4693ec45c7ae8efc3245e35,78397,florianopolis,SC
108c7476f8ecaad2b44a96992293ce39,150e33880a6552a5b8ddf15d8ea035f0,28460,curitiba,PR
cf621be62758f1b7a1b4a70ea085f745,628103f01d9fff257e63f65453ff5f1f,83240,rio de janeiro,RJ
b6927bad00668ea00207377382e17e9c,bc75ed5399b3207074fa65ce489ac27e,28653,rio de janeiro,RJ
e8fb5d3edd5961403796b4aea70c8662,d751af9cf9e6debbafe2487f4fdfaf5d,71697,salvador,BA
a12a118d133400297a35c6f0e9971396,6843a5c38dcd6e9b39d2d74a71a71782,04478,curitiba,PR
327d60c1c1d5ca4f5927e2662754ea36,6d8ee559daf93e99fc267da64a640fc1,05207,porto alegre,RS
42a38d041692253760fe1dc8ae0b9c3e,e50ea3ec11d1e7d5db5586423054366b,80818,florianopolis,SC
cae40b951e3d208eecf2dd0fb604849b,f067ad8279c5f45acd6c78ddd74f9844,84886,porto alegre,RS
e307d8c5a0ec7f33ec02876a7b943cdd,0345eeda2de66d5b5e10a3a0addb8943,48400,florianopolis,SC
20963d9ea827d6500cb449df026c5576,0345eeda2de66d5b5e10a3a0addb8943,48400,florianopolis,SC
a01a79a1b34c693c2c3b6afa4412dc03,0345eeda2de66d5b5e10a3a0addb8943,48400,florianopolis,SC
cc20fa5e39093829edaab9d99bbd038e,0345eeda2de66d5b5e10a3a0addb8943,48400,florianopolis,SC
af2de9dab9d975015a79ead4f2fe17d9,ac0e73077ddcaaf6ac95adb1ffac54fd,43487,sao paulo,SP
3be57a1138214a96ef9f2d1b3e033cb5,85cd33847024979265787d0c1aec8b70,50735,curitiba,PR
99ac5f8c1d848ee72a2287d5f6b078b2,1e850f8015c2f297ad3053cea8969e70,31512,salvador,BA
3b5a402fb87f8c66fa1b98ea7c149a94,b1edf3d3668f503265125d2e24b3bc8e,70352,rio de janeiro,RJ
403fdb3e7a98aaad56c542c52e5bf0a8,bdce7f651a0a7680fa42156e972ec23e,36093,porto alegre,RS
0749ad41c76ab393a3a5eb870a5d94e8,2b3171dcfa549893e476231aecdfd364,17361,belo horizonte,MG
ca9b6dabe0958c065f322b9933c1f5d0,32f75350f9a732dc5d1c19061090dc9d,78397,florianopolis,SC
ee956a3a96867dcf0c228b723f5f7fdc,d8125123984f5a56334477eb56b09052,85259,porto alegre,RS
3b37f8fd9cb61e9371026c76edd82e5c,3b9d58321f6d5768677f7c73fd9bfaf3,27071,sao paulo,SP
01d4511d4ddd51c280355d33abd774e5,7fc5ae23b9a6bd756cb96a2cd68e51f0,51432,recife,PE
8c2993cd635c4457514c67251b54711e,c416c07cb6a787b1c3cb0c28474cfa29,50797,rio de janeiro,RJ
8079e2ecebdc2c9daef7c60b42c410db,c19d11c545e18b7797f971d594f89e6c,71284,sao paulo,SP
030e6395fa2b218d5a9215f1217ea378,f1773294a4d21eaecd0d4d73ca1c3218,49520,recife,PE
f331f60ebc324a497787bf68ca09a293,aaab583079cfc04f5b29317a6675d5e2,31512,rio de janeiro,RJ
8dc14db4a406522ff2ef3eb108aec57e,fcce521367899d92f33c4c369a690cad,48819,salvador,BA
ea92ed68828e8496c56e60185340cb95,25ba4f034765606982ec0fc37c0a5867,01851,belo horizonte,MG
1abfd7aa50f10435d798608f2a6c6a31,1f47d9021ba84a917462f144c49b9e62,67542,florianopolis,SC
6705f66570fdf5e6209231751ba6373c,3b1723197f4d55b97d457a09402d35e8,45597,salvador,BA
d3b4dfe7f198e627f015275161f5a5ff,079bf5e62275b1e2f14152c7a0dcec7d,05207,sao paulo,SP
0b66c0de8ec5bffe768116e6d15b6ac2,d48f5ba30d87bc72bce05a63197f9b8d,60470,rio de janeiro,RJ
5a3094f130b9cead1fbcc5f0b19c4b30,06d903c0ad9873017f85c4e711776f21,87673,sao paulo,SP
2806d3e5704834f20363f8eeb276b405,9ac6030661f43c2b2dd93719f8d9bf33,56302,curitiba,PR
62827ba8c32729284afb483ed832b435,4d8131f52719bfdb53b3618bade05648,35993,rio de janeiro,RJ
e5c6c8a46c358ce8a62db9df6782acf7,c29a988f18a952109f8c2c519f3936a5,93349,sao paulo,SP
285331c802e69e89d15ba3708a618af5,851b5f38c0697f1da93c94131396a289,94850,florianopolis,SC
d8958c166b94c953800715010326e324,774d34f5caf072267e000029c47f9b05,67237,sao paulo,SP
e25fd6119d790f80b5875e1522cd7ff0,7f764fcea97ef1314b26f0a333b1cca4,73512,recife,PE
9a4f421e0290220b9e7eb52031ec3c1c,8add397642fc7edf813a3aa57d810c21,38930,porto alegre,RS
abadd1a474197c75932c70d6229b6b0d,8a601b92dc137c04cf3a2f8d57f731e3,14396,belo horizonte,MG
fcab6032693d41cd665831e13778ad37,c3933447f3dc50bf04860bee8bef4a76,16014,belo horizonte,MG
80153e13b4e49cb1966a58d6fdcadf20,e14fea786e2f1d3bfd9f45f40816d739,74563,rio de janeiro,RJ
3a0a081defd73b67d67f423a660b29ab,733ac54f623591441e7f92adea3973ff,36382,curitiba,PR
a33f7fd33b958668cf000651cc44cd22,714b5c03605797cfda55f8255086f384,79504,salvador,BA
719c872d70b78695721cc013e234f8a5,2d474c4f08697ffa09360f0275ac0819,56333,belo horizonte,MG
19400fb93fd0734fdca34d328dc8556c,c7859c05dc409942a8cf29368e81b2f0,40117,rio de janeiro,RJ
f1a57a1be79a2e244f6d8d2d52389ed8,2a055b69b4c04bdfe27bb6c44d945434,84810,florianopolis,SC
f6fdc5a73e9062a7f001877f0794bf3b,4ffd5b7a226dd24f6e411e237dd19b8f,85012,rio de janeiro,RJ
a929b118f5dc5ffe4d8e94bf2c2aca2f,c3963bf97cc9d887639ac771b739a28a,38930,porto alegre,RS
c0e9a3aad872c46a108b90e62598c556,7d94ed9facce693e91a07ef21c007554,35522,florianopolis,SC
0ba6bd79af16c754d90b5e44993f43b5,8a159e92af74ae638dc4c81fa8fae904,95329,sao paulo,SP
08d04b3b7a521e559a5d00f7c2518611,8feff87b79d54e9f78460474927c5ea7,70352,recife,PE
c9b0088ab969150e53da5675057062c3,0e44c9dc81b61c872803feb5dab6c73d,50009,salvador,BA
e4562787a5658d538346d5267ceb742f,974ebb877ea413e5436d977b6431cbbe,35522,florianopolis,SC
6dcd9f21e454db2dc1b5068df1603f7f,ad2e4db89defc23f60b759a9f88afc64,82959,porto alegre,RS
74916fe2821868bfa64483555e9f262e,48d0e602fa4ffba8c4376d895a4eb9f3,83397,recife,PE
197bc7aca07872e2b8beb96285442cb3,97289c5e0734a4030fb97b5d520b28f6,10358,recife,PE
204838ecbab2686fd2a1717223b1f09f,5dcd0d40d641510220d1968f0b8ce21f,40117,rio de janeiro,RJ
a645c83e6033631523fbaa032f90d560,5dcd0d40d641510220d1968f0b8ce21f,40117,rio de janeiro,RJ
392c4a2d1880f8f01f90aaee8b31deb9,5dcd0d40d641510220d1968f0b8ce21f,40117,rio de janeiro,RJ
3b7ac2f4befbf06ba6e38e23908cf386,957edc3cbdf774c8cf3ee4aa594ffd27,41306,sao paulo,SP
38603eb8be5a29645642f88655177750,a00a06e6e42f0c28c3e3c14806e2e861,24416,rio de janeiro,RJ
453277a0d40007ec2eb918c46422a75f,6d9b1eb118ebeed7616d41c8575c9669,98080,recife,PE
d00d5eb38c79c5507a0816df58782bdf,697437ea5b7c57e8fdf02450585b4b17,95098,belo horizonte,MG
f947591a15bd5f9de7789b565c8f6375,3e85c8c4a94706630e73752359ecc846,22319,curitiba,PR
c88ebc69413d6272d7c88ce712792317,4fe5c13ba5e8c1983c10316d3f63a065,16014,recife,PE
31422ec0f7582e221549ae7d0f7e2949,b020321be90f413715bebdd097b027ce,37463,salvador,BA
cdcfe030f30c3d587b2498c646471fee,1d4dfdb14e0ebe2ede72d97010c49f9e,26203,rio de janeiro,RJ
c5cc0e88e50d2706822c4d412f6a99d2,89d5af23050bd8482b76a718566c93cc,84320,rio de janeiro,RJ
8b5ec0e5dd2acf59c2bfe362d9c9cfe5,a863782e75fe28570991946d537c64b0,15592,curitiba,PR
46310d283f8c18bb525647f60b97e778,a863782e75fe28570991946d537c64b0,15592,curitiba,PR
7f0819f29451a436dd5b18696f6b2156,83c74cbe916baf876c27316bdd05b827,90192,porto alegre,RS
f1d3ef7f77d37567d8f26ed8d88af4e5,05391557444122a56bd1f826e6c2cbb7,87673,sao paulo,SP
569877e5d3fcc09f3df5670735e4bff4,05391557444122a56bd1f826e6c2cbb7,87673,sao paulo,SP
6c759415ecd4ff6b68e544883c18ebd9,05b149a096867676783e40abb22a55a6,37421,florianopolis,SC
49b58f7cfe666c5a6b8a0a4c1b2e046c,9202b09c60b3693851071545fc5b14bd,26203,belo horizonte,MG
4ed0d2e4bfe13bd9d997783dc1143180,19048ca79291e493528a34f363eac0a1,33098,rio de janeiro,RJ
15051857fa2f558b188c2153595018fb,b0dc75fb199d50897d05121cceee7d65,10116,florianopolis,SC
803b931f87a79a4128b56073e2f93114,b0dc75fb199d50897d05121cceee7d65,10116,florianopolis,SC
6502ddf124c1dac477422169b0e3a7dd,7f29c9e75601f6a534b6685dacd4180a,45587,curitiba,PR
19af5a94481d6550bfd540fdd5b8c4ca,aad9e93dc3d0bde3cfbba84a80b57013,02504,florianopolis,SC
5b8bf877cce4a79738d623dc6549d377,4cad66c59d655c032aa814da56ec0e55,09675,rio de janeiro,RJ
3bb42117ffb99bcd7fea49d0cd49f3c8,33a674036f9d1d74f82c6ad85d037a06,95098,salvador,BA
4519b98c55aaede7619ac7cb8633296d,f95f17e6d8eae31ba2ac78967f383a3e,84810,florianopolis,SC
0cb82ea66ac9a3746fe0a1bc9b612d0e,d9af8224d7232ce313483fb3c982a300,67542,curitiba,PR
4cd3f6ad1da5a774cb17f7741bffaf79,43e1346d4990225836cdf42f892c6b33,86181,belo horizonte,MG
ca7d42cd7e6226e967870ea5bfac1bc1,92d2408eff08c7394c1d2e430c2b03e4,38930,belo horizonte,MG
a743fe00706b6138141ee0b789fa2744,9fe3f82439d3a9cfcdfa76af66eb43b0,15592,recife,PE
e16d8a59897142bcbe1a45f7b5da12a4,b7bba2aa178a8c73f53ba020be2de8c8,31495,recife,PE
cba9340c9784cae1a2954ea0f35fc75f,9784713d1840764294047909d81ca1a0,55987,curitiba,PR
579d2cfc2a48b60dc6328305abd1fe98,910171d21138978b45fb3e8a563b04fa,48447,sao paulo,SP
60f80a26e6259184702813c064346e69,6d56cfd579ab301887f3c9a4cd1a810d,90166,rio de janeiro,RJ
d713a43ad135952018ce7e9ae94f1ad7,13a0181bcbafd54258e9bbad35b1773c,86909,porto alegre,RS
da435125b2418dea9bf5dd77889f6264,81300e684d45d885d2e08e57a6cb1dda,40117,florianopolis,SC
53e8e216f36e1870ed77dbd48ba095d9,a9d84c4f6ed338be4cc6d67ecddb3f9e,16014,sao paulo,SP
8d8815b0700e0602cd0cb7121784dc41,6a107fb733383ec95037e6698a3a0129,37421,curitiba,PR
9a8c9016949a27a86d85a70754cadef0,83ef3ce99ffda1e74052e3a566fd3215,89696,curitiba,PR
d4560b524d3a360f2611fc7714b960a9,8c2d0e27c370f2e2abeb5f497406ca32,80131,florianopolis,SC
8b054a03c10fd0cf081f4ced5e3fba2a,a0ba614204c32fede182701b2e3bdb69,33087,florianopolis,SC
a95278e41a8876753d43de1dc24750a9,a0ba614204c32fede182701b2e3bdb69,33087,florianopolis,SC
8198e919bbd3361d7a048ced5081a400,a0ba614204c32fede182701b2e3bdb69,33087,florianopolis,SC
a904b9a681cb5117903dd47e00d0771a,2fc10403dcda8cc184274378b40d8aef,77484,florianopolis,SC
aa73986219d228f649158961a19c9d21,a92a9880368413397fcbcf3193ac009a,01425,recife,PE
517d602acbc12513e66b0cc76a9e4054,f0278488be015802d2eba277f64d4de0,48447,porto alegre,RS
f9c2d0f3ec1ee1642c48491286275aaa,a34f2452efe9e8c94497734d77a0aa7f,07175,sao paulo,SP
9a2f99a7981d84ec7b00543045254f32,da4f706b9d4ac78bcf1643a088604b56,21730,salvador,BA
7c5c0288b2ae3dc59d4d311c9992f66f,ef444cf56f089155e8266484c4e4fe52,90733,florianopolis,SC
aa8c8e616ef6e45f0b2e0c5f45747407,0f546781a0733e57ba0371f990ed01d3,84748,florianopolis,SC
0d43240a8dfcfcefa4346ef744c88d0d,766587075d411ac5335dab4685b375aa,23431,florianopolis,SC
97c6da93aa7f6c01d5a3d3425b09c75d,bf1644542685602c3d8925a925d287d0,51019,rio de janeiro,RJ
0f225a77728b10b8bfde2c240bbcc28a,d81861124cdedddbc3f9c78caf704164,48576,florianopolis,SC
5fbf06708222f0cc282eae6e03cec54a,dc3525775193412d6906d1186f75a3b2,10116,rio de janeiro,RJ
ff0c517cf758c794a08ec1603f004214,a2491260107e528ce94053afd488edff,30871,porto alegre,RS
a957d31d3609f255828b1176ce3350d1,4455d60e69958fd1d8914adf341c612a,02504,recife,PE
0073aa561249d147979674b1840619f7,291c0da1a5630d3a497bc13bd2deb47d,48576,sao paulo,SP
9c3ff9cd542ad82497469c9c3d456837,3c73013b99ea5bbdafd5b90b41a67c90,85012,porto alegre,RS
7cd2e58b0d45ffa374aab2e1f8b9f8fe,2663ed111d122ccf3d0d3ffd67e6d49a,12915,porto alegre,RS
7ea033467fae946484618581ecb33a78,cc0b200d3edec38e07179ef331216863,99419,porto alegre,RS
25952bbdcefeaad566575b6e2a6359f3,cc0b200d3edec38e07179ef331216863,99419,porto alegre,RS
d1396d094c7b7e32a42229af3691ed69,cc0b200d3edec38e07179ef331216863,99419,porto alegre,RS
8342a8e23a30a5da5359b00ef13a69ca,cc0b200d3edec38e07179ef331216863,99419,porto alegre,RS
e1bbc4b6bf323f9213a353cf16bebe84,7c42049476d32b964f7f963ed3c544a3,98912,recife,PE
8d887c1e33d79079ab4c382943405bc1,6c0972046fa6681cfdc562858f50b11f,43487,florianopolis,SC
a72cfe9516f31c4a3105924df00d09db,6c0972046fa6681cfdc562858f50b11f,43487,florianopolis,SC
fcbbe18600421dd914c7faa6c4c9921c,6c0972046fa6681cfdc562858f50b11f,43487,florianopolis,SC
9ca942730df4b8cb3e60af643dc606f9,6c0972046fa6681cfdc562858f50b11f,43487,florianopolis,SC
cd970b0293540737ef3ee8550ffa2017,33b5a667097913a0e7d90c1ba59caeed,08331,belo horizonte,MG
632251f19f36ad32ee1a1e699155bde5,0775d77822ed1e2545d0738228cbb7ca,11458,florianopolis,SC
1096e6a470b5d4eeb6891ac091e3af42,471c10aecdb4adabca27cd6942264ba4,13676,porto alegre,RS
6b8e51fd14691eef730a96e33d6f0eb6,a4f0708a2d0d5e1d8cfb137ca89ea4df,29785,curitiba,PR
bbd11f4b6ea53d7b4dca04c10c54254c,b8f40e5ef6babccc0acfbd89da3ed15a,30256,curitiba,PR
d524e373f61b8e0ee47d70611296e233,0e29ed9a0518bd4dc840789b7c602399,42347,sao paulo,SP
ff9b6a3348ed58382d383f667bf21470,505c1021157c6813e581620fdc0db266,61142,recife,PE
dc62936722e39be70290d27c152f1d44,1046e3dfddfef8494c485cfc9a0270da,23431,rio de janeiro,RJ
1ee72d491e001af701122d83a232df5c,e592ee7c683199c6f480ada5e68c1348,50797,rio de janeiro,RJ
250e0480b2dbfac7404918123c1719ad,e2be80e1a84d5f25abf2b3695d0a06d3,56392,porto alegre,RS
6108ee6684f6dc5d28c3b0b28a828284,d6fdd1a5f17312f4659ae9f2171e5028,14238,sao paulo,SP
104299a805246b4cd9647ef45f8efce5,3c6d317323fbc01fd7be7b4fb9676dc6,35671,rio de janeiro,RJ
9554be4cef5e26ad8a24d2fe2f2f02e9,80104995bc06e86b922b4fb21ca79972,35522,salvador,BA
44d1e260ad36217241a2cc6bd4c45e2e,aa0a2259859f02bb1ee26f39eed4db89,19131,porto alegre,RS
842c04b0950c0421f96f7ccc254cccb2,c66dfe25f31dde259496634fd438231d,73512,belo horizonte,MG
ef9c783e84dca558c36e91d9c27b6b3e,7f176b5540767e21867772d3ee7a6de6,45118,sao paulo,SP
ec17970baf1744a2136fb0f0965be5e3,998de3d83cf29ade171a8b65e272d7ca,61217,porto alegre,RS
f6eb09b228d447291f7fb8841ad3f860,998de3d83cf29ade171a8b65e272d7ca,61217,porto alegre,RS
0638ebfe37f920146a1d007e063064ad,998de3d83cf29ade171a8b65e272d7ca,61217,porto alegre,RS
08306cbef47a372672e36b8fa999e3e4,503ba8c3ce830e27c5efd6701f4d88ce,85012,sao paulo,SP
5cc78b9d34f173dbf5e94bfc3db0b3ce,bcbb859a95966725d513da02544c14d1,36093,porto alegre,RS
dd6d54100e1bb38733f8c1c77170f949,bcbb859a95966725d513da02544c14d1,36093,porto alegre,RS
1a1ad0ba4c66da558d788bd0cb9fd9ae,be741860bf957403ce4ba2bb63d3ce8e,71644,sao paulo,SP
6013cf28184cd43f008f90ae2b4f8899,37cf65ca6c412493ef7cef263c667012,86181,sao paulo,SP
a096603983e44f53e85067f1a32ae62f,36cfd2d52cd6e8df1b5829c924ef65a7,35973,belo horizonte,MG
b8fb26d724851df8c90289484a9dc999,688b4cfb708175fd4648bbe8f84ce7a9,22417,curitiba,PR
229e82a941184636eada0857e9491313,0e51208396e83922dce70289411a315b,52856,porto alegre,RS
55eb97f92b77fe635cedec352c67e9f6,b31a25b55fecaa6e88917cf57d8823d2,56302,florianopolis,SC
a16dfae69e51e39967f66367be2e5c66,8bb5f24251057c351ceb08fef2deb798,48052,porto alegre,RS
f706e859d40338ecfbf484d0cb56e062,3f10938caec7f26779900a276c7ceeb7,95646,rio de janeiro,RJ
caa9f13e901389e5d6d6b3f9dc710b9e,c8c621bee1228e7547198f5cf69bd596,92988,rio de janeiro,RJ
bc0538321f7e2e1ea58d85c5dd74f4e8,79a8226b5ced70172518ec09efdd6a87,51432,belo horizonte,MG
3a75ede5f2a1101b43b46106f69a28c3,4ee45227d24500395e24296eb7363ad9,84748,recife,PE
6e73c967bfa025fba2108df0a414ad42,e7bd1db7f7808afca538c6a705651e80,28653,florianopolis,SC
ffb1d433bd8de7001bd0ad8710bcb6b8,bd4c938cd76ac5a808e945489b16acb8,36093,belo horizonte,MG
a31833ac7931f7dd3b3ca69167053a72,0dff01baf0db6ecbcc876b1ca987799b,91198,salvador,BA
10cb4ad06ea6a5392ba41da8c820ac8a,abede2b6c9eef97ceade7b17b0d090bd,74000,belo horizonte,MG
66df0ddd14b65cdea78f69e11ca86b02,627b0edd8d7f937140c37cbc3d5b6535,22174,porto alegre,RS
7c97366d65c4370b33399850169f9729,b35b9f78f55f2e80a3922a4e4f2c386f,71010,porto alegre,RS
3929b2ac913c2eeca25b1b88e7dc6fc5,af6c6f61cfefa2a2e7354db25ce4124b,90353,porto alegre,RS
7f906ced638894dfb1ecd227d14e1ee3,3c83861eddf0a0a288efe82b1f3eea66,60470,belo horizonte,MG
30302cffc2115191f96702936a7ff301,020383406372d63571414f58db8ec35b,28869,florianopolis,SC
7b4e0fd473f061a27b5aab2e57b82899,ed711fe9649a0bf9f5f3943ae8e7f030,71644,curitiba,PR
cfe005587ab939e2fc70adf91edbdc2c,4d07018b416aa7f6eafd3e7bfa5dbd40,36382,recife,PE
8625788c03e2d1121ec06878dbcc1f66,c1b4fd44d29cf92aefb2d33c171aa532,98912,florianopolis,SC
3651f93c60c65ab9857c40c54d20ba0b,dc02bc2935dbe3964c23e8443c4722f3,71010,salvador,BA
60e32c1470c4f3a7144c1db2fbc1b446,70583380ea77d1d62904a6d6e3e735ab,60470,rio de janeiro,RJ
865f3f8fdefea65d3c47909331c152d2,cfef7811e124c3f25132fe68a1a054a9,50797,florianopolis,SC
90524da1e8672c0e1ef5e8a063ed748e,ca10b49968028b3ba4f954fcc44921b6,35993,rio de janeiro,RJ
632a218f66acde8a57b726ba2f7f792b,148113b4ddcf5003462741ec08ac784f,09675,sao paulo,SP
7398e12ec78af2f954145f8f50489938,7ddf8484f0c44ecbc78a7900d2bd16ec,66435,rio de janeiro,RJ
9099b0323b60c1da6c8328f384a9e047,ed2eebea69b7d533bca83a8278997035,62348,sao paulo,SP
40a6c855558407789a0074910f97f401,ed2eebea69b7d533bca83a8278997035,62348,sao paulo,SP
8f50f39904c32c00e7706bb6ad0c0331,ed2eebea69b7d533bca83a8278997035,62348,sao paulo,SP
680556ed2e696c3f673bbc2e84ce5aff,6c202d89b7a69c32552d4865d7567d35,04478,recife,PE
912855ef46dcb4fdd336f98bcf252200,19b38619d1fb55b1eb25d7e7e0736c70,76674,florianopolis,SC
864e9304663e37585ada641fa20b467e,42ceef41b2cfba8b290c42f8d30bef65,50735,salvador,BA
f471016dba6d47aeeacc91a8d06d9b2d,6bbe2bd65a1341e710fd7164819f2393,85012,belo horizonte,MG
4806069b6a174ccebb3a41990d94a569,6bbe2bd65a1341e710fd7164819f2393,85012,belo horizonte,MG
df68938c137d00260d42be4bacc4060a,8c37e264d03cd20abaaeebf89a244525,14396,florianopolis,SC
cb8af6047461fd48b62bc40df80587ae,b1f94a097408f64653a71719bcdf8302,43487,porto alegre,RS
59498712b8d63b58c8420fd1f261141a,a43101e40d565923c310d2a2070077c1,53581,rio de janeiro,RJ
e1697c3e03dd19b13e3114aa7f1b47ba,7182fcf2a151ed022f098f4da43f683a,80840,sao paulo,SP
cf6d8639fbf4e9d0d594c391383a56cc,00c9937022d6f0a2a41f0d38ca803df8,85939,recife,PE
9a3e1b2f8f94293512393ad9da9bc113,4e385d03a0d80651333822d16691c664,77622,porto alegre,RS
0daf3372540580cad291a86873b6311f,1c5f3cba150d28eb93683dd65050127e,71644,recife,PE
d31f23ae4161e95dcb5f85f5a10e0c72,b6ac204884308e0c3fe604f428670d3b,29221,sao paulo,SP
10f7d2997bc1262e464b512c6b9882ae,a630b287d4a39a51c481ea69f83bf029,67237,florianopolis,SC
cd8779f0063207cf60b6c27e8cc24e9e,981170c1d8d2660e214dc588c35ea18a,40117,curitiba,PR
29336f587589a7570f59bc850a132b2c,f07db671caea9ae5690a7b80af8d888d,26203,rio de janeiro,RJ
c01762ce96cd5029a21b65ed51f8a0df,df9e14257a7628e67394d79651c4243b,50615,florianopolis,SC
06aa97612c91a3448b68ea08d15d1e5e,2c691f0442bbeaae222db2cfbc343d5d,61217,sao paulo,SP
f5348c17cd2f9a127985f1de16f8a267,53dc4faed3a71b8397d02f8faffdd43b,46082,salvador,BA
71fa140d222f92f81994988e17bed924,159b2b6b32dba0284823debeccade92e,49520,recife,PE
3101966255ef572391bbca038c9c0a38,64bc08cf2e904b5c5e1b015f6a1c701b,39427,salvador,BA
e1c09ac5045809b8b978ad32ad257df2,d5ad86bcf1db9ad860980b94e05b1892,61142,sao paulo,SP
824457c8c391c885bc3030ab8c2bb2b0,054edd713977fd2f92051da0e2643336,79504,sao paulo,SP
633c676776b949e66ca5c389b42e5579,8efbd22aec51174405e15e2ff2b74922,92506,curitiba,PR
23cd95e260ac2b3727847750ca24acc4,3a8c8ed5a06aa68a9cac3d21a5a8c8af,48819,salvador,BA
698778921d6519e3c335e611f0a91ba0,76617a3bf9606ca316c72b1ae826fac7,33953,florianopolis,SC
39d0f8321d72b0e54c51669b84852c6c,da119684b385d9de430438b532c192f1,31021,curitiba,PR
1944d32d43158ea8ceb281961b4c4255,9e35836f66aa394c0cbe938d2b339734,05207,salvador,BA
568dad3bfedf7fef807ca2dfa5ad3da5,263553ba4299b35199b3568d6dcc9c60,19301,rio de janeiro,RJ
76eef2033ebf35b090a6cb25b1cd0c78,2b8d2c495e3003e1f541a44e16ccb813,28460,curitiba,PR
74c0a6ad31f3329bed8082fe5509bbe9,039d08d01e0aaf129136d4adf27e8ce7,15592,porto alegre,RS
59308bc811b02c3144e4a78f5dc463ee,c5fae0476f669013869d4cb7b7f5155a,35973,florianopolis,SC
16a46fad9be7e0a959e4cc6152e4df22,d3c724e8742632d7eda413c6eb8466e4,15662,recife,PE
b8361150459986e81617476968cd324e,3977c7b41e56d3467e808d05ac71b531,96647,sao paulo,SP
5651e4be47916bf38369244e29679660,f2307c2230c7809b340155bdb6ac1c8e,73512,rio de janeiro,RJ
74f2e4255b01939f05c2d34da9790968,4425dea7c83924d7d03bcbfcdca7e284,33098,sao paulo,SP
9ee4bec14b1c147a2fee7c22b426e902,61cf91fb7e81cdfabf16e3e949b7e037,61217,florianopolis,SC
0dea8fc2f5015e55e5dd259df3e09712,34e420bfdb38f3066e6a3d5b2154be4a,31512,recife,PE
c6f3b2dcfbed24e536fd096f3fcb126b,d2f77d5dfec5ea47372f5f47999f0691,21033,recife,PE
42dd966b5a33a6e757e95b832cfe189a,307a1acbad5c3c49ba098a2748708a92,50615,sao paulo,SP
a51aaa0788e9c4b032a4903e1ee15856,cadee3ec689509082e2cb8506b17bd75,05165,rio de janeiro,RJ
392d920f421f89e2fea9446a196fc2ec,f9e389054a4a15ea075dacd4255c82c7,84810,salvador,BA
a26d3ed16a0ceacd9e49abadca171da4,737335549e204ac73c48c93643054a31,78397,curitiba,PR
840ec47b6a6f48bb2baa7981a3f02d59,953922c05ea0942c3f91c419e846a9df,47566,salvador,BA
b30f51e7cf9b1d842ddc120ffe6ac6f2,15f2f85a754a3e48a5b13afdaf2c20ac,98647,rio de janeiro,RJ
2e7405fe0086fdcb6a453893ae025b97,df16eb702219b7f77808a00402a458e1,30871,porto alegre,RS
ec48fa38619ea0fdab26110232af8c05,65c62548b169fdedf972397752c03f9b,74563,recife,PE
87e44455a7f1223a5d960de8442efdbb,622cc212b69d2f483653e588afd58fe7,72426,porto alegre,RS
8f7ff3c89470f70463b973a3ca4b0a99,98e1d54cbc7151836c5ccba7b55d2fc1,41306,recife,PE
a242e4949ca8764fc3ec99dd98628425,8e978ce118643b6a12b3c5eb41980029,84886,salvador,BA
c303a192141ace26977bf54f570274b0,ee5a400755367ab60d5740850f0a6450,27062,porto alegre,RS
0e440a05b3d45809c624b61821aa0c0d,5ab383c9e88188c3788f06ed3c1e919b,33098,belo horizonte,MG
492f37566037c111ccc2afef7cfa2d24,abb8fe95f077671b9b3b5b4cff2a50c0,38930,curitiba,PR
7d68fb1611a0d06c6be0a95329f32051,b5a61d619925bc9bcd602879f79b1079,35993,florianopolis,SC
3264a8ec152cc757c94f6ba1b881230d,015f566c0ba6aa86cf5285f7bf8cc6f9,21379,porto alegre,RS
28013002e8ac336f6a3c561f47900f0e,618521ab9ea1e6178129aa0c40efa857,90192,porto alegre,RS
587700c0920495bd5c8544367b72a711,abd7d3f1650ad9aafa3f012e4d711f28,97530,curitiba,PR
a57557edf4427dd75de235cdbd6d2160,e468eb64f7d2a2ee21da5db15ef361c2,27062,curitiba,PR
687cfb4ea8e2ff586c3dfae92490d08c,2deb5687949aca460a872ac28f3f5995,43504,belo horizonte,MG
b20b8a2d0f042c41de547afa4c6213e1,7e2ac03a80f58b812b7c5ee342a27950,90733,rio de janeiro,RJ
7022906e481f261271b8211896226bc5,77d468eae0bdd76556d44952ee29e80e,71010,belo horizonte,MG
7b7c5da0825f55e5bd27f3a71ccadd5e,b5d34f2f513bb65c16f32b9321c57a88,70352,curitiba,PR
5ed7046b59179231ccfba4a2077b102d,42a9f7e5244cb9a86ed47a6d87c9daac,89696,curitiba,PR
8a35c6803af72cc3c747a6f257bf3565,fa8010620b4e360a50326fe61de95c72,85259,sao paulo,SP
130aae92e58d67fe7fcfafd63337ac96,f92edfa1df2664247fcc445620bc2fa0,71284,rio de janeiro,RJ
c83a4d513cd03541933941a79cf42ac1,f92edfa1df2664247fcc445620bc2fa0,71284,rio de janeiro,RJ
dd12692397561070b5c1225355decd9a,f92edfa1df2664247fcc445620bc2fa0,71284,rio de janeiro,RJ
04ec43643063fd9245662281d1b6a810,5c4fc55ebf715a2847efa886d5b5b7b0,27071,belo horizonte,MG
b5e1d78bd4210350157a405262a5f10a,e71d6ba3486dce576e1a1e1bed1ddefa,78397,belo horizonte,MG
05488f6369781b66c1e59c433762efbd,d45ff4db9ce915444362262de07ee721,50797,recife,PE
4b84bfa9ed99b5f06e5b45cfe421bd67,8458526b4385a3e3ed3d5159c2f5da5f,66612,sao paulo,SP
9040fb2a4771ffb771443eb0732dded9,2a3c6137e48623dd6f8ef978502171bd,98196,porto alegre,RS
f263536c32a50abae83dc3c80928c6d3,7dc42f12fe9bd0e1bca3765350c76baa,12395,porto alegre,RS
0e8546462bb841c31aca94c584a38a26,8e40b29426b94955f33685dac3803b4a,79104,belo horizonte,MG
47dbb9910c482a029966b607e552dbb5,a2fba345a84ca488ec4014c6da6069f3,91198,curitiba,PR
e7205ea12461a17f95b089de54c26dd3,305d0ef70d9ff83d70a32883cc582872,60429,florianopolis,SC
a55d3226a4e415d2c5693b6c60b3bd84,2ee259893ad824060df81d2b260c037e,84748,porto alegre,RS
513d80d914137136a892520bf3547094,29debccc429e09bd7862246c092e44b7,35671,curitiba,PR
eaa31841a37c75b6b3d3842b402395b4,1db3c0756fb9de377796048fb4b9fb73,90192,porto alegre,RS
05ac3f00338f29beef810b45a9ad08e9,7eb27900ed5d6510e52a33e6fec58a89,07175,porto alegre,RS
356fad318209284616432294c0ea1d0c,fd2336f45b44e6ed71076f2e0a715350,35973,curitiba,PR
e86549d9cba11d307bf20b0c51954a19,752fbd7e7c3609088f942977b582ef0c,97530,salvador,BA
8bb17e564d3e6f136aa4b0c93df8c314,b8427379d888dcb61ccc33c17e347f69,03552,belo horizonte,MG
cea29164a03918313fd915e385317824,597faaf01fa7cddf25e6d919ddebcd5c,45587,florianopolis,SC
3bff55fd038d60da422a4b87d32f545b,48bbdb12de4097c33427e46617f4b85d,43487,curitiba,PR
6295458277efd2c9a7b1e576ba829862,bffbd93b2b15619ed5bf85f32e3f674c,03552,sao paulo,SP
c4f6fdd6fed6443ae5a1ba579d83b073,9030fb0c45d5aacbd294100f823ca34a,13156,curitiba,PR
68195362e3a58bb1576480a715c79f62,365f982b95eef45ca9c3640de411a9d7,42245,porto alegre,RS
1ecb3144b7e435e9c657f7e2ddfc74dd,010e622bf8bc920cff7d39f795635c97,55987,florianopolis,SC
a34b21df178d75e6717078c5d7940fda,2e39c29a921f266fc450205286a8f21a,89696,recife,PE
fdeb5ca58494b4b1508f7332e034e7e3,3f042c7b13ab7d2ceba0330c6a9a6f4b,79504,rio de janeiro,RJ
324a12148db494503e68ef71500e0609,3f042c7b13ab7d2ceba0330c6a9a6f4b,79504,rio de janeiro,RJ
72f1e739c1aeebcada3838bbc351999e,3f042c7b13ab7d2ceba0330c6a9a6f4b,79504,rio de janeiro,RJ
da0a5495a1f90be86b5af5f83c3ad6d1,18246315ad49e0727f843004c4ac41b5,11328,florianopolis,SC
c2ded34aa46d87b83664fe70f4fe8005,48c6a7ed06a574ec5422ea97e32a8787,14396,curitiba,PR
1420cdc96d01fcfffbf87ff07d754e26,1f3acc68ae3e6268fb38bc6cae6a7c48,84810,salvador,BA
e1e26538bc41058c1a3405432f8e4bd9,eddcac0a97206c665fa1846864e84ffc,84227,recife,PE
34385a2fa26d35668ac2b0e94d79189d,52d36897d64423651b2765f6f38324f7,59878,sao paulo,SP
324a60385f2214e11dd57b5ef227dc9c,52d36897d64423651b2765f6f38324f7,59878,sao paulo,SP
549922aeb373ca69e22b37258d2670fd,52d36897d64423651b2765f6f38324f7,59878,sao paulo,SP
7f639e27667f1ff6c4e84692d0777d4f,52d36897d64423651b2765f6f38324f7,59878,sao paulo,SP
36dfe1820611ab167a6f1dae31151c58,75d1d77614c08f6d076451d3275dd459,98912,porto alegre,RS
b5a0cbaed8311287b5dde1153e2523ec,7ad7c891a8d791b6b52c4358d4a8b45a,78397,rio de janeiro,RJ
efd003d019e38b6544d89a4545856270,44f20d97f4881671a0dbfca2743cfb6b,47566,salvador,BA
b3e3cb18eab7e3b71689ebcf8429edf3,54555290017c75c5a87319fe981dc530,36382,florianopolis,SC
a996ffb1438af48f7c9628c0bffdd524,9f534d9aa7faf0090b398e89f842e163,45118,belo horizonte,MG
9293d9a8de85c4c3e7b96a2575e7e108,f28a030b532da8fe73fe7e1df36deb13,33087,rio de janeiro,RJ
137958599e02054127a893dfe4207f84,e8292e3bbbfc5dc1fff446b9bb468c13,83240,sao paulo,SP
4d67f4286c9e7811481ceb5610df94a8,211b20eb91b45e06cc0a628bf5185923,98196,rio de janeiro,RJ
6fa001cc97766542abfec3a06720dc28,cd32e7120c767092dcffd7b6361c2373,50009,recife,PE
e2655d9624df613b10e8a2cb185bc5f5,cc535c3e52bb530d486fac8fa4c5dae5,90353,belo horizonte,MG
4eb18194ad9f13254eb1ed2a78bf52ff,cc535c3e52bb530d486fac8fa4c5dae5,90353,belo horizonte,MG
d72cbe87b951a8322d80dafddebd3e79,cc535c3e52bb530d486fac8fa4c5dae5,90353,belo horizonte,MG
4e8d0d4b46b3d9a22b84254a4167b8dd,8c126e0e121af952be69ad390e378b07,35718,curitiba,PR
a468725d3e0ae56ffcd81879b10d80c0,17b16c4361a2d6129a2fc701f3afbb09,33087,belo horizonte,MG
7c24a244123c8895050b96a6fdb302c8,3d75e4232d921dab41526bff661b9738,33087,salvador,BA
4edb5282674f5777a66bd893ec506267,661f7117dd926cbfc5583a17f70d78a0,80840,florianopolis,SC
f35a490b738ffefc694438af9f76f585,354e15ecda33562c054046cc16d50b84,98912,recife,PE
be218d8ce7cd26321a7de4ca127b0cc4,67037089c78cd2c36374ed1429b67b14,91198,curitiba,PR
cbec7adeadc231584546c6c2f306a0c2,f455af73c0a7ad9ca5accd5a48f18eed,53581,salvador,BA
a422363ab0e24d24e2ff8d7dfc06cebd,4c6d8ddd1edfc59e27755e9da770c217,97530,rio de janeiro,RJ
9c058fbdae6752dd8cddcdba4756115b,bc633d6c6eaf0a90cd14eacb7da80631,91198,porto alegre,RS
db7819429c57f9d8f71473f02618cd94,e75b21134f62cc9debf484d0ce6d29bf,21730,florianopolis,SC
fb6efae85353d00fc588fef644bddc5a,5bea530d219c00cb9a7fde23af59aa66,01074,curitiba,PR
c3443ba823bdee65f1b2b5e24a8a149c,5e11a680d5016ada189ac35daa5f89ca,13156,rio de janeiro,RJ
a9b352ceff40abae3c2265fb375eaba3,7208838e7d57ef69332ac35a833d3df1,98196,recife,PE
68bf1290b121e75933a37ae69dac7a69,44bb10e079f7f38c6359d5cee2aa6dc7,21926,recife,PE
f74a57c7df45729a92f8bc43bb205cd6,1718cfde6c4e5a8c99afee6490248225,59878,porto alegre,RS
224402fccc1936423b89aa267d10098b,5e44b774cf9d539c6c2b5781c1a95ee2,23431,curitiba,PR
53328859c8842e3197c78934d54f7520,a174a7856f2190cb2fb504019d267076,67784,florianopolis,SC
0de14b43dc411edf5d6d11f4ed2a42ff,836a58870a5a269817cb67b86d0f74e6,29746,curitiba,PR
58f325c0cc77f138cb002a2192c727b6,ad2b2c8276a990f1f9285706577c9717,30871,curitiba,PR
ab0c127217b789cc8361fd9ef9295554,b6b0d0b9afad328ea5c9cf20396726aa,35973,rio de janeiro,RJ
f689a6197082cd98b25fb91410c09270,86fbbcdb7ecd7062ee403b9f27b2a5c1,42347,porto alegre,RS
41347e30b9d02501e6ff8f1c9784a21a,157f108b86514886a5b09024a12ad119,19131,belo horizonte,MG
f762bebf846d7318ebaf6a88378c5044,1445587e6ff6881f77dd362b4a6b836b,31021,salvador,BA
c50561229f2dd759634b7186affdebf8,4ce6929f7a44bd05cd320878e83ec3a0,03552,curitiba,PR
f978c04073fb281f1ee50b79e08489b5,af2f32a720b6d43cfbf3a106260b13e0,21926,salvador,BA
5276fda5a5759afb5480b898826b7eca,3fa7c199d76f08134ce794d7e724b119,80131,florianopolis,SC
fcfdfedeb298ea0aa5abda7bb66ea1ad,918b8e184ba4af256d7fd4e285e95c6c,15621,belo horizonte,MG
0fa6cfe3cd5795ebc823bfc43c47e0f6,ead44e111397a29f8d0df6f60c37eb80,59878,curitiba,PR
f43766d88cdce91f2481c95be8e756df,82ba0fed1b8dc821836f224b0b8b56f7,86909,florianopolis,SC
7cd7a80a05eacd77486f1d91d9d0033a,76f3ba501830208269bba3c46cc721f0,45587,salvador,BA
58f184c9b552bac90e084b7d927b0a9a,d01548989187c9a0b8663c7ca92dcf4f,60470,recife,PE
234bf2fe8f24b0370d95d9a7cabf65e4,95e7c6e4413e84bd5aff459440dd8895,96647,curitiba,PR
d4fbc99626e047c6d15bfda0b83f0063,042a2f6480e1be4dc4c608eb14eed987,43487,recife,PE
019ae014e8eae7997acad9d7ae0f85eb,767f3c15a95d3271bd9277a41d2ae042,07175,porto alegre,RS
58522ed4a2388e95799204c21200630a,d7c8f02c2ea5312ac942e6e82df721e0,10116,belo horizonte,MG
d1edee4c51e8f02afc8372b2f85e8e43,6a8f7654155287c70b9613466498da39,57155,belo horizonte,MG
01007b0a2425f74c9839eaea7dc5018c,505ec9d64c32a0a2b4522738e07309de,60429,curitiba,PR
821958a02198fc387c9df1a9a3d0c09d,c1e1f813747ac231b95e44e3965349ee,30871,rio de janeiro,RJ
290e99976afb0cf24921c5857d35c657,cece36ae9fb209b1732fc932ab962697,48447,belo horizonte,MG
8b1c1a785a98c975820face4c507a54c,eb096202f77aefe15761b09943dbea42,14396,salvador,BA
2a6ac433df618c5f4f76cefd00b60e38,360893b22febcc33cf5c8dd3df107434,88841,florianopolis,SC
55aa4da02e363ec6286c3f349d52c38c,fb708dd7bf3d5023140642a82f61e334,16014,belo horizonte,MG
9929c7228f702f01ce337defc0f886bd,ac648459df22367d4262a48c9aa33580,78236,salvador,BA
4d4b2d64aad894147f1d37aa16fe18f8,0496179588ccddbc6f0d72291b387c72,15592,sao paulo,SP
4cb854e9b75161260437f07616c97de7,0367ee2c1ddea07d651a6277017f319f,14238,salvador,BA
aba0c8b7e87f04c117b99eb966e46b77,75cd3e5c7a248720a7e292992bf6d915,56333,florianopolis,SC
86126456d9d5e87a05560a8ce2ec459b,a86025bfde68666d67b41520b11a3696,36382,curitiba,PR
b89d30aab1eae126830ce24bddd89ebd,b9d5546c9a154b85be86f5d0f73eeb07,06695,recife,PE
7c3374ae80d3487a7d5b26232501533f,d029733c9e55f98d4d844cb67c99d86e,28653,sao paulo,SP
cd1c6add08cdaaeac2464175cd998628,b0cf3e7f5c58b8ba9de2fd3ff952f1e8,09326,salvador,BA
ce8d80e4b50bae6d550415c62baa4128,acd380efb0b710abf69072cfac7e5cc6,56302,salvador,BA
a80b53ecc6691549d6fb1c447501f85b,166f419a4d7ae829cdfcef75651e89f1,86181,belo horizonte,MG
957db9feb8b28b73e9549d88ab297730,30d867cd038d5f5a2296d3f62005dd7e,79172,curitiba,PR
22772549512bc06a28f91b325175a481,b22f2e9104110e35d0e34b2b1ca64c33,77622,rio de janeiro,RJ
ffd93e32e53cc1257bd498d07c21feb4,06dd5e19dbe83664302f420ef87405ca,77484,porto alegre,RS
9883c6113c17fa07294412af3c782140,2528d32da60c2bed7b2a7f1035901039,61142,sao paulo,SP
905d292081e4f881c3e57f5a58bf1058,d79330f16f8fd55c3de54ee2a655596c,27071,sao paulo,SP
9057b26d48a69aca3005b234320a17c7,89e08b89ca3e3238dbb24c33a0456992,49520,salvador,BA
00f901be3a37d645a5df8d4a4b1b9e7c,c50c71f44d08f416160a3a1330dfc50c,22417,porto alegre,RS
a6c5815f4a770b1647ee7ff2ff138e39,6c0046f07957595f25ee2f0f76a30eb0,83240,belo horizonte,MG
aa55b5b31dfc839b0f20e0f563cd5e1b,e704b1152a85e3b11dd03ecd0595c9a3,33098,belo horizonte,MG
2d25c3f3ed06adf60c2635c6dc69bc4e,71fcf2e6b3dd7820bd20c36a270524cb,71010,rio de janeiro,RJ
9364eb7227041d21fef25358dd200d2a,0506536c78b3842a7c2c0791f6bffaa9,07175,belo horizonte,MG
7b59a1f4b2ad653ae958d27868cac2f4,3e1cfa1495d1638473137fa5dc1b9eb1,95098,florianopolis,SC
d9b8a0644a40c1e3306534c7a59549c0,d456e29d91c631cf4b7a123e338aea2d,67237,florianopolis,SC
c9f8892cf9c968ff9c6ecbd2771e996c,557732970d093c736448a3d5d5767137,22174,curitiba,PR
0ecdb456fbc7555ca5e1cd1f94b6572c,d8fe3fb8a1628abf1a48280302040c81,21032,curitiba,PR
986981d2e2dca438ecbf3f56c71937dc,6a6a642bfabfa7ef6e89a7a8b68d4037,29785,recife,PE
d08cd4b134336fd95dc1aba00e3b0441,9423251ebcb12a007ee667ded93eea4d,15371,recife,PE
b91cb4a0c5ee3f8cc5a31cafbae1a218,ffc031368de6e6b3bb27f6bc9888f0d9,67540,porto alegre,RS
69ed7ba24f3d39907d86d1042b5d5716,665173fa7ccc92580979f5d34a703330,21926,recife,PE
01946e6419a90b0e054b6638d45012c7,b98050a6974e598d836b47c37c711cc8,89696,sao paulo,SP
4817c1901c21515bfb114dc5d6bb889f,e7b2df91adbd2e33ef6e92959c8af485,77622,recife,PE
63f62d0b985643eed083abf6c964bce7,3b5e2d657ce71ccade1d4653d1128bb8,45597,salvador,BA
52021cb0a11d89ec76839ecfa8d2a8a6,04de78f8873f3f030f8a579cb6dbbb2c,33087,belo horizonte,MG
ebd219870b3cd62a0fd0e20d9d6cca22,8da22a3950db8e34938f2b906c087d6c,12915,sao paulo,SP
521b180ef8587d06d4989921fcc810a4,a5f701fee493998a4491be4010423a8e,08331,curitiba,PR
20ca811a4a1eb843a1aee10b88c78c39,1defd401792cad76e39eb7c26ac98528,42347,salvador,BA
633992d3595f33f537e6a5ed3ea46943,a56c0a56f05ff9c39f690cde7eaa7a91,48400,curitiba,PR
020e308ff8875e4b7b58a16374f98896,6facc50db2904e7372c573e958c58875,33953,rio de janeiro,RJ
be0b39b1d1fd6505706d8b05e3115499,b9e8d78149bb1313294d25fc05539a50,71381,salvador,BA
ef2a4e7a329a934bdd0ec47361f53bab,702805af580661f17820242631341ab8,12915,sao paulo,SP
81971c9232e16f36f0c496684802775b,9670cd19383e69a481f46dfd3b6b1c0d,22417,curitiba,PR
8e4c5da3905d27a2e9992f48754fc6a3,ebf6dd3256d2bb12af5a7636e8b8d252,21379,curitiba,PR
6159cf7f8be0685e9eb4c2b9b41636bc,b7174acfd7abed02da7bf28b9a233be3,85012,sao paulo,SP
7d4fa4dbd71c077cb82a1c6f87e4cc5c,e217a6df21939b9377ed78d9a82e6889,84227,belo horizonte,MG
9bcb3032e24e9eadaf20df26f36f9bc7,63ef5e69b61d56f5b91633574b1bdf3b,28869,rio de janeiro,RJ
8ef05e0879c3de2ab423e204b8ebcf0c,f0f24933d544c79b6ab76840f5b5ac71,65686,florianopolis,SC
92654759d2550653491f59536b9d7759,5c39b57dbc0dbd13a70a409dac50c260,21033,curitiba,PR
70b1f02bd62627060fd4450fe5202b36,f88fa199ccbcbf4b78ea47e2cbc4dd42,74000,rio de janeiro,RJ
3e969abd66c087f118dafcff35c06b22,350b9f519f310fff297a8503d83333c3,31021,salvador,BA
6bbd8ecf0c18c636f2d59aba14f5f7d4,1610ac0abfcf214eb0d18df1484f1db9,37048,salvador,BA
e6d42ea401fa978827c7166fafb7cec3,2c5cce54210c78d97b9ea9ebaac4363f,15592,rio de janeiro,RJ
be956bd86bc58c4c74e3bb635caea0f0,7dffe27d9b125dfb2804335a331165e0,77484,rio de janeiro,RJ
e69f777e75fce80ccdc92af0c48b7702,f16c084e6a7df379cb21aa8019d4d39a,29657,porto alegre,RS
780361042b64cd9374acc51f1c1611c5,f16c084e6a7df379cb21aa8019d4d39a,29657,porto alegre,RS
40c12f43b577dd1b4df8153950b7b9b7,3c1689c24dbc217c7e64c44ffe678797,71697,curitiba,PR
eb751ba9900a48b69ea1fc156b0a1a02,ffcf956e0c0b6cd18e8c71d8359d65ae,12395,florianopolis,SC
2831263ec3b1ea736bfb821e5ddf0828,42c45041e18310035bd972c704a434e7,80818,recife,PE
467e2cc9ea226b61eac7fd70abd82c53,2cba1bc6289a5e38ad4b24ec5b673a25,14947,sao paulo,SP
4df7b42ffcf06d6b8311e3c48c924f96,80e3fe4fe4fb2a3bdc05ae03d3f471e7,85259,recife,PE
f89e54ea8ac06a9e6cf7f504db4cf4e2,5675c8f3104c6350ce8b76a2082f2fb9,21730,florianopolis,SC
0d9450f46fef233279f47bdc5fa1c9ff,5675c8f3104c6350ce8b76a2082f2fb9,21730,florianopolis,SC
3a07af70b8a45f4d47ded823fe358dad,5675c8f3104c6350ce8b76a2082f2fb9,21730,florianopolis,SC
2eee56f740642ac0b76571f0678a3ea6,3a085f6a9e189a981d2d17716e3d2494,01425,recife,PE
22c2de437eb9168d1a869fd3d0ce3feb,7c826fbe395e54f08fde042a1ee56930,99419,belo horizonte,MG
c032c50db24086775f3db4a182f2ec06,c8ee46bf571f7cdbfe60afde4200a1aa,36093,belo horizonte,MG
817a44e17144b75d2edb9d1e563ab98a,c524f0470bf2fb51c4f5b03e5af1128c,05207,belo horizonte,MG
2ab7ab012426fc0a94d09368b8c13be7,e57513a5447a4e2c8e990457e0b1d762,24416,belo horizonte,MG
04e10a965ee260c475e2fdf8fa7ca745,dfaa8505b0acb9bada78f4c526b3a03a,78236,belo horizonte,MG
0f94a58711fd0a86f6386ff27b35863f,1aa90d26ab636d669ab2b73583f06e7d,07175,belo horizonte,MG
94b2c8ba85a20bf76607dd73cbe54724,f23e9a06ed37c2ce0ce87570b4d6f3e6,12915,porto alegre,RS
d6751089e8a0a77198211c982d2fbccb,f6700a627506d74ccc8a67967015693c,57985,porto alegre,RS
92fc167cc98dfe6ff31a544a805a459a,f9834d4b1c65f6bdc179c596d772e63e,84227,recife,PE
68aad7e3d2e64713895973259d366639,f9834d4b1c65f6bdc179c596d772e63e,84227,recife,PE
5021b620fd2a1edce0626893cc22c5b6,9c1267d29c4e7b65c81a5f0f1b1bba94,95329,belo horizonte,MG
b29822742431d9962923d53c26458e70,1a140609f287b989dbbf46edc83b6467,21969,recife,PE
a62a5af060994eed8dd8c95bdeef5508,81dec9db0abe82578ffe38c9d2d81eb3,86181,curitiba,PR
f8faed6fbe39a68d4dbfc19a188dfc7f,1e392331a142d68f2ac38bd31afc388c,50797,porto alegre,RS
10aeb021b558531a5e8c951099054f4c,1e392331a142d68f2ac38bd31afc388c,50797,porto alegre,RS
ffca442ee3a057b470d89e7f8b93e3cb,1e392331a142d68f2ac38bd31afc388c,50797,porto alegre,RS
981fd84703f4a0f9f619c85045b81441,5c94563ae9365d1b34943114def14d58,12915,rio de janeiro,RJ
a04b240245afe5b54f091ebeffd03eb3,b54a31ba4ac8927eba751921283348ea,84886,sao paulo,SP
956944273fa78532f7a55627b3156457,7f968d71818270d2c3101e2e7107514f,90192,porto alegre,RS
94b5067ea1e16a4dd03b76071303577e,277fecc6196b58f1ded89c47bb88854e,11328,belo horizonte,MG
936589448e60d31fe84ca0af5c3d122b,d1b4856255a8d6a15d1ddcb7a5a7e280,89696,sao paulo,SP
fb8b57c1a275452ad7c957f4c1f825f0,33af15bed93d87221f7bd82f23450e72,57155,rio de janeiro,RJ
5a29784be3b306a69ee77ae29abfe395,c4eb8e5d6a6e94cff83a1bce70696977,98647,florianopolis,SC
5c5b405ba883c5a11632204e336543d8,d5b654383ecd088801afb939c4df5b8d,35993,sao paulo,SP
85cd92fef26e9e9aaa91593c5753f9e7,4968fdf25760c0947942000acf242413,45118,salvador,BA
4a06ff9bbda360a43e2fba4be5f12547,441999b615d1e2f82bd7d03881492b7a,78397,florianopolis,SC
4e51e8b74de5b54f1e079f5ae8fdc673,6a3e0103c13d8929b717548d5f57fd27,85012,florianopolis,SC
0179ea689e5fa74703fe728a119cce69,3ed5e52eaa3d2111a12301935c532042,07006,rio de janeiro,RJ
d3e92b7561f3555d118eaee6e28938f4,87972916c0e5d883c0d2201b26cffe04,26203,porto alegre,RS
074d7f270d81a36836044a6a3b13ded2,235398a63a6a22d9c986f8936bf5fc98,35438,rio de janeiro,RJ
cb36df00f72002f20d6b843634be719f,eb035cda69d533176dc75587cd40b648,79504,salvador,BA
11a0e905ca8735b5175426a54a7c60bb,f3abd2467570d730e5e79add68c87ed8,45587,porto alegre,RS
508f2bc25dc071ae65ed1a5a5af96580,aea491fccb6b63068422c0cfda36433a,51019,curitiba,PR
82e64302bcb226944988c8514d226829,714cd65e079e8b0bf198f62e5c9d3ead,96647,curitiba,PR
4959ecf9fc2886bfae26a3f63218f17b,b7b651ee028bffb6c528ac362545034c,05165,salvador,BA
6ae2ab28d02991d9dc33c99b18b67fb4,11d012a7f19293c98470f6c8ce6631cb,92988,salvador,BA
c2f550c35a5b1846a38cccd91fe99c14,66d2975250970843569b111f15b4066e,33325,sao paulo,SP
56aafa64573a5f794b1493ac5aa03ab7,6f1f5c6a2a112eabc5ba36affb60be1c,13156,porto alegre,RS
aafa4c6237a2993890f329dd9b50e520,097ef98dc25a6eb364ad19050fbc6377,83240,florianopolis,SC
e9ed743b295c6336629d10d916c1bfde,26a4cbefa437199cec2a322ba9014e33,19131,curitiba,PR
fd5c430c8bb91174a12fef91ebb0e699,fa4cb5590ecc9ff593162f53e70af828,21969,florianopolis,SC
a73d641e0c396bd145c4ef09ae9ff67a,cc8fe6ceb69f627cfae45d7ca1b1087e,98912,rio de janeiro,RJ
bd639e23932c12aeb309560b381e2811,f9005224851031c0e0354d75a90d75ad,37463,salvador,BA
8c867ecea5c3a06d8c4f3e95190fc88c,e2c2aa2466e9a80e6b5797894bb49889,53581,belo horizonte,MG
006fafa87955479e993b17b47fb52217,dfa0bc178db969afb366ffd1ae4d8a19,37463,salvador,BA
11e826403c635eb9e7ff46d5ec889eaa,504e54acbe216c79b8b791b04de81d1e,65042,curitiba,PR
57b5c3b9a3fde9bf6187fc95d22a7420,d3b681500205e16a581ab26ce8c35a79,55987,porto alegre,RS
3d6a481b8cbe73d150b6767974c161d0,9c433e67871d5bfce67410de479fb5f3,26203,florianopolis,SC
7f58ce782449053c32632cc3665e816f,67687c42b34689992598bc54eba2a67c,95098,salvador,BA
7ab62fdc63ce7e7f4e4772d5a8bbbef5,e3386d523483a23ba4d546e172397201,35973,recife,PE
9f82e561487a4b449a58975ddb526436,9e418884c9d0c0fc9fd609228b5f74aa,83240,florianopolis,SC
0b14c119e2905621cbfeba5f55c1c5ea,58625813b28d750671305648a6ebe702,53350,sao paulo,SP
326eb27a25acc7442706f98e76f66637,58625813b28d750671305648a6ebe702,53350,sao paulo,SP
63d8770977c06355fdc3ae998d21a748,58625813b28d750671305648a6ebe702,53350,sao paulo,SP
9d49a11190e71c2ecf3a9f784c7ba6ab,a614f06ac81484cdcfd42949e33ea976,05165,curitiba,PR
df921996d8cee3e53d323031486a4f10,e1878e933281f976c680a2e5678daf97,21969,salvador,BA
f1c70ea71d5a53c3dd368244fb53d7a4,e1878e933281f976c680a2e5678daf97,21969,salvador,BA
c6be8c7dc991427a486a44de694f6251,e1878e933281f976c680a2e5678daf97,21969,salvador,BA
18ed915003c664159799572d829faa29,89953dd10976e09f15936f424d3129b3,51432,florianopolis,SC
e5edcf76ab63f2497fa758374ea2cd73,b8088e14b9a0113763d69dd855a15414,29657,porto alegre,RS
17686d40ee068e53057347ddc2bf3bda,b8088e14b9a0113763d69dd855a15414,29657,porto alegre,RS
dad47cfb44839883bbd4ee9b8e6d84fd,b8088e14b9a0113763d69dd855a15414,29657,porto alegre,RS
153bacff2bcf26e57611a3cbc18b91ec,b8088e14b9a0113763d69dd855a15414,29657,porto alegre,RS
225945c970188e01d15811233e2711c8,853d80902041e7ede13f8740bd740fe0,36382,florianopolis,SC
63c70f6c65216f6250c665eb6daac7cf,36b74e2748af7f108a713a73fdeebaa1,66612,curitiba,PR
fcdadb1dd8c18b8dea68d969b65dd2d5,4fefc63f8d41d66082fce90817c305fc,31495,salvador,BA
e6a986f23810532d3d8d99fcb643768a,a2bc491ec1cdc9a45738b27785764472,78236,rio de janeiro,RJ
eac5c155aea4660f249cfba50e6a1812,e3ebf7c10723e11e05fef7bc28f78d49,60470,sao paulo,SP
9904993b2f6a546d517acfe1752b6e23,4239850b97ae50f08a39068bcbede473,85259,rio de janeiro,RJ
29bcca3d6e11a45b527592590a7b1cad,4dcf2615c62f3461d50cf57e3dc8719c,14434,recife,PE
ef84102c133dbc86edc6be6ec3a6ff1d,8159ace5fca910286c3912efb9fc829f,61217,belo horizonte,MG
fc2abdd4f10fdf16bf52e2b0f9fe3956,d77203300f589a93bb63721d1c45eba3,11458,porto alegre,RS
676a71aa59e17e8cd707bfa1b6f9f210,81eb7abba08262df427f66355f7b8b00,55987,rio de janeiro,RJ
ba2139a95fd6d77ce8557192f1f2d022,c1ade98a0c3838a51fb235c45abec3fa,03552,florianopolis,SC
e41b2e3b27148b08376f3f71d55cc0dc,72e06bb41fef9a77f0fbdb65a6a5790a,42245,belo horizonte,MG
9ab4eeb48fc1f104fa1d352ca64812d8,72e06bb41fef9a77f0fbdb65a6a5790a,42245,belo horizonte,MG
24f6bd15588b10676604e47e1758f357,72e06bb41fef9a77f0fbdb65a6a5790a,42245,belo horizonte,MG
04aa1d2cff66a6b9f80c5164f43a9ab0,72e06bb41fef9a77f0fbdb65a6a5790a,42245,belo horizonte,MG
5167d5c6db88d6ff6799e6f8b8a28fa0,0155aa51bca2c581928b1e4b4c472ded,90733,salvador,BA
9d34845f3ca74505911176bd59957547,3c70dfcafba2a5f156c76990740173c1,94850,recife,PE
28bb63bb2e0e29c3d0f4571ef0d0e302,94e3552bfd2f1be9beea002ace2de105,67784,porto alegre,RS
fff4eb28b4c4d672a99596e2fe872bed,f0029577e4f364d5b6f31d0290cafac3,70352,rio de janeiro,RJ
ea2e0f434269687c24c54dbfa0087696,d830dffe88859ae5aa5f8dfca0b3da83,86181,porto alegre,RS
cbf3f13047b7e393af2f934e87a9013d,4c987a1b59afb1d13bdccce09875e4da,82070,rio de janeiro,RJ
54f82f04ab51b2216340b89fb70f7ebb,d0a90840c8e7f2f6aabb6cac48d75165,97530,salvador,BA
cedba8e8a9fc9c2dee83739f8b7550f7,23d52be0ac249f3092a0c677b700b3c5,96647,belo horizonte,MG
8b1ff3337a28db4c055da82934bc9616,bccd9b8c8508df9160aeb372b6dfb4a6,71010,porto alegre,RS
1dfb558735fce6dd7c88e882d57581d1,84362fc753edc74f1af026df3f64e5ee,92924,salvador,BA
9b1eeafc122977f9a243a73b7daa08b9,c74f054fd2a5d216314b4d3695162359,85259,salvador,BA
a16e6098a9bc4a956799e400d258eb33,258483851915bb1c744da2365c7c0778,56333,sao paulo,SP
b7efd7b4936ba68c3c2b5f929620c246,697c4d7dd4147d036cfa28cfb62e110a,78236,belo horizonte,MG
a12c99d487e5fd7d83d04ee66723d9bb,6cc560710febecad179d9ae314fa7d50,31021,salvador,BA
f8764e26a939b28e16882d81ea36139a,36fc1c4679ebb8bb214bd473e3755867,66612,salvador,BA
bb4e48627d35ec33456ebbb182b55700,ad443c485e8a10da13fc927f7237cf5b,28653,curitiba,PR
6bea0229ffcc83b089fc023d7639d0d3,8f188e729696dc6c671adde586b8afef,52856,recife,PE
b3067523f85b3e8151ed97faf587dc68,df3c5c8a651076d6c7610e8384d99451,91198,florianopolis,SC
8aab1eb9a18a171732b2bc6aaae9763a,a2ef1e217fb325689594eea843816e47,71381,salvador,BA
88b4685609bea7e9a0848a44143a43b0,b063796a70a91477ff1b654d6c65659d,13676,recife,PE
3cc9ab8ccf1375e48fe5167d5c6d7b7b,bb51cd747d52903ff2a45575ee585967,74579,florianopolis,SC
479ec9fcefb0c51861cdd676f59ab1d1,bb51cd747d52903ff2a45575ee585967,74579,florianopolis,SC
fb239c894a4e86663b85b758d7c294e2,bb51cd747d52903ff2a45575ee585967,74579,florianopolis,SC
0b202de948d45aa539d512ce01bb76bb,29b01062d2e555126abb6c41f92862a9,19301,recife,PE
020e0f02ea6be77b4159151d04b7fc18,7c198515208b326a817b2f2124f3df14,55987,curitiba,PR
d41c8363be8dcab98b9b3184a2a0bccd,f7d0eea0211f632b752caa97b60df6a3,21969,rio de janeiro,RJ
948ca6559df1cd8faefa5a43695366f1,8775cabfdcff5f1e83601fb5b45bbad3,13280,belo horizonte,MG
cad3b10aaa561c9bb11e201b36c4d5b0,7497375c366fbdddb1c8d50a1e390f21,86909,recife,PE
00c5f59c67135975d711ca4a42f2d642,2826a561bf1a61d70858f527792dd499,75341,porto alegre,RS
0e1ef30d37ce55bfc1b070069e55d1f3,ebf45b9d5e8c8bbf8f1c5f8cf1ae8af9,85939,salvador,BA
7cecf07165a1cf97be189c438a8e4dae,da317fd79a0278a61e6773d7f3aa972b,42245,sao paulo,SP
24867c1c3f20a850b69dcf81e3f1c6a1,5e9d2f8a1ef11a271c3efda4689b4fb2,15371,recife,PE
8e252bfffe0c97471ac9571f3e06ff5d,85d4bf0f0a4fee3b4a229ba5925f2cc6,33098,belo horizonte,MG
4d3bd723c14ac20ffcd79687cb37577b,4e0f89b95f187c021e245a97273ef6f4,90593,salvador,BA
a6ba8cae6490bd17ce9be26b0509c467,4b425bba4da273ed5fdc9844fdb37e45,73357,florianopolis,SC
60ed11b1e3214dc6f290a3070a0e09ed,249316b4ca8c536607298d477c659dc9,10358,rio de janeiro,RJ
f12e7ddfbc09f636ad17953e91095db7,6bf843df96f19d54c8a6a0052463463c,74563,florianopolis,SC
832870c21cd840bc883186f5c21652fd,4e1f39bee4edc295efd37a6d0c746518,30256,florianopolis,SC
1512cd4934cd593c5c8327fc35a609b3,2ede2487373058be48924bd6e39940dd,28460,rio de janeiro,RJ
da7033916e6ca05985ef706c36414b0a,2ede2487373058be48924bd6e39940dd,28460,rio de janeiro,RJ
d0380a25f0ff772b7c3223f7c7218179,2ede2487373058be48924bd6e39940dd,28460,rio de janeiro,RJ
a9aa7d1644c44611d5f8e3904c851e7a,2ede2487373058be48924bd6e39940dd,28460,rio de janeiro,RJ
2fec507f2c5ca8b8f0593ff06dc5d919,0088b13a7d2194cbbd5a6112d1b22e3c,40117,sao paulo,SP
da8bc4b4809205b7a430b35d79539493,114be8ca59410ea38c2b678e1f50e1aa,35438,belo horizonte,MG
cc476eaaecab85b98fb9f8b39901e22d,7b2e60e16ae634800b704f97ded44617,98196,belo horizonte,MG
4b2f05ee25fef38153e842458ac6a79f,73cecf7c90d5e87e4f489f4592b4002c,86181,salvador,BA
67df989f3c15f4de0ffc5fbee5e75cba,60971a15c80682d3567b9583e6793a4b,28653,rio de janeiro,RJ
fea8c9b8f0861ee8fa5420204feefead,d56c478fb8541d6ad59f2b6979a8832f,42347,recife,PE
33b5f5132df65903785f7ff0eef615b4,2376324fc30f3c6921ffcf729b0fcaa7,90166,belo horizonte,MG
62ebc50ab5c0444bb9a7394925dfd41f,c2fd617775ffe99aa2ef0f5381383447,33953,curitiba,PR
43f85d47c5e75efd58eac344626a911c,2623b91a72f68fe1aacefa98732e9280,30871,curitiba,PR
864670c50ca5ed5b45d5e4b29df4e97c,16dd58af53415fe2ba554e35ddc8d27b,48447,porto alegre,RS
f245a3b6a7cd962606eeae17911f331e,9fa38f4baa1cd2d89ff0f466ccc07446,84810,salvador,BA
6f436cddbb166799d79cd510de226bf8,e6766b0a3b9a3daf6321d75368dd66fd,48052,rio de janeiro,RJ
20ea97b16c7f8dddbd13bc1076d828f7,0bbad72a8a7e9cce56c890a56538bf11,33098,recife,PE
50c8fb05694a88d1e1b6dbea719a7f7d,716ec0b6e3d9de7faba23511f544b28c,15621,belo horizonte,MG
7c6ed92466fe4340be37947263ef9313,16a9e518a55ac92f47020de0bc64c7e9,60470,sao paulo,SP
a115b6fbff54c509760b75a215b9cf2f,06598f83b50b9ff82a65bae3ddaf2233,84227,belo horizonte,MG
74029438c7e5b1f8045eec6c4f120916,c5874243cbd10fdca14ed649926e402e,80818,florianopolis,SC
ded7f325b422cdb5d20bed9d266dbf5f,a5292f568fa09a4c4f10aae3b518174f,31512,belo horizonte,MG
30c059e08bd009088b73d4521a956e55,15cc861a8f31bf2ea4d78f641fb026cc,01074,salvador,BA
fac150eaa1cebac41f44a5e844b53700,8ab5a7999e63638cf485e9443142e0c7,84320,salvador,BA
a07b5693739ff4379ec5d0cc9f608712,f51124380d892cedc1f3114393acceb8,50009,salvador,BA
432d4d55c4174a2dae57f61cf4ac198b,c0249b51307c3f638591a81891fb8925,29657,sao paulo,SP
4eb879132e6f31e936e74f20ca0b6af7,04c72b2ae598e5c280acefb579d05e2b,50797,sao paulo,SP
add5949d43eef08d82606053ba2133c5,8827f0b5efa99c7ea8835c661ecae0c0,05165,rio de janeiro,RJ
23f414ee76a5e3f55e33f53ba11b311b,4663f1a104db73f3f65e52fd2e03a9cc,67542,curitiba,PR
55c6663ae5755c1025b50437eba80422,4663f1a104db73f3f65e52fd2e03a9cc,67542,curitiba,PR
f3ac97e0950abd73a3fc1a36c87d746b,d46699843ecb1bd634afa2e1c968e8ee,21033,rio de janeiro,RJ
556b50d28091eecaf81c7f9975ea4c0b,d46699843ecb1bd634afa2e1c968e8ee,21033,rio de janeiro,RJ
3661c1d5bfe544d0628a9708427492b7,945d91a5e33d6982d6c34b19b4a35c95,06695,sao paulo,SP
b7ace1b32a3841100a2210c6b6561efb,889654b2ce92605915ab7cd271b905c8,21033,belo horizonte,MG
599c19c1990245b6d4425752aa6d5bb8,96c1b18366dc39895207c6cc9b5ad674,50823,florianopolis,SC
cd53feb6e8e4327842a762c6ba257c76,ef10b6ccdcaa59947dd12d570b840c50,50797,rio de janeiro,RJ
9478e9aef3ae77adf5fa75fb33057c2b,2e35c5c86fe05fa25707649405f4949b,56392,curitiba,PR
e98660547f214692297011cda352e8c6,872491cadc11eb13062898786a394607,73357,recife,PE
48575b3f85d08c5272763701c1d281ce,174d6b8741d6676a61cb78c3513ff9a9,10116,belo horizonte,MG
ac9edd8f482e0228860401138dff2774,8ab20bf4196dedc0fad343521d59598c,79172,sao paulo,SP
71d1b4a0c7533a533df476ee560c5bd8,2ec3641124df6dcc490ccf972b0c456b,42245,curitiba,PR
bb6ad59d45db82fc3f7e3e2da35a7f2f,277b71ea16f1e5cbc4af9dc9416c0562,19301,belo horizonte,MG
18b28c2a6faa526b9193f527799e7ebd,adb94a81684344a1f3c1114d4e8a10cb,67542,rio de janeiro,RJ
464665a3547f8d2d29e0a50549c113d0,f60c2dd39d4e42f20f14f86c2b501ad7,21032,porto alegre,RS
c1417f0e4d7569a6f957623cd3e8d1cb,b69adeac06f4b0ee2e7405695346405c,30256,florianopolis,SC
e1b5346fadb389fee018be6baf454efe,19474d1a63d316c14c4b52aa0ef9f903,84748,curitiba,PR
7b522776a34b0f886bd6ba4802313061,e49c5edd69aec17b24784b7d51ee3cc8,90353,belo horizonte,MG
64563a20e1846d88c4f06072e60b8a60,f10b394d6021a15b4207fb5152ffeff5,93349,belo horizonte,MG
6667c883824f9885c41e2980180395bf,0d47e26d1ef7a52ee645bb00d3e6dc21,31495,sao paulo,SP
83de436340c8edb17ddab0ba37e7a359,98d54b7ec08bd6313d57ee2733daefc1,73512,recife,PE
363d3b7f8064eb2838ee1568feee07e6,823500f97e33e68f3c8aae879606006a,73357,porto alegre,RS
9d1b779dcc2d9252930dd644e1198ce9,f309106e62928cdc8121c051c09ca132,45597,curitiba,PR
ca49fe499b0198ceca1d429d9ad79207,517e7f4a0f8593c344f007171d75f901,60429,curitiba,PR
322b48edcf171269fe1a2f1d04ac2d09,10c1de9c683629ce8d9957fa76feacd6,55987,salvador,BA
955395eda46389de2d6b09bab1b7324f,a22fc331685183410766699f7bf2aa06,21033,recife,PE
0a003f9d7acc0b9c6496f68e8b9a85bc,04c47757e2db1ce3e9ea8b103bd66a06,36382,rio de janeiro,RJ
04395b6b3968a485dab1d1512ce80248,960f69fcf6a646ee8dd7e05244e7a702,37463,salvador,BA
77562b2470d5018277125b3321c11202,c3528ba43f0e924b19fc8579acd32f62,79504,salvador,BA
668a73e8fa244128c1b3227e4a505020,20257194c903cc1da6cc0a578e014eb3,19301,rio de janeiro,RJ
963ad4e51219455740095930a3adad40,722be4aa6820802591788bdd4dfb1b6e,37421,florianopolis,SC
ad41935dd102af13701f3bb6cc0c4032,801c5617a2c3b917d8a5aa52157b0495,33325,belo horizonte,MG
c57cea70dc0b9d0a848ddf0f7e0a0d48,24722a76f7c90c89c86aed733415c076,67540,porto alegre,RS
410f685a80030607e9ae8b90e2238e52,2b0e63fdfc3d31388a5a42725f90ee57,35718,belo horizonte,MG
fdf109c3e02437a2374f0c2c9c01ae7b,f3de6bc2899bef4b3ec2e72ac832b3f0,71697,curitiba,PR
432adfc991ea247be817381c1757f919,8e1e7525e957967af61b2bfd6c7b0a77,10358,porto alegre,RS
2810ced7a97eaf2a1e1e48d7cfcf992a,d0096b2a00419afc0ab2e2ca73a55d2e,14396,salvador,BA
ec0c05d79f1bf57b7b9adb55c138d80c,9ee827fad451b59ff60b988176f36fc7,74000,florianopolis,SC
fb1bf23c1229364d4cfe1c528f76aa72,2ad98682f8da5a79a72edd5f4a0c408d,57985,salvador,BA
434abe0dd8babb2ecb42bff3f215bf1e,ebfbc97aeefa4d760f67a174002394e2,97530,recife,PE
972774987905ccc5e34119e531cbfd14,403a423a990ddc7345f72e6c7b708f15,23431,salvador,BA
0a2707466596600a05fa2319764f56c8,ffce50b36151bd93ae1455f4d6e8aad3,86909,curitiba,PR
c1a447e5e343589566a4d9da63c6258f,36770e04a1d8507bd7aa0f8359f6864d,67237,salvador,BA
b9c68fd7339f29de854d863083e6c80f,4804044c82a4e22ed737145095ccfda2,35993,salvador,BA
0a0c4ea60007e2331519c716eeca9950,88ba135ebd3b17eb295294200ba4e32b,33098,sao paulo,SP
e06ce2d2d01fc1db22139dc327750e9b,16f791ac4cf6a29711e7465690261d4c,21379,salvador,BA
e814ad2feafa5512c1271bf47601e58e,d49b862d1f7b6b19b2cc43726532b3ae,85259,sao paulo,SP
1b4008714c54d7ac1ac6439759331d07,ffb2bfe18e7569bcb99e6f7b23c01eb1,71381,sao paulo,SP
59178b7596f72674b702f5539792cb50,35fa46fe6e951719e0d6e969478a943a,21730,rio de janeiro,RJ
a1af5571006bc64f79f0bd12aa8d9e25,cd539417f5194ab9813be64b9c4624d3,71381,porto alegre,RS
f6a2d9ad58e1872304871f9216a87e5b,f2064a1cae9e2bbfe2495790517c5dec,07006,curitiba,PR
76f2fbe14dddcc4f0dec0e1c2384e812,fac9b5b642e88605a29a7e5f57b6f1aa,67237,recife,PE
bf1d767ae6c30d203c527a807499154a,45e4307a73e5550db52f5f46c0b08dd0,96647,curitiba,PR
c374fde65d12ca2f092dbd2337c2be05,5256e276fba75385a98afcb03ef527fe,33098,curitiba,PR
c4a66edcd76a08df6f4a2af2b170926d,f5808b5975b568d735eb728f57750d0f,80840,recife,PE
2e7f23b749a9c27ab06589db136209c4,e9fd197204105bd15415c6369979ba46,94850,curitiba,PR
f44d058ab79204ebc623d9d0df8f2b69,ec191606a57d4eb4223bd9beb11cc20e,66435,florianopolis,SC
9fc2810b1d4d344d68e8c27e77ab931a,011871cf79fdcd339bd972ca00862f9e,59878,porto alegre,RS
5b2ae3f01deb97c0a448dd5436bbc952,2c6cdb5aac367cb90273be68e6c51969,31495,belo horizonte,MG
083c16971af95401b4ce684e7f20ac12,b24d2a35e5304b878e484bc069c50d69,84810,belo horizonte,MG
fc5740bed7268fab47a3761ca76f23a2,648df4c0c330ec147d2d93e8b40b7288,48576,rio de janeiro,RJ
9486078193ce40d5ee453188f57e6f5d,e070bdb9c98cd5fb14c62aba89c2fba5,84227,curitiba,PR
ef6e14c7e79690b5554204c2e0afe4e0,e070bdb9c98cd5fb14c62aba89c2fba5,84227,curitiba,PR
55f39eb4206206d67c225ec2dfcd4047,89e4ec2813d88e04a6b96653a62b3d30,12915,sao paulo,SP
fbc3f5b175cf86653aa46a18cfae89a2,d0e915d4d50372a8e47f9c7e07ec2d32,27071,salvador,BA
383ffa631c55c19cdfd47ee57dfd9faf,1f982a0dac184ef971f71addabeed5b2,46082,porto alegre,RS
694f9678ba4240dfa9cef0b45059f099,605a34f5d0126e91f8d78cbc5a5ddcc5,97530,sao paulo,SP
da7c57aa7dd9a0ab309c9c247f50a04c,63021daa5ba3a49c99ef827fd3d4ddd3,48400,belo horizonte,MG
aab7f4be4257ee34fc852065ad6792bb,cfd6b161c49968ddd6d242272d5c1a61,86909,recife,PE
38955f643756a92490b583dcd2502c05,1ff0864c02288f07fbda05aeb2709103,93349,salvador,BA
bb6329e894d9de10626bebe2d7e3fd17,3167d947efadf0695ed7d1a676730495,48819,florianopolis,SC
734d7bc5eab615cd8697dcadd57097e6,be3eb6f738b595b90265a22371cfd772,10116,recife,PE
db0696a1ce575d16953d33511088c3ac,ae38cf4647f86de4c227e0f205106943,10358,curitiba,PR
e8b2afcfc6faf9a0a4be23f090d26d99,ae38cf4647f86de4c227e0f205106943,10358,curitiba,PR
19a7c4b13a5c532edf343a20c650a8d4,3106e8ce5b9a289ab58dfc59ebe0c8c1,45587,recife,PE
f2aff20365fdd0257c3812d8e91bdfdc,a00f80d49d0a94dfd0f7c7b017080bbd,83240,curitiba,PR
5200bc12b5197a150eca885079671286,389d2267b7c25d94cef440984d9d1bb1,92924,porto alegre,RS
3b16c41d553b7db79a74d23086d6dc2f,f7a0be7a7e6a3ea7fae916343bf85406,43487,florianopolis,SC
023063828644833ebc8b6970730d2c44,7e2a9f7347dfa607096b77245ced83b3,48052,florianopolis,SC
8d487c32b4be74d0f9b09bff31ed5e54,7e2a9f7347dfa607096b77245ced83b3,48052,florianopolis,SC
789d55f9a13ab5bb7e8bdab5bd7aff93,7e2a9f7347dfa607096b77245ced83b3,48052,florianopolis,SC
78f5d15fefd8bec8b95e7269ec8b29e9,7e2a9f7347dfa607096b77245ced83b3,48052,florianopolis,SC
0ffdab65f12e608bb82b97c24c96c79e,9b24955cb4fbdaf2b43c7851e78dcf32,70514,porto alegre,RS
25ae006ca648362ea4ed87f135d9731d,fbf8b1fe3232be7201d3a0333586ae6f,56333,salvador,BA
c2110d94991f8cd8444781be237f54da,1c66fdd96565e779a3708c7fd23525df,92988,porto alegre,RS
dd759a71bf58b0b1ab64e5870734bba0,8015575691b0af0747003fcfdeb2d490,14396,porto alegre,RS
b950165820161fcf6ac34342f504c7ca,319aed6a8d41cb4c2ba463087e7786aa,42347,recife,PE
4f5be1f70ac42f1cfc38bfd306b17eec,ac13b24990d22d54bd22f7fca8eb2ba6,49520,belo horizonte,MG
2a57e132293b7b1f396f0d0362f418f7,2cef755790ad07c69a5c68adaeb0b110,15371,recife,PE
8210703ce4d553f70da4b892e5ba6576,bef81d8520d4c1659691f45d10bb794e,48819,rio de janeiro,RJ
45b0bb740e73d29d3b07092cfd526f8b,eefe02c34276bfe1209f4ff210a71298,95466,curitiba,PR
fd46353bd07832bb2d195bf41134bdfe,e1896b253a5bece9db00ab4c91e52e86,28653,porto alegre,RS
5ea56ff6aeeaff143059db618bd06951,463a5bb6c841b6a8ba991da085e89165,38930,florianopolis,SC
eda4ed77dabd364d1c1a9a23c682aa52,463a5bb6c841b6a8ba991da085e89165,38930,florianopolis,SC
d33498ccef7d50f5fbfd24e6d134e1ce,463a5bb6c841b6a8ba991da085e89165,38930,florianopolis,SC
fb1b061d5f39c43d7db3efc5975f4450,463a5bb6c841b6a8ba991da085e89165,38930,florianopolis,SC
9cb429336a83f6679f1e725da4807bf1,05eb074dad900360d900b745311d2ed4,19301,recife,PE
38720ab14a8696464aefc2cf786f3a5f,ad80016db16784b1f845846efdf0861e,83240,belo horizonte,MG
caf35eeb0563c6845ac2bfe0e479f626,ae41115540bf6f6b9d4d0658886edae8,60429,curitiba,PR
d3cc2e59c6947752e89ee608b6d81ab0,00801ed9743480a1e212f7e18f63c2bb,57155,florianopolis,SC
5ab12511811e83f61973f26481fa7644,ac504475a4165dd16d575fd1f019955f,67540,porto alegre,RS
b8e68f5b125a6f73e231066026587240,da968e7d0d46e159a6685e80f16d4fe8,21926,curitiba,PR
a542d085a96af085c063be5024dea1db,d826c4966ebb7a1752b0147bf0528803,95098,curitiba,PR
fbadf5bb30b84777dee4ce9f6def1ab0,1f28e41746273272682904cafebf4c56,56392,salvador,BA
9a6ad6a04a8ffd65aed8012743a2b459,7eddfc1777723a5a84aeffbeae1fd957,49520,recife,PE
531ceababdeb0d101aee17e9cce120ce,0b20802fc24f3f4c846af2e65c896b2a,02504,salvador,BA
062cc5532da4c5d9bcaeaf2e7aa927ef,0c05e009397bfdd7b8a1e477e240e060,04905,curitiba,PR
aa10da7e345d9ab5c13934047d9ac431,884c0a556b893000eb1bb47f47269e7f,71284,rio de janeiro,RJ
096e3ad900829b7cfe157a74ce3a2cd1,6450dd3c01521e6050f53bd872e89652,37434,florianopolis,SC
62bc2502600aca3c9f9e45793b0d33e1,e14e21f714f16d9255af47da31d1d6cb,42347,recife,PE
897b3686b9ddb571b9f0b2e780a5e3ef,fd81fbc0067ec672cec3a6f49262c536,98647,recife,PE
6746c88dd96c59522ee433f6fe290032,b08647e1fa64795839c2c1a2bcc9245c,23431,florianopolis,SC
e0ebbf51e3bccb23ae22a98fae9f43ce,eac032fa130e8618f530c98d6c7f7bef,22319,curitiba,PR
7894329b91aeee4372a98ef0eae90143,544810de2a1b76e3326684ff3ffef652,72426,sao paulo,SP
306f09f7e24f922f1468968d1b1cff87,a0135044a041301d10168d654f90f91a,93349,sao paulo,SP
b62e9682310c7e7eb9ee53cea9e16008,6e9434ab7adf14580722ab3c18c30aa9,19301,belo horizonte,MG
1ac3371fa8283eaf189e559e7eb4b7b4,cc16ab4e97b018b0062667fccedcf5bf,93349,curitiba,PR
0dc7ebe4f3b41b25a431efa073973573,d72b81545594d9c6ef60250ea05501d3,27071,curitiba,PR
e874d57ab2417db32c8fb1976009980f,793c4fbf1b9b71f03f4574d4401ad5cd,97530,florianopolis,SC
40b02f61276242fef49bf8fc928acbe8,d51fde3f573ecc3af574175b3d051bf4,56392,rio de janeiro,RJ
fe3cdf0fe92de38e0e08210aeda55f05,85096c7855660d8ed25697ad0def4fd0,82959,sao paulo,SP
92cf861423627d231f9d2e7d55c1216e,12aa48cff18c55813c9b3b84cb4addc6,01851,recife,PE
fcd3875cfe01d2f90e2b8dfed71c5876,704377c39e9be9e29997496bc6978476,71697,rio de janeiro,RJ
8d0b7ef236618948d9e315e32b262d41,724af3fba016db34187de0c5c39bf6de,16014,rio de janeiro,RJ
00481819d848c84c47ab089fc47662b7,f97a822c15e59a0f1ff49f0a94350cb1,53350,curitiba,PR
632b64c5f416e62633ed4fa634efccfb,609cf7af0889360feaadcb2f0f892df6,33098,belo horizonte,MG
4677ee947c790ae42c3cc2206c24d027,b1804803d9025a2ce3dc8702503314b1,41306,sao paulo,SP
c9e36307f32b6a35a2609aea4db402b1,0fdf60d520a62f9bc85b811b10a5b073,02504,salvador,BA
3d23825d4052b375040dfc96999f7278,0e06a41671219097cd693dabeb4b2c0c,71010,sao paulo,SP
0881c5fdd015e5cbfd2b2cd5f24cf421,6e8d0018a04dac849c595e034d2d3557,79172,sao paulo,SP
d248db3aad861b3872a33062abe1f359,0e484034ad74dd431a115f5910d7a164,21969,florianopolis,SC
2afc787b861a9188aa91302f5bc82112,d994f7ba4b7faa4c0d5d2f648f2b892b,30256,salvador,BA
50aa79026a9f55dfad636f43b163a134,9e07809d188854db66d4b39461a71114,07006,rio de janeiro,RJ
c9c23ec1e936f11b7b4462f9ba5426d7,dd554b7d3bad3a0d693e5fcfc080aba4,67540,porto alegre,RS
495c948fd806d32899adabdb9136ab79,9fbeffb3a8e3ac9bc997f2fa997dcd9a,12915,recife,PE
f133d4c41300d3e075cc160346a195a6,76d6682f6248953e7412c27202b71c51,13280,sao paulo,SP
a9d5154f26a518c9beb182c6e28b8d9c,76d6682f6248953e7412c27202b71c51,13280,sao paulo,SP
6a645874cff5950990dd9b6dccbe559f,76d6682f6248953e7412c27202b71c51,13280,sao paulo,SP
a727902bf563f9c0a3c327bf94458265,76d6682f6248953e7412c27202b71c51,13280,sao paulo,SP
ef5a4025c3f1f88bf465a63f1c427ad8,9ec620e0e143a0ad6d98567ecb8fe981,15621,rio de janeiro,RJ
cff10b3d44ab8ecec6c03a3abf468efb,a6a2c94556f11afb19ed59a59e85e4d4,21926,florianopolis,SC
ebc337604ad8615173d5578d045d4743,06a61b3dc86e0b55acffa99ff0058f9a,74563,curitiba,PR
39f16220d7b2c0ee4da6bd8ad3a9fcc6,967aefbb5404801d84681060743e5fef,80131,florianopolis,SC
64f04f7d171cf636e523e63c9846e30a,032558201a49de981ba651ed314674a6,21379,recife,PE
50e9b5ff7c45de70cdab36c516484392,97c768d6114a9827b69aca1e985d654b,90353,recife,PE
69bd869f9082575e10ac6b96330f2c12,e784cabe3190b8f4d73d52baca1731d0,13156,florianopolis,SC
61c18964c862e3bce0e2d96e141e4387,824723c3a32a4516204054fb92be07c4,60470,curitiba,PR
b896894e58b1c0fdcb5cb78bed461810,7b3cfc106bc71d7f5afaeb32419bf74e,59878,sao paulo,SP
6dd69c92b97495a1d5a8480d47d4187c,2f98ad3371d2e63f9ef01577b980e521,14396,rio de janeiro,RJ
d4ea3a341a0d8bf2af0f0307d0fe16af,0b483935cc09de64233e84ac3e3f3da0,90733,florianopolis,SC
fdaa7b3503f7ee364d4f20fd71a4cf22,95a340d94fc9663f20afaf9e0f7c59ad,01074,belo horizonte,MG
22761bbc31bed890c397bfca0a34168a,a6d62330f5b19be4835c35416f93be2a,09326,recife,PE
4564cf6d0282fd933e3a259bf12437db,956b212f4faa08515b951652c11ea16b,52856,belo horizonte,MG
fd830b1f94bb5011e155382cce19b238,2547a8dcc686e2518a8864c7e29de722,12395,rio de janeiro,RJ
4b6cb2b01e6b2ef096872a23b04b7912,9a73cd2f4f05495e7832b59c25bc99ae,70514,belo horizonte,MG
e381a3da0f3bad0fe7fd636327acb4e6,f863af2d5e6ba4604a832ab557c850b0,28653,porto alegre,RS
